text,label
"Here are Thursday's biggest analyst calls: Apple, Amazon, Tesla, Palantir, DocuSign, Exxon &amp; more  https://t.co/QPN8Gwl7Uh",0
"Buy Las Vegas Sands as travel to Singapore builds, Wells Fargo says  https://t.co/fLS2w57iCz",0
"Piper Sandler downgrades DocuSign to sell, citing elevated risks amid CEO transition  https://t.co/1EmtywmYpr",0
"Analysts react to Tesla's latest earnings, break down what's next for electric car maker  https://t.co/kwhoE6W06u",0
"Netflix and its peers are set for a ‘return to growth,’ analysts say, giving one stock 120% upside  https://t.co/jPpdl0D9s4",0
Barclays believes earnings for these underperforming stocks may surprise Wall Street  https://t.co/PHbsyVGAyE,0
"Bernstein upgrades Alibaba, says shares can rally more than 20% from here  https://t.co/m3ApoPRGU0",0
"Analysts react to Netflix's strong quarter, with some pointing to a potential bottom for the stock  https://t.co/cQngJsyefD",0
"Buy Chevron as shares look attractive at these levels, HSBC says  https://t.co/GkDpFvxjEP",0
Morgan Stanley says these global stocks are set for earnings beats — and gives one over 45% upside  https://t.co/GeWxa5YoWr,0
Investing Club: Analysts dropped a bunch of new notes on energy stocks. Here's where we stand on ours  https://t.co/faKcXzyMGZ,0
"CFRA downgrades Disney, says lack of cash dividend could hurt its streaming platform  https://t.co/KG5V0NDfK4",0
Bank of America is more bullish than JPMorgan. Here's what that means for Wall Street and the economy  https://t.co/zHxjgjmwJv,0
"Here are Tuesday's biggest analyst calls: Meta, Chipotle, Apple, Tesla, Exxon, Netflix, Sunrun &amp; more  https://t.co/xgyzBGpBvc",0
"Citi cuts Microsoft price target, citing foreign exchange headwinds  https://t.co/ZsnMboYnGw",0
"Exchange operator Cboe is a buy as recession chances rise, Morgan Stanley says  https://t.co/Z51h67lv4O",0
"Strong earnings may not be enough to bring Netflix out of its funk, Credit Suisse says  https://t.co/99YkU9j8X2",0
"Tesla's bitcoin holdings could result in a $460 million hit for the carmaker, Barclays says  https://t.co/J50bSXAsf6",0
Morningstar strategist says two FAANG stocks look incredibly cheap right now  https://t.co/DKr5Q5o0ei,0
Analyst call of the day for @CNBCPro subscribers: Citi added a positive catalyst watch to Delta and said it sees “upside risk.”  Subscribe to see the analyst calls of the day curated by CNBC Pro.  https://t.co/eAYz0ec9dO,0
"Apple's near-term future looks murky as consumer spending slows, Bernstein says  https://t.co/21T9LREta4",0
"Buy Tesla in the short term to capture potential upside from earnings, says Deutsche Bank  https://t.co/Q4MqoSVmXJ",0
"Here are Monday's biggest analyst calls of the day: Tesla, Apple, Yum, Delta, Fox, Netflix &amp; more  https://t.co/Pt2oqzwPvB",0
"Deutsche Bank downgrades General Motors, cites looming pricing risks to automakers  https://t.co/40yhalOoOU",0
"Morgan Stanley downgrades Paramount and Fox, warns of possible 'streaming recession'  https://t.co/apofBK4yVZ",0
"Buy Yum Brands to defend against a slowdown in consumer spending, Goldman Sachs says  https://t.co/88zGuVwEXi",0
Analysts reveal the top stocks with 'significant upside potential' heading into earnings  https://t.co/lfaLK3nwAz,0
Argus downgrades Delta citing weak outlook following second-quarter earnings  https://t.co/MuWXm66fAo,0
"Analyst call of the day for @CNBCPro subscribers: Bank of America kept its buy rating on shares of Nvidia, but said any weakness in the stock could impact other semiconductor companies.  Subscribe to see the analyst calls of the day curated by CNBC Pro.  https://t.co/lHRN17009h",0
"Here are Friday's biggest analyst calls of the day: McDonald's, Netflix, Amazon, Nvidia, Visa &amp; more  https://t.co/DyiE4GH2LD",0
"Bernstein calls medtech company Dexcom a clear buy, citing long-term runway for diabetes management  https://t.co/y3RmrIhMwz",0
"UBS slashes Netflix price target ahead of earnings, warns of cautious outlook for streaming giant  https://t.co/x3f9WNCS2o",0
"BMO cuts Microsoft price target, citing pressure on software valuations and potential recession  https://t.co/JUOYvrXXVx",0
Edward Jones says buy Qualcomm as the chipmaker's pullback creates an attractive buying opportunity  https://t.co/rVOfTewDXw,0
Credit Suisse adds financials to its top stock picks for July  https://t.co/CoPMyQ0L7S,0
"Here are Thursday's biggest analyst calls: Tesla, Amazon, Twitter, Qualcomm, Costco, Apple &amp; more  https://t.co/ISMHM2UZRJ",0
"Deutsche Bank upgrades Costco to buy, says club business model will outperform in uncertain economy  https://t.co/rVFXlknshz",0
"Morgan Stanley's Jonas trims price target for Tesla, citing slowing economy  https://t.co/XvfRerTNGr",0
"BMO upgrades Advanced Micro Devices, says chipmaker is gaining market share from rivals  https://t.co/3kGsQnHJ0D",0
"Bank of America slashes S&amp;P 500 target, sees stocks falling another 5% by year-end  https://t.co/CC02X5ZguX",0
"Truist initiates coverage of Tesla with a buy rating and $1,000 price target  https://t.co/ecDt58j4Cz",0
Goldman says this stock is a smart defensive play in the economically sensitive construction group  https://t.co/pBgwsq06Ok,0
Wall Street bets on analysts cutting earnings estimates as the economy shows signs of slowing  https://t.co/RFaVYNxnk7,0
Raymond James says Bath &amp; Body Works is oversold and will jump nearly 70% from here  https://t.co/SpGPi6zVko,0
"Analyst call of the day for @CNBCPro subscribers: Citi reiterates Nvidia as buy. It lowered its price target on Nvidia to $285 per share from $315, but said gaming weakness is priced in.  Subscribe to see the analyst calls of the day curated by CNBC Pro.  https://t.co/Mczemx4nek",0
Company downgrades are picking up steam as profit outlooks dim  https://t.co/89B4wuA8NS,0
"Morgan Stanley names its top stocks in a ""safe haven"" tech sector — giving one upside of 60%  https://t.co/EJWD9uzzzP",0
"Susquehanna downgrades JetBlue, cites struggles with cost structure  https://t.co/eVYtLZGWaf",0
"Here are Tuesday's biggest analyst calls: Tesla, Apple, Gap, JPMorgan chase, Nvidia, Southwest  https://t.co/PDr6BL9S9j",0
Morgan Stanley downgrades American Express on lower spending among high-end consumers  https://t.co/LhzFvUMP2i,0
"Citi upgrades JPMorgan Chase to buy, says stock is at an attractive entry point  https://t.co/8sEdKZNOq2",0
Morgan Stanley names its top stocks in a ‘safe haven’ tech sector — giving one upside of 60%  https://t.co/IDWpetaIFr,0
"UBS cuts S&amp;P 500 price target for 2022, says earnings estimates could go down even more  https://t.co/QUc93a9bkg",0
Evercore ISI says 'gazumped growth growers' could do well in a potentially tough earnings season  https://t.co/I1nrduZ7UB,0
"Evercore ISI cuts S&amp;P 500 target, citing slower growth and lower earnings  https://t.co/DdYg7qX1wd",0
"Shares of Mattel could see more than 30% upside on TV and movie releases, Goldman Sachs says  https://t.co/iRAGaxXr1t",0
"Occidental Petroleum looks overbought after its rally this year, Goldman Sachs says  https://t.co/E1t7DwKUxM",0
Analyst call of the day for @CNBCPro subscribers: Cowen reiterates Apple as outperform and says the stock remains a “defensive name” heading into earnings later this month.  Subscribe to see the analyst calls of the day curated by CNBC Pro.  https://t.co/qUf6a7HXO4,0
"Here are Monday's biggest analyst calls: Apple, Amazon, Meta, Honeywell, CVS, Mattel, Qorvo &amp; more  https://t.co/PAkmEd0o4E",0
"Bank of America upgrades Honeywell to buy, citing potential growth in aerospace and oil and gas  https://t.co/LY8knvUUoJ",0
"It's time to sell Meta until it figures out the metaverse, Needham says in downgrade  https://t.co/KZ6bGZicgk",0
"Bank of America shares are a compelling buy even in a recession, Societe Generale says in upgrade  https://t.co/9hqnRT1ogm",0
Cowen downgrades chip stock Qorvo as demand for smartphone slows  https://t.co/OSnynL1SN3,0
"$COF (104.70, -2.47, -2.3%): Capital One was downgraded to Perform from Outperform at Oppenheimer and downgraded to Equal-Weight from Overweight at Morgan Stanley",0
"$ZG: Zillow finally gets an analyst upgrade, which we found notable, but will other firms follow suit?  https://t.co/WR1thzlRb8",0
"@FibonacciSQNC ""E"" estimates been coming down sharply ex-Oil/Gas as well, feels a lot positioned for nasty outlooks, think could surprise",0
$PYPL Morgan Stanley maintained Paypal coverage with Overweight and $129 PT .... im still long,0
JMP Securities maintained $HOOD coverage with a market Outperform and $28 price target,0
$FRLN just out: Wedbush Outperform rating and $3 PT,0
$EPIX Just out: $25 price target at Zacks Small Cap Research  https://t.co/AhL91TafQl,0
AM Best Removes From Under Review With Negative Implications and Affirms Credit Ratings of R&amp;Q Insurance Holdings Ltd. and Rated Subsidiaries  https://t.co/5CxW4lNxPC  https://t.co/OT5wh3hFpC,0
KBRA Assigns Preliminary Ratings to Progress Residential 2022-SFR6  https://t.co/51Sdyk17wk  https://t.co/eZl28Rf6Ac,0
KBRA Commentary on Fire Near Starz Mortgage Securities 2021-1 DAC Brixton Loan Collateral  https://t.co/G55xhqhEgz  https://t.co/MDpq4rxruQ,0
AM Best Places Credit Ratings of Brightsideco Insurance Limited Under Review With Negative Implications  https://t.co/HtnytwDNYY  https://t.co/24IlfA9zmF,0
Ventas’s Outlook Revised by Fitch Ratings to Stable  https://t.co/i6CVfL0skF  https://t.co/3ps8EgKAeo,0
AM Best Revises Outlooks to Positive for Frank Winston Crum Insurance Company  https://t.co/EmZy6sevSL  https://t.co/NeBRmF4EZS,0
AM Best Comments on Credit Ratings of Covéa Coopérations and PartnerRe Ltd. Following Sale Completion  https://t.co/ZgLYM3one6  https://t.co/pLAIiXalIr,0
AM Best Comments on Credit Ratings of Athora Holding Ltd.’s Subs Following its Announced Acquisition of a Closed Life and Pension Portfolio  https://t.co/ewg89dtPPE  https://t.co/tIrduKQ5oZ,0
AM Best Affirms Credit Ratings of Crum &amp; Forster Insurance Group’s Members and Monitor Life Insurance Company of New York  https://t.co/qam1VLkFfA  https://t.co/7mrO8NXkgv,0
AM Best Assigns Credit Ratings to ONIX Asigurari S.A.  https://t.co/xdZ7EM0piV  https://t.co/bVeXWEySbJ,0
NICE Named a Leader in Journey Orchestration by Top Analyst Firm  https://t.co/w5QJnqrfXg  https://t.co/avXD4NTLbL,0
S&amp;P Affirms Assured Guaranty’s AA Financial Strength Ratings with Stable Outlook  https://t.co/f8ZnN9u0tX,0
AM Best Places Credit Ratings of Western Health Advantage Under Review With Developing Implications  https://t.co/Ga6r7bpkjG  https://t.co/DOaZpuRkYA,0
JPMorgan analysts have put out their monthly list of top-idea stocks  https://t.co/LuVncnTPN8,0
Grizzly Research's bear report on NIO highlights possible accounting issues and corporate governance red flags  https://t.co/75WEh5PQGX,0
JPMorgan analysts have put out their monthly list of top-idea stocks  https://t.co/yw6c0DSCqB,0
Klarna’s valuation slashed to under $7bn in latest funding round  https://t.co/AxssvjoZ4L,0
"Kraft Heinz coverage started at buy at Mizuho, citing 'portfolio with potential'  https://t.co/oEalu6AJ6e",0
"JPMorgan lifted to hold from sell at Berenberg, because 'good banks have bad years'  https://t.co/Ybixekqctt",0
Bank of America slashes S&amp;P 500 target to ‘lowest on the Street’ after recession forecast  https://t.co/7LfsnQnpEx,0
"Twitter has a new bullish backer on Wall Street, as Rosenblatt Securities said the social media’s company’s disclosures have “flipped” the narrative, and now makes Elon Musk look like the bad guy.    https://t.co/8MBXxJaDHB",0
"“[T]witter’s disclosure of very detailed efforts to explain its spam bot calculations to Musk, and Musk’s reluctance to engage, largely ends our skepticism about Twitter, and instead makes us skeptical about Musk,” one analyst wrote.  https://t.co/qO1oI2aOYQ",0
Klarna valuation slashed to $6.7 billion from $45.6 billion in new funding round  https://t.co/TtVB8QkhtR,0
"$LULU $FTCH $JWN - Lululemon, Nike and Nordstrom headline KeyBanc's list of top retail picks  https://t.co/qlqRDXMsdC",0
"$NXPI $ON $NVDA - Citi gets positive on NXP, ON, as firm says semiconductor rally could last into August  https://t.co/CFla3nO61i",0
"$TMUS $T $VZ - Citi still sees solid revenue growth in broadband, wireless despite headwinds  https://t.co/KuHvQnbx8S",0
$MORF - Morphic coverage initiated with Outperform by SVB Securities  https://t.co/jprWFc8k82,0
$RGEN - Repligen attracts initial bull rating at UBS Group on long-term growth prospects  https://t.co/KrUSj8h57O,0
"$WWW $BIRD $PLBY - Stifel downgrades Allbirds, Wolverine, PLBY in downbeat retail review  https://t.co/pb0XVrknY2",0
"$GOOG $GOOGL - Exane hits sidelines on Alphabet amid ad pressures, rival headwinds  https://t.co/uAM3RGaCae",0
$ALLY - Ally Financial downgraded to In Line as delinquency rates rise  https://t.co/oWHXbO69wx,0
$EXLS $G $WNS - Citi downgrades ExlService to sell over premium valuation  https://t.co/TSkwXlEy7b,0
$CMI - Cummins downgraded at Bernstein due to slowing demand  https://t.co/RP78Ynlzfb,0
$CZR - Caesars Entertainment set to Sell-equivalent at Susquehanna amid softening demand  https://t.co/xJCG13NTzV,0
$VBLT - Vascular Biogenics cut to Neutral at HC Wainwright after trial failure sinks stock 79%  https://t.co/vgaNXslpim,0
"$BMBL $MTCH - J.P. Morgan cuts online dating estimates on macro issues, but stays positive  https://t.co/2ReUS3ICQL",0
$HBM $FQVLF $FNV - Hudbay Minerals upgraded at Barclays as value emerges after copper selloff  https://t.co/zcNwKZMMw3,0
$XOM - Exxon upped to Buy at Piper Sandler with refinery results poised to hit records  https://t.co/3sc3QWazDb,0
$TFC - Truist downgraded to Hold at CFRA with limited prospects in fee income growth  https://t.co/AMbKmRlgjo,0
$DPZ - Domino’s Pizza positioned to outperform in market down - Baird  https://t.co/LrcuKC1NU9,0
"$TAK $ARWR - Takeda upgraded to outperform at Cowen on valuation, cash flow  https://t.co/IBn8HJy4Uz",0
$APLS - H.C. Wainwright sees blockbuster potential for Apellis' treatment in eye degeneration  https://t.co/T0PBojOolV,0
$INO - Inovio Pharmaceuticals slotted at Sector Perform by RBC Capital in initial rating look  https://t.co/wjcHmNnug2,0
"$BECN - Beacon Roofing Supply cut at William Blair on peak margins, slowing housing market  https://t.co/BoAJuUsEAg",0
"$KLAC $AMAT $INTC - KLA Corp., Applied Materials, Intel among expected beneficiaries of CHIPS Act, BofA says  https://t.co/17t5NtgnKf",0
"$INTC - Susquehanna cautious on Intel going into Q2, citing 'deteriorating PC demand'  https://t.co/gM2iS1DUCJ",0
$CZR - Caesars Entertainment is singled out at B. Riley for earnings catalyst potential  https://t.co/gFHkRacSQS,0
$DICE $AMGN - DICE Therapeutics initiated at buy at Wainwright on platform for small molecule drugs  https://t.co/1XWE8vmn2O,0
"$GM $TSLA - General Motors downgraded at Deutsche amid pricing pressure, recession risks  https://t.co/sFSx4GkPxe",0
$CMG - Chipotle loses conviction buy list status at Goldman Sachs but is still a top restaurant pick  https://t.co/tDOo4YYzXY,0
$BKNG - Booking Holdings called out at Evercore ISI for near-term upside  https://t.co/WgqhNa0r3r,0
$SHOO $RCKY $WWW - B. Riley expects footwear stocks to stand firm amid market turmoil  https://t.co/6mJAlZuIPL,0
$PEN - Penumbra gains as RBC initiates at Outperform with 59% upside  https://t.co/5NRlEQwDJP,0
$MITT - Keefe Bruyette analyst downgrades AG Mortgage Investment Trust over sector concerns  https://t.co/jxSU3dUoB9,0
$HOLX - Hologic cut to Neutral at BTIG on macro concerns  https://t.co/mwr2oVj8zZ,0
$BL - BlackLine falls after cut sell equivalent at BofA even after M&amp;A speculation  https://t.co/ERGRSXZvBZ,0
"$IP $GPK - Containerboard check: Wells Fargo downgrades International Paper, calls Graphic Packaging its top pick  https://t.co/7NU202Un51",0
$SHOP - Shopify is viewed cautiously by Wells Fargo into earnings print  https://t.co/Nxga2DgMs0,0
"$LLY $NVO $NONOF - Novo, Eli Lilly to dominate &gt;$50B obesity market - Morgan Stanley  https://t.co/kyhSMj6EM5",0
"$DXCM - Bernstein initiates DexCom with an outperform rating, citing long growth runway  https://t.co/aSt8VkluX7",0
"$SAVE $ULCC $JBLU - ISS shifts view, advises against Spirit-Frontier deal sans improved offer  https://t.co/oi3rtfwB1S",0
$MLM $VMC - Martin Marietta raised to Outperform at Wolfe as 30% YTD drop 'excessive'  https://t.co/LjvGFCBXrQ,0
"$SRE $EIX $PCG - Sempra upgraded, Edison downgraded as BofA shuffles California utilities  https://t.co/cchOVoXB8i",0
"$APTV $ADNT $AXL - Morgan Stanley cuts PT on Group 1 Automotive, American Axle, Adient, Aptiv, citing credit headwinds and slow growth  https://t.co/kYSZilbvto",0
$TASK - Wells Fargo cuts price target on TaskUs to $20 from $37  https://t.co/4Wzwiym8FJ,0
"$CF $NTR - CF Industries, Nutrien slapped with Sell-equivalent ratings at Credit Suisse  https://t.co/xhJX1hSZvG",0
"$AGS $LNW $IGT - Casino stock, PlayAGS sees lowered price target at Deutsche amid a mixed bag of upside and downside risks  https://t.co/HOsXQWzKr0",0
"$SQSP $SHOP $WIX - JMP downgrades Squarespace over product disparity with commerce platforms Shopify, Wix  https://t.co/7pUbq1ptpJ",0
"$JELD - Barclays downgrades JELD-WEN to equal-weight from overweight, cuts PT to $17  https://t.co/DsjB1yczoG",0
$SAH - Morgan Stanley cuts Sonic Automotive forecast to reflect slowing growth and credit headwinds  https://t.co/CF7Aiotm67,0
$HMN - Horace Mann Educators price target cut post Q2 results estimates and lower 2022 outlook  https://t.co/WrymM4hjW7,0
$TWLO $RNG $BAND - Morgan Stanley cuts communication software stocks PT on cautious growth outlook  https://t.co/2eorGPK4ey,0
"$APTV $FREY $LEA - Auto suppliers, dealers see estimates cut by Morgan Stanley ahead of earnings season  https://t.co/9r65lL6UQj",0
"$ZETA $WIX $USER - Freshworks, GoDaddy, ServiceNow among SaaS software price target cut at Morgan Stanley on slowing demand  https://t.co/houE4U0Fvj",0
"$PLNT $WEBR $EBR - Harley Davidson, Planet Fitness picked as resilient recession stocks by BofA  https://t.co/GT4q82INux",0
$AOS - Baird downgrades A. O. Smith to neutral  https://t.co/1YEMMqXfIF,0
$C - Analysts relatively optimistic on Citigroup's Q2 earnings despite disappointing results by big banks  https://t.co/a8l4cwYqwL,0
"$FFIV - F5 slips as Credit Suisse downgrades, citing recent spending weakness for networking IT  https://t.co/XPrrbyANX8",0
$ESRT - Empire State Realty Trust upgraded to Market Perform at BMO on tourist rebound  https://t.co/wYEB8EU1DC,0
$INSE - Inspired Entertainment is on watch after B. Riley calls out buying opportunity  https://t.co/DWAqC5InEu,0
$RBA - Ritchie Bros. lands bull rating at BofA with auction cycle looking strong  https://t.co/PSxwIR09ZK,0
$EDU $KLTHF - Hedgeye says go long New Oriental Education and short Koolearn in new pair trade recommendation  https://t.co/kF9YP7P9KB,0
"$FISV $FIS $CDLX - FIS, FISV, and Cardlytics downgraded to Equalweight at Wells Fargo  https://t.co/UrG5oy3Dj2",0
"$AAPL - Apple's advertising business could be worth $20B by 2026, BofA says  https://t.co/fmT0Ts7RWJ",0
"$AMD $INTC - Advanced Micro Devices rises as BMO upgrades, citing 'continued superior execution'  https://t.co/B1R7ZUGLAd",0
$RRR - Red Rock Resorts is named a best idea long at Hedgeye  https://t.co/JStS4BT4cQ,0
$SLCA - U.S. Silica raised at Morgan Stanley on tightening frac sand conditions  https://t.co/Jv9jXVs4Tz,0
"$PWSC - PowerSchool upgraded by Goldman Sachs, PT set to $16  https://t.co/23L6ZlF6D0",0
"$CE - Celanese cut at RBC on peak acetic/VAM prices, higher leverage  https://t.co/doKc2t1n3F",0
$EB - Eventbrite initiated with a sector weight at KeyBanc  https://t.co/FYKYj7SvJt,0
"$APPS $U $IS - Digital Turbine could be 'in play,' Oppenheimer says, following Unity/ironSource deal  https://t.co/g7eKMStZ2y",0
"$BMRN $VRTX - Vertex, BioMarin initiated at overweight at Cantor Fitzgerald on growth prospects  https://t.co/d3QxPnc3J2",0
$VRRM - Baird downgrades Verra Mobility as valuation reflects balanced risk/reward  https://t.co/UJNWsmAUM4,0
$BHF - Barclays revises Brighthouse Financial estimates on negative equity market performance  https://t.co/vtTM06TCd5,0
"$LPRO - JMP cuts PT on Open Lending, reiterates Market Outperform rating  https://t.co/x1Ny0pIZgi",0
$RIVN $AMZN - Rivian Automotive is called an EV winner by Canaccord Genuity  https://t.co/6OFzmv1qTt,0
$BBWI - RayJay sees Bath &amp; Body Works as a 'Strong Buy' after recent selloff  https://t.co/gtVnWSncXH,0
"$AAPL - Citi cuts estimates on Apple, citing 'macro woes,' but offers 5 reasons to buy shares  https://t.co/ZzDnuSutIa",0
$CMI - Cummins is a catalyst call buy at Deutsche Bank  https://t.co/JGfJok9wN6,0
$GBX - Analysts defend Greenbrier despite post-earnings plunge  https://t.co/wBazHL2BWu,0
"$HQY $MDRX - Goldman Sachs initiates HealthEquity with sell rating, Allscripts Healthcare with neutral  https://t.co/A78piQ9672",0
$SST - System1 lands buy rating from Bank of America in first ratings look  https://t.co/tyWly8vWHb,0
$UNTY - Unity Bancorp added to US Small-Cap Russell 2000 Index  https://t.co/SyFOleDx1v,0
$SRRK - Scholar Rock initiated at buy at Truist on platform for rare diseases and oncology  https://t.co/NLpsclyxn8,0
"$HSC - BMO analyst initiates coverage on Harsco with Market Perform rating, price target of $7  https://t.co/T5ZjfAcwUt",0
$RNR - RenaissanceRe cut to Hold at Jefferies as investment losses may curtail buybacks  https://t.co/v0C8hfv95W,0
"$UPS $EXPD $CHRW - UPS downgraded to Sell, Knight-Swift upgraded at Wolfe Research  https://t.co/UPgUd9fwEu",0
$DCP - DCP Midstream upgraded at RBC after recent sharp slide  https://t.co/qs4fH4FH7P,0
$ONEM - 1Life Healthcare downgraded to Hold from Buy at Deutsche Bank  https://t.co/e4WeLB4HHq,0
$VRNS - Varonis Systems' price target cut at Barclays as stock slides to 52-week low  https://t.co/Jb9OSr8aDU,0
$UMC - Citi analyst downgrades United Microelectronics to Sell from Buy considering expected weaker consumer demand  https://t.co/HRujP6YGyf,0
$HASI - Hannon Armstrong falls on new short report from Muddy Waters  https://t.co/dhMjqvOzOK,0
$APTV - Aptiv is viewed positively by Oppenheimer ahead of earnings  https://t.co/JQCaatv4ul,0
"$NVDA $AMD $SWKS - KeyBanc cuts estimates on Nvidia, AMD, others as firm sees semi correction 'looming'  https://t.co/uyOFLPg6W9",0
"$AXP $SEIC $COF - American Express, Capital One, SEI Investments cut at Morgan Stanley  https://t.co/obMSW7WnCz",0
"$JPM $PNC $KEY - JPMorgan upgraded to Buy at Citi, Regions Financial cut to Neutral  https://t.co/1FX2raBra6",0
$KNX - Evercore upgrades Knight-Swift Transportation amid attractive M&amp;A prospects  https://t.co/8SnfODikuy,0
$COF - Capital One downgraded to neutral as tangible book value growth stalls  https://t.co/scqKNWyrgB,0
"$AAPL - Apple lowering trade-in prices, implies 'strong demand,' BofA says  https://t.co/hfRo5ZlQwY",0
$MGNX - MacroGenics downgraded at BMO after discontinuation of cancer trial  https://t.co/0KyUkSBGIS,0
$AAPL $QCOM $QRVO - Smartphone shipments seen declining in new Cowen industry outlook  https://t.co/EIyyJoxCy2,0
$ONEM $CANO $OSH - ONEM stock underperforms value-based care as Evercore downgrades  https://t.co/cUr7eRe0OU,0
"$QRVO - Qorvo slips as Cowen downgrades, citing weakness in Android handsets  https://t.co/OE9TY78QZc",0
"$PIPR - Piper Sandler downgraded by Wolfe Research, PT to $132  https://t.co/jRFBEmmPgg",0
"$ABC $CI $WBA - AmerisourceBergen downgraded at Evercore on valuation, future operating performance  https://t.co/iOb9MLSiKu",0
"$XLK $SPY $XLY - Credit Suisse wary on Big Tech earnings, but Oppenheimer highlights charts  https://t.co/oR9DJ0R459",0
$JACK - Jack in the Box is defended at Guggenheim even as estimates are reeled in  https://t.co/27FahEqq1w,0
$PRVB - HC Wainwright cuts PT on Provention Bio to reflect recent financing  https://t.co/WxTKq3zclo,0
$ETNB - SVB Leerink slashes PT on 89bio  https://t.co/ussCWz8R28,0
"$ELYM - SVB Leerink cuts PT on Eliem Therapeutics, reaffirms Outperform rating  https://t.co/TbKYhkJwO7",0
"$TTD $CRTO $SNAP - Stifel cuts ad industry estimates, but still likes Trade Desk and Criteo  https://t.co/jmGYyp7BDe",0
$SILK - Silk Road Medical falls after Citigroup downgrades to Sell from Neutral  https://t.co/EOKPLiljqm,0
$NSSC - Napco Security Technologies attract Bull rating at B. Riley on school safety prospects  https://t.co/oJNpPfNbFM,0
$GIII - G-III Apparel is viewed cautiously at Wells Fargo  https://t.co/K1Ko1p0Ig1,0
$NEWR - New Relic goes into the red following Morgan Stanley downgrade  https://t.co/h8ZugJ2Tg2,0
"$TWTR - Twitter shares could drop to $11/share without deal, analyst says  https://t.co/4adNSNKOVu",0
"GOLDMAN SACHS DOWNGRADES COPPER PRICE VIEW THROUGH H2 TO REFLECT NEAR-TERM STAGNATION (GSE $7,200/T VS. $8,875/T PREVIOUSLY), SEES GRADUAL REVIVAL OVER FIRST HALF OF 2023 (GSE $8,000/T VS $10,250/T PREVIOUSLY)",0
"GOLDMAN SACHS REVISES COPPER PRICE TARGETS FOR 3/6/12M TO $6,700/7,600/9,000/T (VS. $8,650/10,500/12,000/T PREVIOUSLY)",0
MOODY'S DOWNGRADES PEMEX'S RATINGS TO B1; OUTLOOK CHANGED TO STABLE,0
S&amp;P SAYS TWITTER INC. 'BB+' RATINGS REMAIN ON CREDITWATCH NEGATIVE AS MUSK DEAL TEETERS,0
"@Macquarie Analyst Chad Beynon on casinos and gaming stocks: “The result in Singapore, which is the number one profit generating asset in the world, came back to almost… pre-recession levels.”  https://t.co/CgalZifPgy",0
"Amazon's ginormous retail business is being priced at 'virtually zero value,' making the stock 'attractive': Analyst  https://t.co/6P8hFpL855 by @BrianSozzi",0
"Disney offers something that streaming competitors ‘are not offering,’ analyst explains  https://t.co/wh6DoDi8wd by @_JoshSchafer  https://t.co/cCWsxhnkUT",0
Futurum Research Principal Analyst Daniel Newman on $IBM Q2 earnings: “I think this was a really good print for IBM.” Full comments:  https://t.co/JNXNsIw1R3,0
Rosenblatt Securities Senior Research Analyst Barton Crockett breaks down the expectations for $NFLX Q2 earnings:  https://t.co/vqcQapASWM,0
"$GS has ""a pretty balanced business model,"" JMP Securities Director of Financial Technology Research Devin Ryan says, adding: ""Their trading results were very resilient, and that more than offset a little bit softer investment banking.""  https://t.co/Jb7k9tf4PH  https://t.co/R1jeDMcSpB",0
"Morgan Stanley bearish on auto sector, but ‘constructive’ on GM, Ford  https://t.co/fDppemoWGO by @Pras_S  https://t.co/p3Ab8s0Npp",0
"Analyst slams Netflix-Microsoft ad agreement, says deal conceals 'hidden agenda'  https://t.co/p4clbfCwQC by @BrianSozzi by @alliecanal8193  https://t.co/xtBGoEseOb",0
"Costco will stay hot even as economy slows, Deutsche Bank analyst says  https://t.co/3R3pl3PwRF by @BrianSozzi  https://t.co/IxXvh42CoB",0
"Analyst sees 45% rally, recommends buying Twitter ahead of Musk legal battle  https://t.co/3EiS8hy7Sy by @BrianSozzi  https://t.co/HKmvl2TkbJ",0
"Analyst sees 45% rally, recommends buying Twitter ahead of Musk legal battle  https://t.co/DGXzbB0a0F by @BrianSozzi  https://t.co/q4FzO8FoxG",0
"Morgan Stanley bearish on auto sector, but ‘constructive’ on GM, Ford  https://t.co/NBpsfftv4N by @Pras_S  https://t.co/Yf5hKVkU3D",0
"Analyst slams Netflix-Microsoft ad agreement, says deal conceals 'hidden agenda'  https://t.co/ps5ixNKbY4 by @BrianSozzi by @alliecanal8193  https://t.co/CeDo8PFtOx",0
"Analyst slams Netflix-Microsoft ad agreement, says deal conceals 'hidden agenda'  https://t.co/lizubCKefN by @BrianSozzi by @alliecanal8193  https://t.co/h2VkXSy54d",0
"Morgan Stanley bearish on auto sector, but ‘constructive’ on GM, Ford  https://t.co/sxMEISsb3m by @Pras_S  https://t.co/nCQbOsD7xy",0
Short-seller Hindenburg Research makes surprising new buy: Twitter  https://t.co/PEv9dGy3CA by @BrianSozzi  https://t.co/1LV5FHcWpT,0
Short-seller Hindenburg Research makes surprising new buy: Twitter  https://t.co/3WbyEQ3KMJ by @BrianSozzi  https://t.co/pxfZvMVXhF,0
Hindenburg Research takes a “significant long position” on $TWTR shares as the social media platform sues Elon Musk over conditions of his $44B acquisition deal.  https://t.co/5ihj4biLbC,0
"Hindenburg Research calls $TWTR shares positioning ""a credible threat to Elon Musk's empire.""  https://t.co/ehdUjKPgUV",0
"D.A. Davidson Sr. Research Analyst Tom Forte on $AMZN amid its Prime Day event: ""This year, an argument can be made that they need a sale..."" Full comments:  https://t.co/w3GojTxE3F",0
7 reasons why Lululemon's stock is a sell: Jefferies  https://t.co/S4pHlJRxSo by @BrianSozzi  https://t.co/DjxfQHh5oy,0
Upgrades 7/21: $BHLB $BRX $CSX $F $IDXX $KT $LVS $SWN  . Downgrades 7/21: $COMP $COOK $DOCU $ELAN $FIGS $HSIC $NVTA $PECO $PVH $PZZA $SFT $SYK $VBLT $ZTS,0
Upgrades 7/20: $ALB $ALLK $AXTA $BABA $BERY $CHKP $CVX $DTM $EGO $FMC $FNV $NFLX $VITL $XYL  . Downgrades 7/20: $ALLY $ANET $ATRA $BIRD $CARR $CMI $EQR $EXLS $EXP $FFIV $FOR $GOOGL $HOLX $JCI $JNPR $MLNK $NMR $PLBY $PYPL $SEE $VBLT $VSTA $WEC $WU $WWW $WY,0
Bernstein Strategists Say Stocks Have Yet to See Capitulation - BBG   https://t.co/jT2brUrp0T,0
Downgrades 7/18: $ACT $AEVA $ANGN $BL $CMG $CRK $EAT $FOXA $GM $GT $HOLX $IEX $IP $JHG $LAZ $LMND $MC $MFA $MGNX $MITT $NYMT $OPEN $PARA $RDN $UDMY,0
Morgan Stanley Sees Stock Losses Even If There’s No Recession - BBG   https://t.co/7Cbj1O0vum,0
Upgrades 7/15: $ALLO $CHX $CSX $FTI $NSC $NVO $PFHC $QCOM  . Downgrades 7/15: $CSCO $CURV $DAL $DRE $ERIC $FSTX $MAN $NEX $PFHC $PTEN $RHI $RXT $TXG $YELP,0
Downgrades 7/14: $AAT $AOS $BHP $CDLX $CFRX $CI $CSCO $DG $EIX $FAST $FELE $FFIV $FIS $FISV $GGG $HAYW $HIMX $ILMN $INN $IS $JELD $MHK $MPW $NVEI $OM $POOL $SITE $SQSP $TEL $U $WIT,0
Upgrades 7/14: $AMD $APH $CDW $CNC $COST $EDU $ESRT $FLYW $HP $IEX $JNPR $MLM $PAYO $RBA $SRE $TWTR $WSO,0
Bank of America Cuts S&amp;P 500 Price Target by 20% to a New Street-Low - SI   https://t.co/53K1jlNvOP,0
Downgrades 7/13: $AEL $ATRA $AUD $AZEK $CDLX $CE $CS $CVLT $CWAN $CZR $DOCN $EAF $ECL $FCX $FFIV $GPS $HAS $HGEN $HRMY $ILMN $JNPR $LAZ $OMF $PLAY $SCCO $SE $SEAS $SHW $SWIM $SYF $VERI $VRRM $VSTO $YETI,0
Upgrades 7/13: $ABEV $AWI $BNTX $CCCS $CTS $PWSC $SHYF $SLCA $TAP,0
Downgrades 7/11: $ABC $ALLE $AME $BDX $BROS $CDEV $CIVI $CNX $CTMX $DOCN $DUOL $FFWM $FSLY $ITT $KBH $KRUS $LULU $LUNG $MAN $MC $META $MGNX $MYPS $NEWR $OI $ONEM $OXY $PIPR $PNFP $PODD $QRVO $RDFN $SILK $SLRC $SU $SYK $TROW $UAA $UPST,0
Upgrades 7/11: $APG $AX $BAC $ESI $FATE $FLS $HLT $HON $LEA $MAR $MAT $MRVL $NSSC $RRC $SWN $TMHC $VC $ZG,0
"DBRS Morningstar Confirms Republic Of Ireland At AA (low), Stable Trend   https://t.co/BP6uPMVEAv",0
$AMZN | Citigroup Cuts Amazon Price Target To $180 From $205,0
"$XLK - Credit Suisse wary on Big Tech earnings, but Oppenheimer highlights charts  https://t.co/UswyLHIq3y",0
"Downgrading Stocks, Upgrading Credit.  https://t.co/kJUY8I1HUh #business #investing #stocks",0
"$BCS - Barclays: Interest Rate Leverage, Trading At Bargain Levels.  https://t.co/uXWLh2Znb7 #business #markets #finance",0
"More analysts covering Apple are cutting their share-price forecasts, signaling growing concerns about an economic slowdown that could hurt the sales of its products  https://t.co/wMDz4O1Avl",0
"Piper Sandler strategist Michael Kantrowitz's bear case for the S&amp;P 500 is now his base case: 3,400 by year-end  https://t.co/QaeSzyg2RD",0
Klarna’s valuation slashed to under $7bn in latest funding round  https://t.co/GXUKM22sjg,0
Susquehanna analyst Christopher Stathoulopoulos upgraded Southwest (NYSE: $LUV) from Neutral to Positive with a price target of $45.00. @Street_Insider,0
"Mizuho Securities analyst James Lee lowered the price target on Twitter, Inc. (NYSE: $TWTR) to $35.00 (from $54.00) while maintaining a Neutral rating.",0
"Sell Figs ahead of possible U.S. recession, Goldman Sachs says  https://t.co/w97BtVCrZk",0
Goldman Sachs traders countered the industry’s underwriting slump with revenue gains that raced past analysts’ estimates.  The trading operation posted a 32% surge in second-quarter revenue that included another banner period for fixed income  https://t.co/8aDTncEg41  https://t.co/vBoBZdDgtc,2
Goldman Sachs crushes analysts' expectations on strong bond trading results  https://t.co/sRUqES9tDm,2
"“Twitter’s Board is holding Musk’s feet to the fire to finish the deal at the agreed upon price,” one analyst said. “Overall this has been a black eye for Musk and a horror movie for Twitter (and its employees) with no winners since the soap opera began.”  https://t.co/8SgiWoVpHG",2
"Twitter CEO Parag Agrawal would navigate a myriad of challenges ahead around employee turnover/morale, advertising headwinds and more, a Wedbush analyst wrote in a note that slashed $TWTR price target to $30 from $43.   https://t.co/2IGCUNAWLd",2
"Twitter and Elon Musk are now in a high stakes/high risk situation, one analyst said.  https://t.co/II5sEauXAW",9
$BA - Upbeat Boeing Commercial Airplanes chief says company on the upswing  https://t.co/Sl3LmQqFF6,2
"FITCH - NAFTOGAZ'S LIQUIDITY POSITION COULD BE SIGNIFICANTLY HIT BY AMOUNT OF GAS IMPORTS, GIVEN HIGH INTERNATIONAL PRICES",2
Apple's subscription pivot creates a clear path to a $3 trillion-plus market cap says Morgan Stanley  https://t.co/x3CLHx0ZB7,2
Buy-now-pay-later giant Klarna's valuation has been slashed to $6.7 billion in its latest funding round that will pay for further expansion in the US  https://t.co/awhVTAPczd,2
"President Williams discusses the extensive international coordination needed to transition away from LIBOR. ""It's taken enormous effort, public-private sector partnership, investments in technology and processes, and thinking through all these issues over many years,"" he said.  https://t.co/5fb0hT8KRK",2
President John C. Williams and Chief Executive Nikhil Rath (@TheFCA) discuss the extensive preparations for LIBOR’s transition and progress towards alternative reference rates. Learn more:  https://t.co/oBaI71iKsu  https://t.co/6IgAcx0rtp,2
Equity Release No .3 UK Regulatory Announcement: FRN Variable Rate Fix  https://t.co/XD9Hhvww5K  https://t.co/MWax7p9MfU,2
SILVERSTONE MASTER UK Regulatory Announcement: FRN Variable Rate Fix  https://t.co/epsCCSN76h  https://t.co/oDhjclGIYe,2
Silverstone Master Issuer Plc UK Regulatory Announcement: FRN Variable Rate Fix  https://t.co/YmRXdaN5rC  https://t.co/2OAKQk4eeE,2
United Utilities Water Plc UK Regulatory Announcement: FRN Variable Rate Fix  https://t.co/x0Dj2qwtlz  https://t.co/USJJzaZ4qu,2
Bank of New York Mellon UK Regulatory Announcement: FRN Variable Rate Fix  https://t.co/f565EbSZRm  https://t.co/HPmVbZTr8C,2
CLOSE BROTHERS FINANCE PLC UK Regulatory Announcement: FRN Variable Rate Fix  https://t.co/C2Ni85K04f  https://t.co/BErrkxYZj6,2
CITIBANK UK Regulatory Announcement: FRN Variable Rate Fix  https://t.co/DPK4HIuy1n  https://t.co/9fagrrTOwL,2
Citibank UK Regulatory Announcement: FRN Variable Rate Fix  https://t.co/mIvaUMLo3s  https://t.co/4cwZryhWeW,2
MACQUARIE GRP LTD UK Regulatory Announcement: FRN Variable Rate Fix  https://t.co/gczPmoyfuo  https://t.co/5QRwSpmP0K,2
CITIBANK UK Regulatory Announcement: FRN Variable Rate Fix  https://t.co/V0mBjYWwQ9  https://t.co/3X7B4yJlUx,2
Nordic Investment Bank UK Regulatory Announcement: FRN Variable Rate Fix  https://t.co/ADhf4bVQHx  https://t.co/eA0lqwvF91,2
Bank of New York Mellon UK Regulatory Announcement: Early Repurchase(s)  https://t.co/TUIAQF06TW  https://t.co/B73g9jXCmS,2
BANK OF NEW YORK MELLON UK Regulatory Announcement: FRN Variable Rate Fix  https://t.co/iSAe7XN27l  https://t.co/apYChLdlBy,2
SILVERSTONE MASTER UK Regulatory Announcement: FRN Variable Rate Fix  https://t.co/a5eW1kIo89  https://t.co/K8UEJVjoVX,2
DEUTSCHE BANK AG FRN UK Regulatory Announcement: FRN Variable Rate Fix  https://t.co/8JhGlfrP56  https://t.co/5yveqL7zOq,2
Deutsche Bank AG UK Regulatory Announcement: FRN Variable Rate Fix  https://t.co/TCahxaX0k4  https://t.co/NIN16nJ2iq,2
Bank of New York Mellon UK Regulatory Announcement: FRN Variable Rate Fix  https://t.co/YiWxcKovLP  https://t.co/neCDy5Byg0,2
HSBC Bank Canada Increases Prime Rate  https://t.co/C0EOrQYVW5  https://t.co/jl2oP0JCx7,2
Citibank UK Regulatory Announcement: FRN Variable Rate Fix  https://t.co/tNhzE5bEmz  https://t.co/aq2t4GvEZp,2
Paragon Mortgages (NO 13) Plc UK Regulatory Announcement: FRN Variable Rate Fix  https://t.co/MeZ0OusDIP  https://t.co/0btGfA2cVu,2
Paragon Mortgages (NO 13) Plc UK Regulatory Announcement: FRN Variable Rate Fix  https://t.co/8tHjIV1NXj  https://t.co/GA7iGRmN72,2
Bank of New York Mellon UK Regulatory Announcement: FRN Variable Rate Fix  https://t.co/5HKPIZB9s5  https://t.co/PoYeUIYk66,2
GE Capital European Funding UK Regulatory Announcement: FRN Variable Rate Fix  https://t.co/rjEooZQreK  https://t.co/ZTJ5SdXJik,2
CSOP USD Money Market Fund to Launch in Singapore  https://t.co/Mbmu4z7daL  https://t.co/FbACiVBOSW,2
LECMPA Announces New Lower Rates  https://t.co/y9ZdjbVDOE  https://t.co/qFi0Sqvt8Y,2
Bank of New York Mellon UK Regulatory Announcement: FRN Variable Rate Fix  https://t.co/Uh75T8lQCd  https://t.co/Zw3ot38Gr1,2
Bank of New York Mellon UK Regulatory Announcement: FRN Variable Rate Fix  https://t.co/8Pp6aesCRZ  https://t.co/SzcjZpZu1t,2
Citibank UK Regulatory Announcement: FRN Variable Rate Fix  https://t.co/GkqxjD2M9v  https://t.co/Xn3A2LIVS7,2
Deutsche Bank AG UK Regulatory Announcement: FRN Variable Rate Fix  https://t.co/LsQJGYQZRx  https://t.co/rlycfOl2Bl,2
PARAGON MORTGAGES (NO 27) PLC UK Regulatory Announcement: FRN Variable Rate Fix  https://t.co/hE5bOfdZ18  https://t.co/Hs47gSyBcq,2
Thames Water Utilities Fin Plc UK Regulatory Announcement: FRN Variable Rate Fix  https://t.co/UpkbxdL4pT  https://t.co/1FOXTVFcmG,2
"""It's very awkward.""  Musk will likely have to buy Twitter, and then here's what happens when someone is forced to buy something they don't want -- according to former CFO &amp; COO Ali Rowghani  https://t.co/pGMSTXAIBh  https://t.co/mjk1Riv930",2
"Ford Motor is preparing to cut as many as 8,000 jobs in the coming weeks as the automaker tries to boost profits to fund its push into the electric-vehicle market.   Bloomberg's Keith Naughton speaks on “Bloomberg Markets: The Close”  https://t.co/Qw3Og96V8l  https://t.co/6ZB5JA1gGZ",2
"VP &amp; Research and Innovation Director at L'Oréal Japan, Amit Jayaswal discusses the company's business strategy as it collaborates with companies from its Green Science Project.   He also discusses how they're employing the use of technology going forward  https://t.co/qB5HTkDjYN  https://t.co/IBq8Fmh7Ee",2
L'Oréal Japan Innovation Director Amit Jayaswal discusses the company's business strategy as it collaborates with companies from its Green Science Project.  Watch the full Japan Ahead video:  https://t.co/mIgqiTDUqh  https://t.co/vO43QD9Lkx,2
Airbus CEO Guillaume Faury says the large backlog of orders is being constrained by the supply chain and sees strong momentum in the wide-body aircraft business.   He also says he company is planning for energy shortages in Europe  https://t.co/GoqkY2q6gG  https://t.co/UWbcZXGcqI,2
LATEST: Apple plans to slow hiring and spending growth next year in some divisions to cope with a potential economic downturn.  The decision stems from a move to be more careful during uncertain times  https://t.co/i6i8NjgG4v  https://t.co/SZTKqg0oFo,2
BREAKING: Apple plans to slow hiring and spending growth next year in some divisions to cope with a potential economic downturn  https://t.co/rcjsIsatbG  https://t.co/WeICuwK2Vf,2
"If Elon Musk is forced to buy Twitter, yes, he can indeed turn right around and sell it. Professor Lawrence Hamermesh talks to @emilychangtv  https://t.co/bDjdW1hB4Z  https://t.co/8UPEx4Z2ib",2
Watch as SpaceX launches a cargo mission to the International Space Station.   A robotic SpaceX Dragon cargo capsule lifted off atop a two-stage Falcon 9 Rocket from NASA’s Kennedy Space Center in Florida  https://t.co/9FiNz1jkDP  https://t.co/sthv6o5EWG,2
UPDATE: Rivian is planning hundreds of layoffs to trim its workforce in areas where the electric-vehicle maker has grown too quickly  https://t.co/sSFW6P7ueF  https://t.co/jiaJlvTC8A,2
Amazon’s first U.S. union faces an uphill battle after historic win at Staten Island warehouse  https://t.co/NM9SnnFPlq,2
Ford reassures investors it has the battery supplies it needs for ambitious EV goals  https://t.co/YgKyBPWMPd,2
"Amazon makes returning products easy. But the truth is, there's no such this as a free return. Watch the full video here:  https://t.co/84B3qf9k7M  https://t.co/XqNfJqn0oO",2
Toyota plans to roll out hydrogen fuel-cell trucks for the Japanese market next year  https://t.co/L2BQYPORQD,2
Baidu's new robotaxi can drive without a steering wheel and is 50% cheaper  https://t.co/TH0yaTOVxi,2
Microsoft eases up on hiring as economic concerns hit more of the tech industry  https://t.co/iFmy1txEuA,2
"Ford just unveiled the F-150 Raptor R, a new version of its high-performance, off-road pickup with a supercharged 5.2-liter V-8 engine that produces 700 horsepower and 640 foot-pounds of torque. Take a look:  https://t.co/4srERXe88q  https://t.co/YLVa6RKCEe",2
Tesla has dumped 75% of its bitcoin holdings a year after touting 'long-term potential'  https://t.co/ARq1daRHvo,2
GM just unveiled its new Chevrolet Blazer — the company's latest electric vehicle. Take a look:  https://t.co/XLnVZXAod7  https://t.co/NwmZ4QWuph,2
"Minecraft creator rejects NFTs, citing a lack of inclusivity  https://t.co/iEYuqFop9l",2
If you bought a MacBook laptop between 2015 and 2019 — and replaced the keyboard — you might soon be eligible for up to $395 from Apple.  https://t.co/XZ8VEZepJZ,2
"For Netflix, one stock market fight is over, but another is just beginning  https://t.co/2w80emdn0j",2
Macy's speeds up plans to open smaller stores outside of malls  https://t.co/EW0YklHX36,2
Novavax's new Covid vaccine is perfect for people scared of mRNA tech—but it won't win over the unvaccinated (via @CNBCMakeIt)  https://t.co/qgD7QuxYap,2
Netflix loses fewer subscribers than expected and says cheaper ad tier is coming in early 2023  https://t.co/4N8jj7lvfe,2
GM just unveiled its new Chevrolet Blazer — the company's latest electric vehicle. Take a look:  https://t.co/XLnVZXiNlz  https://t.co/aBw37I7d1c,2
"As debit and credit cards become more essential in our daily lives, Visa has quickly grown to become one of the most valuable companies in America. So how exactly does Visa make money? Watch the full video here:  https://t.co/J1Rga4AUxK  https://t.co/LUJYtb6eP5",2
Why is Ford’s Mustang EV dethroning its rivals? Watch @Robertoferris take the Mustang Mach-E GT for a spin to find out why it keeps winning so many awards.  https://t.co/XS9S8SVhQ3  https://t.co/FJAV0I09vN,2
It’s been several years since Tesla acquired SolarCity for around $2.6 billion. Why hasn't Tesla’s solar business taken off as Elon Musk promised Watch the full video here:  https://t.co/ogeyMKi23b  https://t.co/H6ZumdufGE,2
Ford's Mustang Mach-E electric crossover is a hit with industry insiders — that could help it take on Tesla.  https://t.co/OZRmxcJgYI,2
Watch Jim Cramer's full interview with IBM CEO Arvind Krishna  https://t.co/YQVTnwzKeg,2
Ford unveils its new F-150 Raptor R pickup with 700 horsepower — take a look.  https://t.co/F3mr8a53pU,2
"Ford just unveiled the F-150 Raptor R, a new version of its high-performance, off-road pickup with a supercharged 5.2-liter V-8 engine that produces 700 horsepower and 640 foot-pounds of torque. Take a look:  https://t.co/4srERXe88q  https://t.co/YA6TAKWOoz",2
Activision employees announce second union ahead of game company's sale to Microsoft  https://t.co/2azP38sGYz,2
Google will once again test augmented reality glasses in public  https://t.co/s0KRDysdzg,2
Former employees say issues plagued the crypto company Celsius years ahead of bankruptcy  https://t.co/aWEwtHtGjX,2
If you bought a MacBook laptop between 2015 and 2019 — and replaced the keyboard — you might soon be eligible for up to $395 from Apple.  https://t.co/doJoamgfX6,2
Google and Chevron invest in nuclear fusion startup that's raised $1.2 billion  https://t.co/AL5sOjLGqr,2
Apple agrees to pay up to $395 to MacBook owners who replaced 'butterfly' keyboards  https://t.co/fNPbrZNmdp,2
"GM reveals its new electric Chevrolet Blazer priced starting at $45,000.  https://t.co/jmBxbSlOMP",2
"Problems at Celsius appear to have been simmering for years before the crypto lender filed for bankruptcy. The company saw a range of internal missteps leading up to its recent turmoil, according to former employees and internal documents CNBC reviewed.  https://t.co/mDj0VQoegh",2
Goldman Sachs has slowed its hiring and is looking to cut the fees that it pays vendors as the investment bank prepares for tougher times ahead.  https://t.co/4WxhoZE70q,2
"Spirit Airlines plans crew base in United stronghold Houston, its third new outpost in five months  https://t.co/2lW7Hg09dk",2
Will Netflix keep losing subscribers this year? Investors are eager for guidance  https://t.co/rRTPTnZKn6,2
Microsoft is adding video stories to Teams to liven up the chat app  https://t.co/2ve38qoL5J,2
"Tuesday, July 19, 2022: Cramer on Apple's impact on the broader market  https://t.co/7vE9TJkkzl",9
YouTube partners with Shopify to add live shopping features  https://t.co/r1Ajy9RoiW,2
Google will let Android developers use rival payments systems Europe  https://t.co/s02NcOI8Yh,2
Rolls-Royce and easyJet to test hydrogen combustion engine tech for airplanes  https://t.co/4A4LIlnPLg,2
Former employees say issues plagued the crypto company Celsius years ahead of bankruptcy  https://t.co/5qDrafvNTS,2
Goldman Sachs is looking at reinstating year-end job cuts as economic outlook dims  https://t.co/GzIpCIeTRq,2
"Ford just unveiled the F-150 Raptor R, a new version of its high-performance, off-road pickup with a supercharged 5.2-liter V-8 engine that produces 700 horsepower and 640 foot-pounds of torque. Take a look:  https://t.co/4srERXe88q  https://t.co/NSmopP28l5",2
SoftBank reportedly pauses plan for Arm's London listing  https://t.co/jI6kRROZO5,2
"Walmart wants a bigger share of the e-commerce market – and a key part of the retailer’s strategy counts on customer trust. With Walmart’s InHome service, employees walk into customers’ homes and put food directly into the fridge or on the kitchen counter.  https://t.co/wcT0zazcuf  https://t.co/AkeBj676px",2
TikTok owner ByteDance explores self-designed chips as China aims for semiconductor self-sufficiency  https://t.co/EZBgzQKapz,2
"Audi just unveiled its new electric concept car, the ""Urbansphere."" Take a look. 👀  https://t.co/nwk3sqFwY0  https://t.co/n99hmwDYFM",2
Goldman Sachs is looking at reinstating year-end job cuts as economic outlook dims  https://t.co/TCAj6i7R66,2
McDonald's franchisees polled by an owners group overwhelmingly support no-confidence vote on CEO  https://t.co/fd9Mc39kc7,2
Ford’s first real attempt at an electric vehicle has been quite a hit with critics — and could help the company take on Tesla.  https://t.co/PHG2qiaydA,2
"Delta buys 100 Boeing Max planes, its first major order with the manufacturer in more than a decade  https://t.co/aq7fRepBNa",2
Ford unveils its new F-150 Raptor R pickup with 700 horsepower — take a look.  https://t.co/cGFOKBQrC2,2
Netflix investors brace for subscriber losses as company works on long-term fixes  https://t.co/0QdYQwOWlv,2
Apple iPhone remains in high demand despite inflation pressure  https://t.co/wvZRJKwTHj,2
Goldman Sachs is looking at reinstating year-end job cuts as economic outlook dims  https://t.co/rDAYa4alAK,2
Goldman-backed fintech Starling withdraws European bank license application in blow to global ambitions  https://t.co/LtXfquQhTf,2
GE reveals new company names as it approaches historic split  https://t.co/zXjxZx5QGq,2
Boeing CEO says supply chain issues are hindering 737 Max production increase  https://t.co/WtvvUagUP8,2
Snapchat is finally coming to the web after more than a decade as a mobile app  https://t.co/8a2vA6cePT,2
U.S. chip industry split over CHIPS act benefits to Intel  https://t.co/JPuren0eQp,2
Microsoft president sees 'new era' of stagnating labor pool  https://t.co/k5U4ym4jss,2
"Tesla's bitcoin holdings could result in a $460 million hit for the car maker, Barclays says  https://t.co/a1n4hRj6iE",2
"Delta buys 100 Boeing Max planes, its first major order with the manufacturer in more than a decade  https://t.co/x7FYgrXpzG",2
"Meet Bert and Ernie, two of Amazon's warehouse robots designed to improve worker safety.  https://t.co/hTMogasOFf  https://t.co/QiA1aPYQmS",2
Ford unveils new F-150 Raptor R pickup with 700 horsepower  https://t.co/r9dryjABmd,2
Nike is making a strategic shift in how it manufactures NCAA fan apparel in a new deal with Fanatics.  https://t.co/m6eV0BOLf7,2
"Car manufacturers like Tesla are embracing cobalt-free batteries. While the metal increases battery life and energy density, cobalt is expensive, making up 30% of an EV's total cost. Why else are tech companies and start-ups working to eliminate cobalt?  https://t.co/sSPwRqedyl  https://t.co/WloGAOJFY1",2
Tesla's FSD Beta can best be summarized as a host of new features that are not yet debugged. Watch the full video here:  https://t.co/Cvdo7H2Hy0  https://t.co/AWMQjOGvPA,2
"Google VP says she always listens for these 6 things during the job interview: ""They're not often easy to spot."" (via @CNBCMakeIt)  https://t.co/IARbTaubZy",9
"Jeff Bezos hired this Amazon applicant ""on the spot""—here are the 2 interview questions he asked. (via @CNBCMakeIt)  https://t.co/mHyicJ9gBg",2
We went for a ride with 3 test drivers for Tesla's FSD Beta in different parts of the country to see how the system performs in the real world. 🚗 Watch the full video here:  https://t.co/Cvdo7H2Hy0  https://t.co/X53lEzFNLz,2
"TikTok shares your data more than any other social media app — and it’s unclear where it goes, a study says.  https://t.co/PDpExMV8Vn (via @CNBCMakeIt)  https://t.co/Rgq3DNE8pF",2
We went for a ride with 3 test drivers for Tesla's FSD Beta in different parts of the country to see how the system performs in the real world. 🚗 Watch the full video here:  https://t.co/Cvdo7H2Hy0  https://t.co/k2u3vsXkLZ,2
"Jeff Bezos hired this Amazon applicant ""on the spot""—here are the 2 interview questions he asked. (via @CNBCMakeIt)  https://t.co/YngOfdyccy",2
How activist investor Elliott may plan to support value creation at Pinterest  https://t.co/WxwmEm058j,2
"Google VP says she always listens for these 6 things during the job interview: ""They're not often easy to spot."" (via @CNBCMakeIt)  https://t.co/8J6aShNXhN",2
Apple announced a new feature for iPhones called Lockdown Mode to protect high-profile users such as politicians and activists against state-sponsored hackers.  https://t.co/EZje3PMUNc,2
"There’s an EV revolution sweeping the world, but India is lagging behind. So, can Tesla succeed in India? Watch the full video here:  https://t.co/lcUjJt9kz0  https://t.co/ZDYxrQtDUA",2
".@jenn_elias got to check out Google’s new ""Bay View"" campus in California. Take a look. 👀  https://t.co/poS5ZuZehz  https://t.co/hn6Rm7uLU7",2
These are the 16 U.S. stores that Starbucks is set to close because of safety concerns.  https://t.co/fzV947Pj5x,2
"Review: Apple's new MacBook Air is a near-perfect update, but don't rule out the older model, @robotodd says.  https://t.co/bUZpz3Cy39",2
Amazon says no return items are sent to landfills. How is that possible? Watch the video to learn how Amazon and other companies are part of a growing corporate movement toward “zero landfills.”  https://t.co/z5IS4WGprI  https://t.co/Dh9tgKzF6q,2
Twitter board urges shareholders to approve sale to Elon Musk  https://t.co/7SOtESlaGn,2
Twitter board urges shareholders to approve sale to Elon Musk  https://t.co/zyOaW0Dmtm,2
Disney highlights value of its streaming bundle by increasing price of ESPN+ 43% to $9.99 per month  https://t.co/4H5Ck7Opq5,2
"Hyundai unveils its new Ioniq 6 EV — an ""electrified streamliner"" with a unique design. Take a look.  https://t.co/01aHah04xd",2
Novavax's new Covid vaccine is perfect for people scared of mRNA tech—but it won't win over the unvaccinated (via @CNBCMakeIt)  https://t.co/i3ea8XHjow,2
Apple Music subscribers are getting access to exclusive content from artists like Carrie Underwood  https://t.co/TFepXi76I4,2
Amazon had a record Prime Day. What Wall Street and the CNBC Investing Club think about the numbers  https://t.co/TPOhSHa5QA,2
Disney highlights value of its streaming bundle by increasing price of ESPN+ 43% to $9.99 per month  https://t.co/8NP9IJBACg,2
"Instant Pots and Roombas are typically hot selling items during Amazon’s Prime Day event. But this year, consumers were more interested in dishwasher pods, diapers and snacks.  https://t.co/BmauNaYNal",2
Amazon plans to start delivering packages by drone in Texas later this year  https://t.co/TjAtxfNdEP,2
Musk says Tesla can lower car prices if inflation 'calms down'  https://t.co/nMUzGCNMe0,2
Amazon reducing its private-label items as sales fall: WSJ  https://t.co/U6F1NwsGWt,2
"Amazon Prime Day shoppers buy up diapers, snacks as inflation shifts consumer habits  https://t.co/Ny1ik7htEa",2
"Amazon plans 4,000 more jobs in the UK this year, defying tech downturn  https://t.co/MC67gEa7Nm",2
"General Motors is handling production issues on a ‘weekly basis,’ CEO Mary Barra says  https://t.co/Ekuz7KanwQ",2
LISTEN NOW: Netflix names Microsoft as its partner to serve ads. What could it mean for both companies? Listen and follow the @CNBCTheExchange podcast here or on your favorite podcast platform:  https://t.co/cZvIn33eF7  https://t.co/lW8NdoNeSr,2
"Apple's new MacBook Air is a near-perfect update, but don't rule out the older model  https://t.co/PtI7PkkpSi",2
"Hyundai unveils its new Ioniq 6 EV — an ""electrified streamliner"" with a unique design. Take a look.  https://t.co/N4tigPNSVZ",2
"Hyundai unveils new Ioniq 6 EV — an ""electrified streamliner"" with unique design  https://t.co/HOxWaKm7PE",2
"'Unacceptable': Emirates Airline slams Heathrow Airport's demand to cut flights, refuses to comply  https://t.co/KgZze4fD1e",2
Chipmaker Intel starts informing customers of price-hike plan  https://t.co/NH3cBaAlxN,2
Crypto company Celsius has filed for Chapter 11 bankruptcy protection.  https://t.co/oATVOyWrMC,2
Amazon says more than 300 million items sold during Prime Day  https://t.co/x9fM6eMCmO,2
Latest: Twitter was down for about an hour Thursday morning. It appears to have mostly come back online but Twitter said it’s still working to get it back up and running for everyone.  https://t.co/WYUpye4XDZ,2
Facebook-owner Meta releases first human rights report  https://t.co/d1zeT8wKFN,2
General Motors will build a network of EV fast chargers at Pilot travel centers along U.S. highways  https://t.co/P9bDnAgkj5,2
Molson Coors to return to the Super Bowl for the first time in more than 30 years  https://t.co/peIX7fQ3mW,2
Why is Ford’s Mustang EV dethroning its rivals? Watch @Robertoferris take the Mustang Mach-E GT for a spin to find out why it keeps winning so many awards.  https://t.co/XS9S8TcTeD  https://t.co/Kfm4b1rCxl,2
Hyundai unveils new Ioniq 6 EV — an 'electrified streamliner' with unique design  https://t.co/p4iwVeaJsZ,2
"Elon Musk would be 'foolish' to not cut a compromise deal with Twitter, Jim Cramer says  https://t.co/w8wxt4sgKq",9
Watch Jim Cramer's full interview with Duke Energy CEO Lynn Good  https://t.co/OlStWxHfeS,2
"Embattled crypto lender Celsius informs state regulators that it’s filing for bankruptcy 'imminently,' source says  https://t.co/D2AurL35nC",2
FDA authorizes Novavax Covid vaccine for adults as the first new shots in U.S. in more than a year  https://t.co/AKv2G6lC5w,2
Mattel's CEO says the upcoming Barbie movie starring Margot Robbie isn't just about selling toys – it's a 'cultural event'  https://t.co/usfscsgmlp,2
Panasonic reportedly building new factory in Kansas to produce batteries for Tesla and EV industry  https://t.co/0G7G9TTPkt,2
Netflix partners with Microsoft on ad-supported subscription plan  https://t.co/72RdUc4772,2
Nike is making a strategic shift in how it manufactures NCAA fan apparel in a new deal with Fanatics.  https://t.co/iFJPVskO8B,2
"Peloton competitor Tonal cuts 35% of workforce as it prepares for possible recession, IPO  https://t.co/CgwD5z4BEB",2
Meta has a new AI tool to fight misinformation—and it's using Wikipedia to train itself (via @CNBCMakeIt)  https://t.co/ZrnT5W9LwN,2
"Amazon is developing cancer vaccines in collaboration with the Fred Hutchinson Cancer Research Center, and it recently launched an FDA-approved clinical trial.  https://t.co/kvyXWhnD96",2
"Polestar says it's still on track to deliver 50,000 vehicles this year despite Covid-19 disruptions  https://t.co/3HvoZ3R3IV",2
Fanatics is partnering with Nike to manufacture college fan apparel  https://t.co/uBXuI0IKMF,2
Here's how Amazon Prime Day came to be and its very first best-sellers. (via @CNBCMakeIt)  https://t.co/x6fSS6R0Qx,2
Good news for fans of Costco's hot dogs. 🌭  CEO Craig Jelinek had a one-word answer when asked whether he would raise the signature food court item’s price: “No.”  https://t.co/GFWrixlv4d  https://t.co/yTwzb5blFW,2
"You can test Apple's big new iPhone update now, here's how.  https://t.co/THoUZUmqVY",2
"Elon Musk told Twitter he no longer intends to buy the company, so CNBC contributor @DelanoSaporu explained four possible outcomes to the saga. Read four more possible scenarios here:  https://t.co/uofdn7hhcA  https://t.co/w1z6K1NM6h",2
Facebook cuts hundreds of custodial jobs after ending contract with facility management vendor  https://t.co/Yki6LLNLKa,2
Why is Ford’s Mustang EV dethroning its rivals? Watch @Robertoferris take the Mustang Mach-E GT for a spin to find out why it keeps winning so many awards.  https://t.co/XS9S8TcTeD  https://t.co/PfMQ2PvZdz,2
"Costco CEO’s one-word answer to whether he would raise the price of hot dogs: ""No.""  https://t.co/CmOW1Kbtjd",2
Delivery startup Gopuff cuts 10% of its global workforce and closes 76 U.S. warehouses  https://t.co/uJ1x8o9DDM,2
Match Group expands background checks to two more apps so users can screen dates  https://t.co/pYqn6PhmeO,2
OnePlus co-founder makes smartphone comeback with a quirky iPhone competitor  https://t.co/TazPp4HKLT,2
Microsoft cuts small percentage of employees as new fiscal year begins  https://t.co/Y2HVw5zyzS,2
"PepsiCo deploying price hikes, smaller sizes to fight rising costs.  https://t.co/gD6yF7w0Nq",2
Amazon launches cancer vaccine clinical trial in partnership with Fred Hutchinson  https://t.co/CY1yQ22P8z,2
This SpaceX booster rocket burst into flames during a ground-test firing on Monday in Texas.  https://t.co/U8kvbwx5IH  https://t.co/73WWsmdYK6,2
Here's how Amazon Prime Day came to be and its very first best-sellers. (via @CNBCMakeIt)  https://t.co/Vu7ItVhR7H,2
Peloton to outsource all manufacturing as part of its turnaround efforts  https://t.co/Z2NaxDB6GS,2
Singapore’s state-owned investor Temasek reports record portfolio value  https://t.co/T2rPtSAyl9,2
"Jeff Bezos hired this Amazon applicant ""on the spot""—here are the 2 interview questions he asked. (via @CNBCMakeIt)  https://t.co/BmkH3kSH0s",2
Chinese EV maker XPeng’s robotics arm raises $100 million to bring robots to households in 2 years  https://t.co/U0XRB6Ot1v,2
"Google VP says she always listens for these 6 things during the job interview: ""They're not often easy to spot."" (via @CNBCMakeIt)  https://t.co/ihFLg1axUk",2
Good news for fans of Costco's hot dogs. 🌭  CEO Craig Jelinek had a one-word answer when asked whether he would raise the signature food court item’s price: “No.”  https://t.co/GFWrixlv4d  https://t.co/BZ2OIptOUp,2
Jim Cramer gives his take on Elon Musk pulling out of Twitter deal  https://t.co/csVUPmuKSF,9
Watch Jim Cramer's full interview with Miso Robotics CEO Mike Bell  https://t.co/7QB5wfwR90,2
Amazon Prime Day is coming up: Here's why deal experts say you might want to skip it this year  https://t.co/NbDqSyXNBH,2
Here's how Amazon Prime Day came to be and its very first best-sellers. (via @CNBCMakeIt)  https://t.co/aMk8C8s3wG,2
GameStop launches NFT marketplace as it hunts for growth in digital-fueled turnaround  https://t.co/t7OyGwViWY,2
"You can test Apple's big new iPhone update now, here's how  https://t.co/eQ3auhKkKR",2
"Costco's CEO answered whether he would raise the price of hot dogs in one word: ""No.""  https://t.co/2W81PQnKJB",2
Costco's hot dog 🌭 and soda 🥤 combo has sold for $1.50 for decades... Would you be willing to pay more?,2
"Rivian planning layoffs that could target about 5% of staff, report says  https://t.co/8Q8crVyFF4",2
Good news for fans of Costco's hot dogs. 🌭  CEO Craig Jelinek had a one-word answer when asked whether he would raise the signature food court item’s price: “No.”  https://t.co/GFWrixlv4d  https://t.co/WbE1LxqhSD,2
"As Amazon gears up for Prime Day on July 12 and 13, shoppers may be less enthusiastic this year about the big annual sale. Here's why deal experts say you might want to skip the event altogether.  https://t.co/Yhj35zoFD1",2
Watch CNBC's full interview with Costco CEO Craig Jelinek  https://t.co/iqp61Gn247,2
"Frontier urges Spirit to delay vote again, let shareholders consider 'best and final' offer  https://t.co/fDxCb8LB7l",2
Costco CEO’s one-word answer to whether he would raise the price of hot dogs: “No”  https://t.co/JDzQK7aPm2,2
Apple announced a new feature for iPhones called Lockdown Mode to protect high-profile users such as politicians and activists against state-sponsored hackers.  https://t.co/58zWRBM9MR,2
8 ways the Elon Musk-Twitter saga could end  https://t.co/tsMySK5V7L,2
"Witter Family Office bets big on crypto, 'still believes' in blockchain technology  https://t.co/yFek6WzZPs",2
CNBC affirms its position as the number 1 business news brand in Europe  https://t.co/n65hmOpFAh,2
"TikTok shares your data more than any other social media app — and it’s unclear where it goes, a study says.  https://t.co/PDpExMV8Vn (via @CNBCMakeIt)  https://t.co/IUfERr1xP9",2
$TSLA  press release in thread. Still Sees 50% Average Annual Growth In Vehicle Deliveries,2
$PRPH: ProPhase announces licensing of new investigational cancer compounds  https://t.co/nuyI8D9wRZ,2
$LPSN: LivePerson announces agreement with Starboard Value LP  https://t.co/KuporWVN0Y,2
$ANIX: Anixa Biosciences announced that the USPTO has issued a Notice of Allowance broadening protection of Anixa's...  https://t.co/xw8qiENq7h,2
$COMM: CommScope Collaborates with Microsoft to Advance Industrial Manufacturing with Private Wireless Network...  https://t.co/kEFBeG1PLz,2
"$SGMO: Sangamo Therapeutics: EC grants Orphan Medicinal Product Designation to TX200, a Chimeric Antigen Receptor...  https://t.co/WYhnyWD89P",2
$IXHL: Incannex Healthcare has received approval from the Bellberry Human Research Ethics Committee for a phase 1...  https://t.co/ydej83dk7W,2
$RXRX: Recursion Pharmaceuticals granted EU Orphan Drug Designation for REC-4881 for the potential treatment of...  https://t.co/dCZW61MUmL,2
$GPRK: GeoPark Announces Second Quarter 2022 Operational Update  https://t.co/YpQ1FkNWEz,2
$OLMA: Olema Pharmaceuticals receives FDA Fast Track designation for OP-1250 for the treatment of ER+ / HER2-...  https://t.co/3VLeyStOTv,2
$CMP: Compass Minerals signs a non-binding memorandum of understanding to explore supplying Ford Motor Company (F)...  https://t.co/Y1iM2nXt9s,2
$KPTI: Karyopharm Therapeutics and Menarini Group receive full Marketing Authorisation from the European Commission...  https://t.co/XtLi0pPvbH,2
$BA: Boeing: Cargolux selected the 777-8 Freighter as the preferred solution to replace its 747-400 fleet  https://t.co/XGb4NnjLDX,2
$BA: Boeing and Qatar Airways today finalized an order for 25 737 MAX airplanes  https://t.co/TNUMSAq9nR,2
"$VERV: Verve Therapeutics priced upsized underwritten public offering of 8,333,334 shares of common stock at $27.00...  https://t.co/LGNkL0XGPb",2
$CTSH: Cognizant Tech signed a new multi-year agreement with Organon (OGN) to help improve the company's delivery of...  https://t.co/Jid0H5wD9e,2
"$GIB: CGI Group selected to help the Federal Communications Commission advance America's communications strategies,...  https://t.co/foA3WSZUSN",2
$PRMW: Primo Water completed its previously announced exit from its business in Russia  https://t.co/cmWf08Viiq,2
$DOW: Dow and Mura Technology to build multiple recycling facilities in the U.S. and Europe  https://t.co/Y7B7LN30Bn,2
$LLAP: Terran Orbital announced the commissioning of the Fleet Space CENTAURI-5 payload  https://t.co/Y9MDU2VpsS,2
$PAAS: Pan Am Silver drills highest grade intercept to date on the La Colorada Skarn project  https://t.co/9EXT97VfZp,2
"$CCL: Carnival prices offering of 102,139,621 shares of common stock at $9.95 per share  https://t.co/xurHLSadYG",2
$NGLOY: Anglo American reports Q2 production  https://t.co/nFBtWjkLLR,2
$ABUS: Arbutus Biopharma provides update on the phase 2A combination trial with AB-729 and a Capsid Inhibitor  https://t.co/r0R0T6FZUR,2
$ABUS: Arbutus Biopharma: CORRECTION -- ABUS provided an update on its Phase 2A combination trial  https://t.co/b0UDXbhCBQ,2
$VERV: Vertex Pharma and Verve Therapeutics announce research collaboration  https://t.co/Pf1Db5b1iU,2
"$F: Ford Motor: On Thursday, co will share an update on the Ford+ plan to lead the electric vehicle revolution  https://t.co/A9ywd30UyX",2
"$ASMB: Assembly Biosciences is discontinuing further development of its first-generation core inhibitor, vebicorvir;...  https://t.co/LBkpExveFJ",2
$EFX: Equifax CORRECTION: Our initial post featured a reported number for Q2 EPS when it should have referenced the...  https://t.co/sPJli86Gv0,2
$CCL: Carnival commences $1 bln common stock offering  https://t.co/AaMgYHNt3U,2
"$HLVX: HilleVax announces results from NOR-213, a Phase 2 long-term immunogenicity follow-up clinical trial of...  https://t.co/VOAOPSIzkh",2
$ABBV: AbbVie: Health Canada approves AbbVie's RINVOQ for the treatment of adults with active ankylosing spondylitis  https://t.co/DLj7nPtJif,2
$MAT: Mattel Announces Multi-Year Agreement with SpaceX to Produce Toys and Collectibles  https://t.co/y8UTkSgCcu,2
$BA: Boeing: Millennium Space Systems demonstrates advanced satellite constellation technologies  https://t.co/alHRjqdnnQ,2
$SCHL: Scholastic Corp announce that its Board of Directors today approved a 33% increase in its regular quarterly...  https://t.co/QeTg7K2Cr0,2
$YELL: Yellow Corporation entered into a memorandum of agreement today with the U.S. Army Partnership for Your...  https://t.co/5maupYF7ov,2
$ASTL: Algoma Steel Group has reached a tentative agreement for a new labour contract with United Steelworkers Local...  https://t.co/RV1Q078Ema,2
$CTVA: Corteva Agriscience and 2Blades have reached a milestone in their collaboration to develop a transgene for...  https://t.co/5RjSOPDkR5,2
$ALHC: Alignment Healthcare plans to extend its tech-enabled Medicare Advantage plans to three more counties in...  https://t.co/Kye0BD0FDw,2
$PH: Parker-Hannifin: Parker Aerospace announces a partnership to further the development of electric flight  https://t.co/clA5noKUck,2
"$ASTS: AST SpaceMobile announces that its BlueWalker 3 test satellite has been fully assembled and left its Midland,...  https://t.co/K6xJQ0Vo2M",2
$UL: Unilever PLC: Unilever Food Solutions in the United States is recalling approximately 553 cases of Knorr...  https://t.co/DM5iXE2E6D,2
$SKYT: SkyWater Technology plans to build a $1.8 bln U.S. semiconductor R&amp;D and production facility in Indiana...  https://t.co/mPcUkn248G,2
Bath &amp; Body Works' reduced outlook not very soothing as inflation takes a toll on sales $BBWI $VSCO $BBBY $KSS $ULTA  https://t.co/juGF34IOh2 #retail #candles #lotion #soap #earnings #consumer #spending #inflation #stockmarket,2
$TECK: Teck Resources announces agreement with PolyMet Mining (PLM) for JV  https://t.co/y1v18aaQC8,2
$KTOS: Kratos Defense and Security was awarded a contract by the US Army to demonstrate a virtualized SATCOM ground...  https://t.co/pUNGJQKhT3,2
$PTCT: PTC Therapeutics: EC grants marketing authority to Upstaza (eladocagene exuparvovec)  https://t.co/1mVs21Mc98,2
$EIGR: Eiger BioPharmaceuticals: EC grants marketing authorization for Zokinvy (lonafarnib) a breakthrough therapy...  https://t.co/RuJSnp5aze,2
$KPTI: Karyopharm Therapeutics announces new regulatory designations for eltanexor for the treatment of...  https://t.co/GAHPFoWyzJ,2
$GE: General Electric: GE Digital announces at the Farnborough Air Show that it had signed a Memorandum of...  https://t.co/fD1jVw0Woc,2
$MRK: Merck reports Phase 3 KEYNOTE-412 Trial did not meet its primary endpoint  https://t.co/5jQlCg633a,2
$LIN: Linde plc signs agreement to supply high-purity industrial gases to PT Freeport Indonesia  https://t.co/fOQOzdaxQy,2
$BDSX: Biodesix to present data at IASLC 2022 World Conference demonstrating that the VeriStrat Test is predictive...  https://t.co/4qjnlRZuXf,2
$MRCY: Mercury has been selected by Leonardo UK to provide multiple radar test and simulation systems to...  https://t.co/WHbhOGiqK5,2
$TTE: TotalEnergies SE has definitively withdrawn from Myanmar  https://t.co/yt0eNKW3Sw,2
$RVMD: Revolution Medicines prices offering of 11.5 mln shares of common stock at $20.00 per share  https://t.co/ODjvgdQckR,2
$AIR: AAR Corp awarded a Captains of Industry contract with the Defense Logistics Agency  https://t.co/byGAgoqLPi,2
$OMIC: Singular Genomics Systems files for $250 mln mixed securities shelf offering  https://t.co/QcQrWWeQtU,2
$LSCC: Lattice Semi collaborates with LG to bring edge AI technology to LG's 2022 premium laptop lineup  https://t.co/wNgQvyGFnF,2
$RVMD: Revolution Medicines commences public offering to sell up to $200 mln of shares of common stock  https://t.co/aAAk4YfPAM,2
$PFE: Pfizer and BioNTech (BNTX) complete submission to European Medicines Agency for Omicron BA.1 adapted bivalent...  https://t.co/aRG8Qmt3kT,2
$WFG: West Fraser releases statement; has not received a proposal and there are no ongoing discussions regarding the...  https://t.co/9vMwG8hsCR,2
$SNX: TD Synnex to distribute AWS Storage Gateway Hardware Appliance; gives customers purchasing options and...  https://t.co/0enIleVBXI,2
$TSP: TuSimple Holdings announces partnership with Hegelmann Group  https://t.co/W2boTikkV6,2
"$MAT: Mattel and Skydance announce plans to develop Matchbox, its iconic real-world die-cast toy vehicle line, into...  https://t.co/PCvepXIkFg",2
"$VWAGY: Volkswagen AG confirms new independent company, Scout, with an iconic brand will launch all-electric...  https://t.co/BvXO8yNSA6",2
$TTEC: TTEC Holdings has been selected as a launch partner for Microsoft's (MSFT) Digital Contact Center Platform  https://t.co/UHvR5p81WH,2
"$MRTN: Marten Transport thrived in Q2 despite a national driver shortage, a good sign for the transportation industry  https://t.co/TFqFJxex7V",2
"$CCK: Crown will construct a second high-speed line at its Parma, Italy aluminum beverage can facility  https://t.co/SNP4upNpWN",2
$EVEX: Eve Holding announces at the Farnborough Airshow a non-binding Letter of Intent with Embraer (ERJ) and BAE...  https://t.co/SArew9QeHM,2
$GM: General Motors: GM Defense was selected by the U.S. Army to provide a battery electric vehicle for analysis and...  https://t.co/XzpNt3OiMX,2
$LMDX: LumiraDx announces underwritten public offering of 40.0 mln common shares  https://t.co/HsPFAjHejr,2
$HNST: Honest Company to expand distribution to Walmart (WMT)  https://t.co/Y2Vq8iHhxE,2
$BX: Blackstone and Hudson Pacific Properties (HPP) have received a positive resolution at planning committee to...  https://t.co/5CweYXunig,2
$SBEV: Splash Beverage Group has extended the distribution of TapouT through agreements with three separate...  https://t.co/zxx2guAetf,2
$ATI: Allegheny Tech has reached a new multi-year agreement with GKN Aerospace to supply high-value titanium...  https://t.co/zBxIukQ6L9,2
$AER: AerCap confirms order for five additional Boeing (BA) 787-9 Dreamliners  https://t.co/NSQDfkJhzu,2
$SLGN: Silgan Holdings is transferring the listing of its Common Stock to NYSE from the Nasdaq Global Select Market...  https://t.co/dObTq62V4p,2
"$ZEV: Lightning eMotors and Collins Bus Corporation, a subsidiary of REV Group (REVG), announce the expansion of...  https://t.co/FJtRuXIFyM",2
$GIB: CGI Group: Arizona extends partnership with GIB to transform state-wide financial management and accounting...  https://t.co/jIa7OCPNBL,2
$INO: Inovio Pharma announces corporate reorganization to reduce operational expenses and focus on opportunities to...  https://t.co/aJIRCl2Ysn,2
$APLS: Apellis Pharmaceuticals receives FDA Acceptance and Priority Review of the New Drug Application for...  https://t.co/oIAoNHUm52,2
$CLNN: Clene receives positive EMA opinion on Orphan Drug Designation for CNM-Au8  https://t.co/2jXPWVHoXf,2
$AVDL: Avadel Pharmaceuticals receives tentative approval of LUMRYZ  https://t.co/MKdslugfxb,2
$VKTX: Viking Therapeutics announces FDA has lifted clinical hold on Phase 1b trial of VK0214 in patients with X-ALD  https://t.co/y9INdkDbNc,2
$GXO: GXO Logistics reaches multi-year agreement with 6 River Systems for robots  https://t.co/9yroGnxu50,2
$TPTX: Turning Point Therapeutics: Bristol Myers Squibb (BMY) announces extension of Turning Point tender offer  https://t.co/V0zcFGXSsC,2
$MTB: M&amp;T Bank authorizes $3.0 bln share repurchase program  https://t.co/6332UiUBY5,2
"$LEV: Lion Electric announced that its customers in Canada can now receive up to $150,000 in funding under Transport...  https://t.co/qIWo7giDk5",2
$E: Eni S.p.A. signs a new contract on blocks 404-208 in Algeria  https://t.co/VnsbcQeazP,2
$MRK: Merck: LYNK-003 trial evaluating LYNPARZA with or without bevacizumab in patients with unresectable or...  https://t.co/jlAb7Krbny,2
"$BA: Boeing: 777 partners expands 737 MAX fleet, ordering up to 66 more fuel-efficient jets  https://t.co/x459liSwp8",2
$AZN: AstraZeneca: Enhertu approved in the EU for patients with HER2-positive metastatic breast cancer treated with...  https://t.co/t7ijoETfoE,2
$INCY: Incyte announces U.S. FDA Approval of Opzelura cream for the treatment of vitiligo  https://t.co/paqNJz4a2o,2
$EE: Excelerate Energy signs MOU with Bulgaria's Overgas relating to regasified LNG downstream sales  https://t.co/aRws3Nb8Le,2
"$LZB: La-Z-Boy finalizes plans for previously announced closure of its Newton, MS facility  https://t.co/K0m5upv1VO",2
$LH: Laboratory Corp expands its automated clinical trial kit production line in Belgium  https://t.co/8uTLiAbCCK,2
"$VRRM: Verra Mobility expands its European operations with new contract wins, partnerships and strategic memberships  https://t.co/mKRCcW3YGp",2
$NVTA: Invitae introduces a realignment of its operations; expects to deliver approximately $326 mln in non-GAAP...  https://t.co/mqh25ITw9o,2
$APLD: Applied Blockchain enters into a five-year hosting contract with Marathon Digital Holdings (MARA) for 200-MW...  https://t.co/LAbKINpb1I,2
$MTRX: Matrix Service's subsidiary selected by Northrop Grumman for two thermal vacuum chamber projects  https://t.co/JHABoazFkH,2
"$RTX: Raytheon Technologies: Raytheon Missiles &amp; Defense in partnership with Northrop Grumman (NOC), successfully...  https://t.co/moQEyBtXhK",2
$GD: General Dynamics: General Dynamics Information Technology was awarded the Europe-Wide Information Technology...  https://t.co/CMxZfKWMZJ,2
$BA: Boeing and Alder Fuels announce a new partnership to expand production of sustainable aviation fuel around the...  https://t.co/cxhCJrc4v0,2
$ABNB: Airbnb and Sentral to launch new homeshare program across select communities  https://t.co/Us3z1k0dsh,2
$GMAB: Genmab confirms that AbbVie (ABBV) will submit Marketing Authorization Application to EMA for Epcoritamab...  https://t.co/iAiCtvX5hP,2
"#BankofAmerica posts solid quarter; US consumer resilient, but concerns linger as we enter 2H $BAC $JPM $C  https://t.co/n5mDQ8Pq1D #bankstocks #consumer #banking #bank #earnings #interestrates #inflation #recession #economy #stockmarket",2
$DSX: Diana Shipping announces time charter contract for m/v Boston with Aquavita; anticipated to generate ~$5.25...  https://t.co/yYIhK99mMM,2
$AMLX: Amylyx Pharmaceuticals announces a two-year sponsored research agreement with Sunnybrook Research Institute  https://t.co/KULqTq79gH,2
$EVEX: Eve Holding announces Halo Aviation as the launch customer for its Urban Air Traffic Management solution  https://t.co/az8E07UKkM,2
"$HLIO: Helios Technologies Releases Efficient, Energy Saving ecoline Program Through Its Operating Company, Sun...  https://t.co/LLnSyqf1R4",2
$GE: General Electric unveils brand names for three planned future public companies; GE HealthCare to be listed on...  https://t.co/oas8IfYCF9,2
$PMVP: PMV Pharmaceuticals has entered into a clinical trial collaboration and supply agreement with Merck (MRK) to...  https://t.co/Q6mnGPFLud,2
$IMAB: I-Mab to Present Phase 2 Clinical Data of CD47 Antibody Lemzoparlimab at ESMO Congress 2022  https://t.co/md6vKm8QmU,2
$APYX: Apyx Medical receives FDA 510(k) clearance for the use of Renuvion  https://t.co/sPTqQIdpbc,2
$ASTL: Algoma Steel Group announces OSC relief in substantial issuer bid  https://t.co/rDg0q5R2CX,2
$EYPT: EyePoint Pharmaceuticals to outline financial update at Investor Day schedule to begin at 8 a.m. ET  https://t.co/u0SvAhRvZa,2
$TIGO: Millicom International Cellular signs FTTH wholesale network agreement with ETB in Bogota  https://t.co/G29kdQ77p8,2
$DNA: Ginkgo Bioworks announces collaboration with Sumitomo Chemical (SOMMY)  https://t.co/YCbpS6odSt,2
$AER: AerCap signs lease agreement with GOL Linhas Aereas Inteligentes S.A. (GOL)  https://t.co/r2T6AG9uO7,2
$MA: Mastercard and D-Wave Systems announced a multi-year strategic alliance to champion the acceleration and...  https://t.co/tGkar5s0S3,2
$EDAP: EDAP TMS SA announces Focal One HIFU reimbursement raised for CY23  https://t.co/tfCpzvkv9S,2
$BA: Boeing and ANA Holdings (ALNPY) formalized order of 20 737-8 airplanes  https://t.co/DURNGXqki4,2
$ACM: Aecom Tech selected by Arizona Department of Transportation to develop plan for the statewide deployment of...  https://t.co/Dwc9S3txrD,2
$DAL: Delta Air Lines to modernize single-aisle fleet with up to 130 Boeing (BA) 737 MAX jets  https://t.co/HiBdbBskbw,2
"$RRR: Red Rock Resorts decided to permanently close its Texas Station, Fiesta Rancho, and Fiesta Henderson...  https://t.co/UfaCwkmKYI",2
$EYES: Second Sight Medical Products announces year four NIH funding of its Orion study  https://t.co/222bsFqeNY,2
$ISEE: IVERIC bio reports post-hoc analysis from GATHER1 clinical trial of Zimura  https://t.co/E4Hp6ruezO,2
$ABBV: AbbVie submits MAA to EMA for atogepant for the preventive treatment of migraine  https://t.co/cieexd8crJ,2
$BA: Boeing forecasts demand for more than 41K new airplanes by 2041  https://t.co/xXUF8MPjmT,2
"$QD: Qudian Provides QD food progress report; as of July 18, 2022, the Company has 15 warehousing, assembly and...  https://t.co/L3lxxnlyBA",2
$SOFI: SoFi Technologies files for $1 bln mixed securities shelf offering  https://t.co/b0S0B3RrwN,2
$IEP: Icahn Enterprises files for $1.2 bln mixed securities shelf offering  https://t.co/ZXEMCCZRIU,2
"$FNKO: Funko files for $100 mln mixed securities shelf offering; also files for 17,318,008 share common stock...  https://t.co/05GD0ywO67",2
$TREE: LendingTree files mixed securities shelf offering  https://t.co/i34s3Yyx92,2
"$VERX: Vertex files for 36,197,237 share common stock offering by selling shareholders  https://t.co/UCj3RrNd8S",2
$VUZI: Vuzix announces that the Company has received a volume OEM purchase order for custom designed waveguides from...  https://t.co/sCOtZiXZfq,2
"$BVNRY: Bavarian Nordic A/S: US ordered an additional 2.5 mln doses of liquid-frozen JYNNEOS, a non-replicating...  https://t.co/yT7ed2DBme",2
$UNH: UnitedHealth will eliminate out-of-pocket costs in standard fully insured group plans for certain preferred...  https://t.co/8pCjVx1t2k,2
"$EYPT: EyePoint Pharmaceuticals announces ""positive"" 12-month safety and efficacy data from Phase 1 DAVIO clinical...  https://t.co/DcN0NG87R9",2
$EVTL: Vertical Aerospace Group announces that FLYINGGROUP conditionally pre-ordered up to 50 VX4 aircraft; secures...  https://t.co/TzSycBP2BR,2
$KMDA: Kamada: Labor strike in Israel manufacturing facility signs collective agreement; Q2 results expected to be...  https://t.co/ImtW8vc0o9,2
"$BORR: Borr Drilling secured a binding Letter of Award for the premium jack-up drilling rig ""Mist"" from Mubadala...  https://t.co/DL7pmnSIaO",2
$NXE: NexGen Energy: Canadian Nuclear Safety Commission approves NexGen draft EIS to proceed to technical review  https://t.co/7QPp7C6GDL,2
$BIDU: Baidu to announce major advance in autonomous driving and new version of Kaiwu to be unveiled on Baidu AI...  https://t.co/Voq5t6yu0O,2
$GD: General Dynamics awarded $273 mln US Navy contract  https://t.co/DqtjgZBw1T,2
$GD: General Dynamics awarded $908 mln US Air Force contract  https://t.co/AhCCN9ZShZ,2
$ABC: AmerisourceBergen awarded a $6.065 bln firm-fixed-price requirements contract by the Defense Logistics Agency...  https://t.co/SSJWC8uGXF,2
$TRQ: Turquoise Hill Resources provides Q2 updates; copper production guidance for 2022 remains within the range of...  https://t.co/LPMDl6wiN4,2
$CDXS: Codexis signs deal with Pfizer to supply enzyme used in PAXLOVID...stock halted  https://t.co/BWAQsojF8E,2
$MRCY: Mercury's new mPOD is currently undergoing final flight testing  https://t.co/eZNXGneGlC,2
"$CLOV: Clover Health to offer Medicare Advantage plans in 13 new counties across GA, SC, and TN  https://t.co/dkCRfmQDYF",2
$SPCE: Virgin Galactic signs a long-term lease for a new final assembly manufacturing facility for its next-gen...  https://t.co/Qf5R6NHFml,2
$SNCY: Sun Country Airlines selected by the U.S. Department of Transportation to provide Essential Air Service for...  https://t.co/09uMGsPlWY,2
"$SYF: Synchrony Financial launches ""Pay with Synchrony"" app in collaboration with Fiserv's (FISV) Clover  https://t.co/Ovq2yZOBaB",2
$BORR: Borr Drilling announces that agreements in principle have been reached with most of the secured creditors to...  https://t.co/3cxwCdHTTx,2
$NVEI: Nuvei Corporation extends partnership with GoldBet to enable new payment methods including Apple Pay  https://t.co/3pu5Gi7wP9,2
$GOEV: Canoo: US Army awards GOEV contract to supply EVs for analysis and demonstration  https://t.co/iSowsAdWDG,2
"$AMZN: Amazon reports Prime Day 2022 was the ""biggest prime day event ever""  https://t.co/XrC6vVHB36",2
$MDT: Medtronic: FDA clears UNiD Spine Analyzer v4.0 planning platform with degenerative spine surgery predictive...  https://t.co/cT0xw7WXKl,2
$AMYT: Amryt Pharma plc: FDA grants Orphan Drug Designation to Mycapssa for the treatment of Carcinoid Syndrome  https://t.co/9LQexiWHs3,2
$CLNN: Clene and its wholly owned subsidiary Clene Nanomedicine Inc. report significantly improved survival in ALS...  https://t.co/yUrHvRI064,2
$COP: ConocoPhillips and Sempra (SRE) Infrastructure sign heads of agreement for large-scale LNG projects and carbon...  https://t.co/O7aseZ9Ktq,2
$SON: Sonoco Products ThermoSafe and Turkish Airlines announce a global partnership agreement for leasing the new...  https://t.co/ToGw7tMAcC,2
$THTX: Theratechnologies provides update on the dose escalation portion of Fast Track Designated TH1902  https://t.co/PVMNLw6Jg8,2
"$BLU: BELLUS Health prices offering of 16,540,541 common shares at $9.25 per common share  https://t.co/5mOFACIUxs",2
$GOL: GOL Linhas Aereas Inteligentes S.A. reports traffic increased 54% yr/yr  https://t.co/YfDl4RQZZR,2
$HIVE: HIVE Blockchain Technologies expects to complete its annual filings on or before July 18  https://t.co/o7m6JUaGGG,2
$NVAX: Novavax confirms that its COVID-19 vaccine has received EUA from the FDA  https://t.co/y9BxVOTqGF,2
$CMTL: Comtech Telecom files for $200 mln mixed securities shelf offering  https://t.co/zGVh0toYoV,2
$WTFC: Wintrust Fin to increase its minimum wage paid to eligible non-commission hourly employees to $18 per hour...  https://t.co/JJcKoR7EIG,2
$BRDG: Bridge Investment Group expands into solar energy via partnership with Lumen Energy  https://t.co/qHsjUkTwQD,2
$BLU: BELLUS Health announces the launch of a public offering of common shares in Canada and the US  https://t.co/KpVXiNtIT8,2
$RKLB: Rocket Lab USA supports a milestone for DARPA and the Space Development Agency's Mandrake-2 mission  https://t.co/1mUk4cP6iL,2
$VCTR: Victory Capital reports June AUM of $154.9 bln as of June 30; long-term net flows in Q2 were -$0.6 bln  https://t.co/GfGHM5GzN8,2
$IAC: InterActiveCorp and Angi Inc. (ANGI) report June 2022 performance metrics  https://t.co/goVFgpNHhU,2
$WDAY: Workday achieves FedRAMP authorized status at the Moderate security impact level for Workday Government...  https://t.co/6uKj8ZYUVR,2
"$GD: General Dynamics' Land Systems has been awarded a competitive award worth up to $280,112,700 to procure Trophy...  https://t.co/9gpJI8RkuA",2
$NFLX: Netflix confirms plans to partner with Microsoft (MSFT) on new ad supported subscription plan  https://t.co/bCmO4oxWyS,2
$AMRC: Ameresco announces the completion of its combined guaranteed utility savings project with the New Mexico...  https://t.co/qXjHNmtqWj,2
$CUK: Carnival plc and Barclays PLC (BCS) renew multi-year credit card partnership  https://t.co/yw6zqk6Ybz,2
$WTRG: Essential Utilities announces that its Aqua Pennsylvania subsidiary was the sole company selected by the...  https://t.co/ls5f9PWmN4,2
$BAESY: BAE Systems wins $699 mln contract from U.S. Army to support High Performance Computing Centers  https://t.co/xKCbUmqvM2,2
$GTHX: G1 Therapeutics announces that the China National Medical Products Administration has conditionally approved...  https://t.co/PrjSq3Y5p9,2
"$MMSI: Merit Medical announces the enrollment of the first patient in its Canadian prospective, post-market,...  https://t.co/NUTEQXAFjm",2
$QUOT: Quotient initiated a workforce reduction plan in connection with its ongoing business transformation efforts  https://t.co/N6wlDN7rQu,2
$TRUE: TrueCar announced the nationwide expansion of the company's home delivery program for select used vehicles on...  https://t.co/qE6VzM1dDt,2
$GOSS: Gossamer Bio announces $120 mln private placement financing  https://t.co/Nq4BdbicnG,2
$BNED: Barnes &amp; Noble Education sees significant increase in campuses that have committed to using Barnes &amp; Noble...  https://t.co/vr93le4VAl,2
$BB: BlackBerry announces the four companies that will make up the third cohort of their joint accelerator program  https://t.co/gCyOSdpJ4H,2
$KIDS: OrthoPediatrics announces exclusive distribution agreement with 3D-Side S.A.  https://t.co/TySxnR1H8U,2
$TWST: Twist Bioscience announces collaboration with DNAnexus  https://t.co/iLymY56eg9,2
"$TDY: Teledyne Tech announces three milestones for the organization, including Teledyne Webb Research producing and...  https://t.co/mDCtrO8DYs",2
$APEN: Apollo Endosurgery: FDA grants De Novo Marketing Authorization to Apollo Endosurgery for Apollo ESG and...  https://t.co/fbx3Sn1iyI,2
$EMX: EMX Royalty commences commercial production for oxide gold mineralization at its flagship Gediktepe royalty...  https://t.co/cqLGW4C3X8,2
$ZLAB: Zai Lab announces China's NMPA has accepted the BLA for efgartigimod alfa injection  https://t.co/LBl9onocaz,2
$WBX: Wallbox and Svea Solar announce a new partnership to integrate solar and EV charging  https://t.co/zwSZFy7hVj,2
$LH: Laboratory Corp launches Neurofilament Light Chain blood test that allows doctors to identify and verify signs...  https://t.co/V8QthuRLG0,2
$OPTN: OptiNose announces results from the ReOpen trial program evaluating XHANCE for treatment of patients with...  https://t.co/5WZuDivPnE,2
$AEVA: Aeva announces that the first Aeries II 4D LIDAR sensors have been produced and shipped to strategic customers  https://t.co/x411A7c0D8,2
$UEC: Uranium Energy Corp Files S-K 1300 Technical Report Summary Disclosing a Total of 32M lbs of Indicated...  https://t.co/yrAD1HYlUK,2
$NEWP: New Pacific Metals announces assay results of first five drill holes of the 2022 drill program at the...  https://t.co/Y2fcAuUSTt,2
"$VALE: Vale S.A. starts construction for the Zhongzhai Pre-blending Project, a partnership between Vale, Jiangsu...  https://t.co/z68KnHA5YR",2
$SLI: Standard Lithium provides updates on project developments  https://t.co/3qrLwDFlb1,2
"$NUVL: Nuvalent will present two posters for its parallel lead programs, NVL-655, an ALK-selective inhibitor and...  https://t.co/t0321o04Gb",2
$GOOG: Alphabet CEO Sundar Pichai shared message with Google employees - confirms will be slowing the pace of hiring  https://t.co/IWLm7sqtlN,2
$NUTX: Nutex Health provides update on growth strategy  https://t.co/M8f5WDscVp,2
"$GEVO: Gevo announces a new fuel sales agreement with Aer Lingus, which is owned by International Airlines Group  https://t.co/dtuXV6ScZL",2
$HGEN: Humanigen receives preliminary topline data from NIH/NIAID study of Lenzilumab in ACTIV-5/BET-B ; study did...  https://t.co/yr572miZBi,2
"$PLRX: Pliant Therapeutics prices offering of 10,810,811 shares of its common stock at $18.50 per share  https://t.co/x4TxBkBs4G",2
$PBR: Petrobras provides update on sale of stake in electric power sector company; clarifies price news  https://t.co/iUWDPDQlGR,2
$KNTK: Kinetik files for $400 mln mixed securities shelf offering  https://t.co/24BPTcuGff,2
$FAST: Fastenal authorizes new 8 mln share repurchase program  https://t.co/lXFBo1NEix,2
$LLAP: Terran Orbital announces the successful completion of CAPSTONE's second TCM burn  https://t.co/wdtXf4WHrL,2
"$IVZ: Invesco reports preliminary month-end assets under management of $1,390.4 bln as of June 30, a decrease of...  https://t.co/Vlpgl472H7",2
"$APAM: Artisan Partners Asset Mgmt reports preliminary assets under management of $130.5 bln as of June 30, 2022  https://t.co/cmRU54m1k2",2
$GBDC: Golub Capital originated $449.6 mln in new middle-market investment commitments during Q3 (Jun)  https://t.co/KeCO1gL3ca,2
$SIGA: SIGA Technologies announces approximately $28 mln of procurement orders for oral TPOXX  https://t.co/9pN2Mw8dKI,2
$ARVL: Arrival proposes a reorganization which includes a 30% reduction in spend  https://t.co/u54B80YxtL,2
"$ACMR: ACM Research introduces its new post-CMP cleaning tool, serving as a cleaning step following the chemical...  https://t.co/p9ax2T9h4K",2
"$VRTS: Virtus Investment Partners reports preliminary assets under management of of $155.4 billion as of June 30,...  https://t.co/nvtkjttASl",2
$VSAT: Viasat announced Virgin Atlantic has selected Viasat's in-flight connectivity solution for its new Airbus...  https://t.co/XE3DR4RiW1,2
$IHRT: iHeartMedia and CuriosityStream's (CURI) Curiosity to launch the Curiosity Audio Network; will develop and...  https://t.co/SDnVjOEgy1,2
$BA: Boeing Announces Second-Quarter Deliveries  https://t.co/DVfV1KeUUe,2
$RELL: Richardson Elec announces global sales distribution agreement with Altum RF  https://t.co/zOwIKm7EJ9,2
#PriceSmart smarting from a familiar excess inventory situation that's pressuring margins $PSMT $COST $WMT $TGT $ROST $GPS  https://t.co/wCqgkD261n  #retail #earnings #supplychain #issues #inflation #inventory #consumer #spending #stockmarket,2
$TEVA: Teva Pharma has reached an agreement with the City and County of San Francisco and the People of the State of...  https://t.co/9JU12Zwy08,2
"$LRCX: Lam Research, Entegris (ENTG), and Gelest team up to advance EUV Dry Resist Technology Ecosystem  https://t.co/HpaIpC8Rgv",2
$BAESY: BAE Systems has delivered advanced M-Code GPS receivers for ground-based missions to Germany via the Foreign...  https://t.co/t5rF4rFJSL,2
$MYMD: MyMD Pharmaceuticals has entered into a material transfer agreement with Bascom Palmer Eye Institute of...  https://t.co/jL7zrxXIiQ,2
$AVPT: AvePoint announces enhancements across its cloud platform to improve security across multiple SaaS...  https://t.co/mJukY60hMh,2
$GDEV: Nexters announced changes to operations in Russia  https://t.co/JQbDkEmNd7,2
"$XPOF: Xponential Fitness: Club Pilates has signed a Master Franchise Agreement in the United Kingdom, including...  https://t.co/KgOICGCETE",2
$LPLA: LPL Financial Publishes Midyear Outlook 2022  https://t.co/1JoBpsr7Sd,2
$SKYT: SkyWater Technology announced the Department of Defense is funding a $27 mln Other Transactional Agreement...  https://t.co/bPOT7r5Fq5,2
$YMAB: Y-mAbs Therapeutics announced initiation of its first clinical trial with a SADA construct  https://t.co/8W5eGbfeWf,2
$ABT: Abbott Labs: FDA grants Breakthrough Device Designation to investigate deep brain stimulation (DBS) system  https://t.co/EPVzdIitRc,2
$MDT: Medtronic has entered strategic partnership with CathWorks; will invest up to $75 mln  https://t.co/saI4oaLqOh,2
"$NETI: Eneti: Scorpio Holdings Ltd purchased 153,825 common shares at average price of $5.25  https://t.co/AwQqQYgnyB",2
$RGLD: Royal Gold provides update on its Q2 2022 stream segment sales  https://t.co/TxauDtlyzC,2
$PHUN: Phunware's Smart Advocacy Solution to offer a social media integration with Twitter (TWTR)  https://t.co/LkKlJoJIKN,2
"$GOED: 1847 Goedeker to begin operating under the new parent brand name of Polished and have a new ticker (POL),...  https://t.co/WGcr0JXJYG",2
$RC: Ready Capital announces Q2 origination activity for its commercial real estate and small business lending...  https://t.co/zWO0uKlsMX,2
$SAVE: Spirit Airlines: Discovery Capital Management sends letter to Spirit Airlines Board of Directors regarding...  https://t.co/spnVLRjB5I,2
$SCPH: scPharmaceuticals Inc. Announces Positive Results from the AT HOME-HF Phase 2 Pilot Study in Heart Failure  https://t.co/oH16qJejxc,2
$BYRN: Byrna Technologies clarifies Monday's press release regarding the sale of its 40 millimeter blunt impact...  https://t.co/5Jn6U0OTEW,2
$NRGV: Energy Vault announces that management and senior officers of the Company entered into new time and...  https://t.co/DZ8aatByqj,2
"$AER: AerCap reports leased, purchased and sold 184 assets in the second quarter 2022  https://t.co/KHiDY3Sdkw",2
$XPO: XPO Logistics unveils RXO as company name for planned spin-off  https://t.co/6ZYJl9hk7M,2
$XOS: Xos secures purchase order for 10 stepvans from Zeem Solutions  https://t.co/3v8yQzgXPP,2
$MAIN: Main Street Capital recently invested $19.5 mln in three existing lower middle market portfolio companies  https://t.co/9cERLXoQZY,2
$ALDX: Aldeyra Therapeutics achieved primary endpoints in dry eye disease chamber crossover clinical trial  https://t.co/S6SEHxWnHQ,2
$RYTM: Rhythm Pharmaceuticals Announces Positive Interim Results from Phase 2 Clinical Trial Evaluating...  https://t.co/ikB6JYkwkf,2
$NVMI: Nova Measuring announces that a leading logic manufacturer recently selected Nova METRION for next-generation...  https://t.co/0H1so7VOb8,2
$INVZ: Innoviz Technologies and Joowon Industrial announced their cooperation to drive sales for Innoviz's LiDAR in...  https://t.co/Y64xIiChyP,2
$SMR: NuScale Power signs license agreement with Paragon  https://t.co/fpFgjT5juH,2
$EWU: Heathrow Airport will be implementing a departing passenger cap of 100k from today to 11 Sept  https://t.co/m2wHzH9D4U,2
$PTON: Peloton exits owned-manufacturing and expands partnership with Rexon  https://t.co/6uv0FpQrp9,2
"$GOEV: Canoo receives purchase order of 4,500 Canoo Electric Delivery Vehicles from Walmart (WMT)  https://t.co/b7Ka4Gftew",2
$GLSI: Greenwich LifeSciences announced that the FDA has removed the clinical hold permitting the Flamingo-01 Phase...  https://t.co/h1GSMQZQbh,2
$PBR: Petrobras completed Drill Stem Test on 1-BRSA-1383A-RJS wildcat well (Alto de Cabo Frio Central Noroeste) in...  https://t.co/wNt7ov15sW,2
$PSTH: Pershing Square Tontine to redeem all shares for this SPAC because co will not consummate an initial business...  https://t.co/wdrib1Rs1i,2
$GATO: Gatos Silver announces production results from Cerro Los Gatos mine; Silver production increased by 9% and...  https://t.co/2aDbHz2cGH,2
$LH: Laboratory Corp forms strategic partnership with MD Anderson Cancer Center Foundation Spain  https://t.co/BQOnadyi7g,2
$UNVR: Univar Solutions subsidiary  https://t.co/Btp8kmni88 Inc chosen by Camlin Fine Sciences for the sales and distribution...  https://t.co/qxKrphMNdf,2
$MBI: MBIA receives initial distribution from Puerto Rico Highways and Transportation Authority  https://t.co/Rfc2aSd8vM,2
$BKD: Brookdale Senior Living reports that June month end occupancy increased by 40 bps from May  https://t.co/6jAhcGV1tH,2
$GLSI: Greenwich LifeSciences suspends share repurchase program  https://t.co/JXLzRBedMz,2
$AMK: AssetMark reports performance highlights for June  https://t.co/okGlqbsOuX,2
$FLR: Fluor awarded a new reimbursable contract by New Fortress Energy Inc.  https://t.co/zCnGZoNdDu,2
$VSTO: Vista Outdoor: Callaway Golf (ELY) initiates a long-term plan to integrate technology from Vista's Foresight...  https://t.co/t4cbdVz1sr,2
$CANO: Cano Health files for $500 mln mixed securities shelf offering  https://t.co/HY7iPE6OOv,2
$PLRX: Pliant Therapeutics commences public offering of $150 mln of common stock  https://t.co/pdFGtWBJKq,2
$GSK: GlaxoSmithKline has started shipping doses of its quadrivalent influenza vaccines to US healthcare providers...  https://t.co/2lj3DB5mzB,2
$TASK: TaskUs signed on Monday a Memorandum of Understanding with the Government of Tamil Nadu to pursue plans of...  https://t.co/T7F29FOlZq,2
$CODX: Co-Diagnostics has shipped testing reagents for monkeypox virus currently exhibiting a multi-country outbreak...  https://t.co/pMo6sMBwsU,2
"$DM: Desktop Metal expands global partnership with SolidCAM to four new countries in the Americas, Europe and Asia  https://t.co/D45unqz9Ph",2
$STXS: Stereotaxis announced the CE Mark submission for its MAGiC catheter  https://t.co/Kf6ldEz4Kq,2
$USEA: United Maritime Corporation to purchase fleet of four tanker vessels for $79.5 mln  https://t.co/klQ0Heonvj,2
$MULN: Mullen Automotive signs binding agreement with Amazon (AMZN) Delivery Service Partner DelPack Logictics for...  https://t.co/RBXqfKLcCb,2
$IMAX: IMAX: Thor: Love and Thunder opens with $23 mln at IMAX screens  https://t.co/amEDBggrQS,2
"$BMRN: BioMarin Presents Findings from Studies of Valoctocogene Roxaparvovec, Investigational Gene Therapy, at the...  https://t.co/Bc8PyK1L9j",2
$GOOG $GOOGL will complete the 20-1 stock split at market close today,2
Bitcoin cultists going to lose their shit about Tesla converting its BTC back to fiat lol,2
"$COO works back inside monthly value early, JNJ called out strength in contact lenses, eyecare",2
Answer  KUKA is a German manufacturer of industrial robots and systems for factory automation,2
$BTAI FORM 8-K  https://t.co/ktAcuVFyCG awesome !!  https://t.co/Q5CdnWFIY8,2
$EVFM Evofem Partners with a360 Media to Support Phexxi® Prescription Growth,2
$FRLN New England Journal of Medicine Publishes Positive Long-Term Data on Freeline's Gene Therapy Candidate FLT180a for People with Hemophilia B  https://t.co/agCz6lvkSR,2
$NEPT Neptune Wellness Solutions - Neptune Provides Sprout Organics Distribution Update  https://t.co/SUOiMOSkcn,2
"$JAGX FORM 8-K On July 19, 2022, Napo Pharmaceuticals, Inc. (“Napo Pharma”), the wholly-owned subsidiary of Jaguar Health, Inc. (“Jaguar”), entered into an amended and restated license agreement (the “Amended License Agreement”) with Napo Therapeutics S.p.A. (f/k/a Napo EU S.p.A.",2
$BB BlackBerry and LeapXpert Join Forces to Deliver Secure Communications in a Remote Age,2
"$AEI Form SC 13D/A out: Heng Fai Ambrose Chan claims to own 79,464,271 shares  https://t.co/shPIWZOiST",2
$EVFM 13G filed by Todd Stewart Cox 9.29% stake,2
$PMCB PharmaCyte Biotech Reports Positive Interim Results in Malignant Ascites Mouse Model Study,2
$SGBX Good news:  SG Blocks Enters Into Fabrication Agreement With Moliving For 60 Modular Units In Hudson Valley; Contract Valued At Approximately $15M,2
"$ADN Company receives EU approval for funding for their 782m euro fuel cell &amp; electrolyser plant. $135mn market cap. ""Advent Technologies Receives Official Ratification From the European Union for the ""Green HiPo"" IPCEI Project""",2
$MMAT Meta Materials Granted Two New U.S. Patents for Next-Generation Battery Separators,2
$BRQS Borqs’s Subsidiary Holu Hou Energy Signed an Agreement for $20 Million to Bring Renewable Energy to Key Hawaiian Cultural and Sporting Facility,2
$TSLA perks,2
$BABA WSJ: Alibaba Executives Called In By China Authorities Over Police Data Theft; More Than A Dozen Other Databases Hosted By Alibaba Suffered Similar Vulnerabilities ---&gt; Cybersecurity names $BB $CYRN,2
"$TLRY Tilray Brands’ Potently Canadian Cannabis Brand, CANACA Joins this Year’s Calgary Stampede and Releases ‘Wild West’ Product Lineup",2
$SIGA BANG BANG: SIGA Announces Approximately $28 Million of International Procurement Orders for Oral TPOXX® (Tecovirimat),2
$ENDP Endo Moving Toward Bankruptcy Filing Without Opioid Settlement Deal  https://t.co/BbuBbTBAh2,2
"$SIGA $TNXP $GOVX WORLD HEALTH ORGANIZATION SAYS 9,200 MONKEYPOX CASES NOW REPORTED FROM 63 COUNTRIES",2
$GME GameStop Launches NFT Marketplace,2
$KSCP News out: Knightscope Receives New Contract from Large REIT,2
".@Haleon_health is 100% focused on consumer health and home to a portfolio of brands including Advil, Sensodyne and Centrum.    We talk with CEO Brian McNamara about Haleon's debut as a standalone company and what’s next. #NYSEEFloorTalk.  https://t.co/SLWB6Aj2u4",2
We are excited to welcome @Haleon_health this morning! 🏛💚 Haleon is a new company with the purpose to “deliver better everyday health with humanity.” #NYSECommunity #HelloHaleon  https://t.co/cNYcSZWX9z,2
"Lincoln Financial aims to “provide financial security by helping people to plan, protect and retire with confidence.” 🔔 We’re thrilled to have @lincolnfingroup close the markets today by celebrating their new CEO, Ellen Cooper! 🎉 $LNC #NYSECommunity  https://t.co/G6jVN92yOK",2
".@Google is splitting its stock for the second time in history, but what does it all mean to investors? @KevinWTyrrell, Head of Research at the NYSE breaks down what a stock split is and what it means.  https://t.co/VirRGKvJcG",2
"@BarnesNext has great cause for celebration 🎉 With 165 years in business, we’re thrilled to congratulate the entire team, including Thomas Hook, appointed President &amp; CEO today!  Here’s to many more years in the #NYSECommunity 🏛 #PersistentIngenuity $B  https://t.co/E4KnAf3J0P",2
Harbor Capital and Quantix Commodities celebrate the Harbor Energy Transition Strategy ETF $RENW  https://t.co/H6wC9bqRNp,2
Opening doors for 2 decades 🚪 We were proud to welcome CEO Ramey Jackson and the @JanusIntl team to celebrate their 1st anniversary of listing and 20 year anniversary of founding! 🔔🎉 #NYSECommunity $JBI  https://t.co/iE63oe534V,2
@brainstormtech @FedEx .@renehaas237 CEO @Arm says “Metaverse to us means a brand-new ecosystem and we are really excited to see what that will mean.” We couldn’t agree more! @brainstormtech #brainstormtech,2
.@2WEnergia is one of Brazil’s 🇧🇷 largest providers of sustainable and renewable energy.  We talk with IR Director Eduardo Portelada about the company’s generation assets and prospects for the market. #NYSEFloorTalk🏛️  https://t.co/9XSskQIO0W,2
Overheard @brainstormtech 🗣 @FedEx (NYSE: $FDX) has invested $100m into the Yale Center for Carbon Capture to address the aviation carbon footprint which makes up about 3% of carbon output.,2
Suzano CFO Marcelo Bacci tells us about the actions the company is taking to combat deforestation and biodiversity loss in Brazil. #NYSEFloorTalk  https://t.co/TIrQITCKYa,2
Sitio Royalties aims to focus on “investing in mineral and royalty interests in the Permian and other productive U.S. oil basins.” 🔔 Congratulations to Chris Conoscenti and the entire Sitio team on your recent listing! 🏛 $STR #NYSECommunity  https://t.co/QwJC7xpK1O,2
The NYSE welcomes Sitio Royalties Corp. in celebration of its recent listing $STR  https://t.co/h6K8wccuue,2
The NYSE welcomes @OsiskoDev in celebration of its recent listing $ODV  https://t.co/zFdUG98zbY,2
The NYSE welcomes @Learning_Ally in celebration of their mission of educational equity #LiteracyForAll  https://t.co/sDioyJoWE7,2
"“Revitalizing the homestake district of South Dakota."" ✨ Today we celebrated @DakotaGoldCorp's recent listing! 🎉 Congratulations to Jonathan Awde and the team on joining the gold standard of exchanges. 🏛 #NYSECommunity (NYSE American: $DC)  https://t.co/zTe1jGiJpC",2
The NYSE welcomes @AcadiaRealty to celebrate the company’s ongoing ESG initiatives and execution of its Human Capital Plan $AKR  https://t.co/XMHlrClfc3,2
Better Living Through Better Food™️ 💙 Congratulations to President and CEO Linda Findley and the entire @blueapron team on their 10 year anniversary since founding! $APRN  https://t.co/NsbcPgt9fM,2
".@ESABCorp, a leader in fabrication and specialty gas technology, is introducing over 110 new products this year.   We talk with CEO Sham Kambeyanda about the company’s continued growth and competitive advantage. #NYSEFloorTalk🏛️  https://t.co/UVPWFHaPcN",2
The NYSE welcomes @Deloitte in celebration of its audit technology platform - Omnia DNAV  https://t.co/3oOpolF15H,2
"SFL Corporation owns and controls a fleet🚢 of container, bulker and tanker vessels and other maritime🌊 assets including offshore rigs.  CEO Ole Hjertaker joins us on #NYSEFloorTalk.  https://t.co/18QorWn6HD",2
The NYSE welcomes @IBM in recognition of its Finance Internship Program with @WestPoint_USMA $IBM  https://t.co/UZSKW0GUtX,2
"“As we begin the second half of the year, our carefully calibrated investments are supporting our continued growth across Anti Financial Crime solutions, Analytics and ESG, while maintaining our strong margins and scalability,” said Ann Dennison, EVP and CFO.  https://t.co/mnsTGass5h",2
"“Nasdaq’s robust second quarter results and continued top-line growth demonstrate the importance of our diverse and distinctive offerings to our clients, even during challenging market environments,"" said @adenatfriedman, @Nasdaq President and CEO.  https://t.co/esRMF4oj30",2
KBRA Commentary on Primary Tenant in Taurus 2019-1 FR DAC  https://t.co/74Egn7DYws  https://t.co/suHLFho2uA,2
Ozgene and Gen-H partner on Ozgene’s new OzBIG targeted humanization capability  https://t.co/P1jGQVe0Vm  https://t.co/UJ8su48yof,2
3DEO Adds Design for Additive Manufacturing (DfAM) as Core Service  https://t.co/ZoszXojT7z  https://t.co/m9vj4C9FDD,2
GE Healthcare Unveils Latest Ultra-Premium Ultrasound in Women’s Health Portfolio  https://t.co/q3DlfTJ9U7  https://t.co/6v3FsDAlbS,2
Tangoe Launches 1H2022 Market Report  https://t.co/Kro6FC9GjW  https://t.co/AM0EiU5Yk0,2
"Millennium Partners, L.P. UK Regulatory Announcement: Form 8.3 - CareTech Holdings plc  https://t.co/2F0kBql25u  https://t.co/6iwxTEePIV",2
"Millennium Partners, L.P. UK Regulatory Announcement: Form 8.3 - HomeServe plc  https://t.co/G8tnRc3TOD  https://t.co/HuCTIhyKNf",2
"Millennium Partners, L.P. UK Regulatory Announcement: Form 8.3 - John Menzies plc  https://t.co/pp5siJ7STn  https://t.co/UwdtDPOifW",2
"Millennium Partners, L.P. UK Regulatory Announcement: Form 8.3 - Mediclinic International plc  https://t.co/29hb3B8Xyg  https://t.co/nnf766zb2z",2
"Millennium Partners, L.P. UK Regulatory Announcement: Form 8.3 - Tullow Oil plc  https://t.co/bzdSeVLsMd  https://t.co/QlChB3eYUl",2
"Millennium Partners, L.P. UK Regulatory Announcement: Form 8.3 - Ultra Electronics Holdings plc  https://t.co/M1r7J1gx2j  https://t.co/yxlleQmSqt",2
"Millennium Partners, L.P. UK Regulatory Announcement: Form 8.3 - Vivo Energy plc  https://t.co/7xmbE8HC1m  https://t.co/zodci0PW0d",2
Voya Financial named a ‘Best Place to Work for Disability Inclusion’ for fifth consecutive year  https://t.co/kCqdt0WhyX  https://t.co/Yt8IsFoxxE,2
Canopy Enhances Accounting Practice Management Suite with New Workflow Automation  https://t.co/baJzBIW2C0  https://t.co/zjvqmKjYwr,2
"Grant Thornton named to 2022 ""Best Places to Work for Disability Inclusion"" list  https://t.co/LSAeoS8TX1  https://t.co/KDTZ0zwLsD",2
Ignite Sales Accelerates Momentum Ending Q2 2022 with Signing 11 New Banks and Credit Unions  https://t.co/GSY2vPs4De  https://t.co/NIukaLRe0F,2
Verition Fund Management LLC UK Regulatory Announcement: Form 8.3 - Meggitt plc  https://t.co/JH1lefPDRr  https://t.co/4UfO8dh3Mk,2
Cushman &amp; Wakefield Among First Group of Companies to Have Net Zero Target Approved by the Science Based Targets initiative  https://t.co/OKfVSuhcBj  https://t.co/qrUyY50ioe,2
Amazon’s Custom Electric Delivery Vehicles from Rivian Start Rolling Out Across the U.S.  https://t.co/ONkfQPtzDh  https://t.co/ddXhki5zLM,2
BiOWiSH Technologies and SABIC Agri-Nutrients Company Announce Bio-Enhanced Mineral Fertilizer Collaboration  https://t.co/gp6lkKkD3b  https://t.co/qIAjs7rtSk,2
Birch Family Services Named “2022-23 Charity Partner” by Lloyds Bank North America  https://t.co/U03wjb0Lxu  https://t.co/SfEIuEJApU,2
Cambridge Savings Bank Assists The Michaels Organization’s Expansion in the Greater Boston Area with $61.7 Million Construction Loan  https://t.co/2R4x5qNEIE  https://t.co/pEPOzYSLdR,2
Celero Commerce Becomes Preferred Payments Partner of Nashville Predators  https://t.co/P5qxyyU6xn  https://t.co/2fHBWkvl2F,2
Great American Life Launches New Registered Index-Linked Annuity For Investment Advisors  https://t.co/6nCDOJODmr  https://t.co/be1zKjUUZT,2
Imagia Canexia Health and Anwa Medical Company Enter Memorandum of Understanding to Bring Liquid Biopsy to Middle East and North Africa (MENA)  https://t.co/7AWR8cna3m  https://t.co/MwxWEStoAc,2
Missouri American Water to Replace Water Main Valves on Gene Field Road  https://t.co/UB1cq53ssl  https://t.co/x74ugbP5lG,2
REEF Launches First Ever “Virtual Food Hall” at Raleigh-Durham International Airport  https://t.co/EQtYckOLoY  https://t.co/p2Bd1GIUZC,2
Sand Grove Capital Management LLP UK Regulatory Announcement: Form 8.3 - ERM LN  https://t.co/3kpqSruejk  https://t.co/I9CXQDiheN,2
"DeFi Platform Hashflow Raises $25M Series A from Jump Crypto, Wintermute, and GSR  https://t.co/bf8OrJmqp1  https://t.co/vbQxwWPftn",2
Orion Announces Updates to Texas LoneStar 529® Plan for Fee-based Advisors  https://t.co/Y67TJGT0WC  https://t.co/MUcCr8XZfm,2
Schneider Electric wins Energy Efficient Solution of the Year as It Delivers Climate-Friendly and Energy-Saving Innovations to the Market  https://t.co/csO4w7aZ0B  https://t.co/xPpKWT8JeL,2
Entravision Expands Digital Partnership with Meta in Honduras and El Salvador Bringing Latin American Partnership to 11 Countries  https://t.co/iJT7PdnXBz  https://t.co/jDrWlaPI1L,2
Focused Energy Celebrates One Year of Achieving Key Fusion Energy Milestones  https://t.co/5hOwn3JUkL  https://t.co/Pfta6qj65e,2
Tyler Technologies Announces Partnership with Infinite Campus for Student Information Solutions  https://t.co/dyn1OAXdye  https://t.co/li9Rxq6FQ4,2
"ADM, Farmers Business Network to Expand Sustainable AgTech Platform  https://t.co/tsHeo04Ggw  https://t.co/6dovqZDMDM",2
"ADM, Farmers Business Network to Expand Sustainable AgTech Platform  https://t.co/ac3zg4NJ3I  https://t.co/HFyXHjQP0v",2
ASM Global’s Asia Pacific Presence Expands With Announcement of Strategic Partnership With Malaysian Government for Kuala Lumpur Sports City Management  https://t.co/fyvwvLe3Uf  https://t.co/VU6Aqjj05g,2
Alef Partners With LittleBird for Enhanced Smart Home Network Connectivity  https://t.co/kRYaQETXFS  https://t.co/dZch0Ba5lW,2
American Tower Corporation Releases 2021 Sustainability Report  https://t.co/9Bs7xwyn7J  https://t.co/p0LD6F8211,2
"America’s Leading COVID-19 Testing Provider, Covid Clinic, Expands Services to Include Access to Treatment &amp; Antiviral Prescriptions  https://t.co/puvbTCW5mJ  https://t.co/Y9MAhCxdns",2
"Angel Oak Home Loans Continues Growth With Five New Office Openings Across Carolinas, California  https://t.co/1qTL4H9wgQ  https://t.co/lCw0DpFXOf",2
Aural Analytics Partners with Medidata and its Sensor Cloud Network  https://t.co/98ziflWaPS  https://t.co/NNavdChBqB,2
Bayer Earns Top Score on 2022 Disability Equality Index   https://t.co/CmX6jMmSFP  https://t.co/KkqgJfhAkh,2
Cell and Gene Therapy Industry Comes Together for Matica Bio’s New Global Event  https://t.co/VmeiMeTmpV  https://t.co/e833k4tdzW,2
Fifth Wall Closes $500 Million for its First Climate Fund  https://t.co/CHe597EyA8  https://t.co/YA9wEjN6N7,2
HanesBrands Chosen as a Primary Apparel Partner by the University of Tennessee  https://t.co/P6pOZCEnq2  https://t.co/p71niDEufS,2
"Kiboko Gold Completes Earn-in Option on the Harricana Gold Project Located 55km North of Val-d’Or, Québec  https://t.co/trPyMKspL7  https://t.co/kynnTg2abl",2
MPC: The Digital Commerce Event to Host Atlanta Conference Aug. 22 to 24  https://t.co/hYI30lrmzr  https://t.co/PNkc03Xr4O,2
National Express Enhances Employee and Customer Experience and Simplifies Travel with 8x8 XCaaS  https://t.co/xMLXhpDNro  https://t.co/Eaw8fglvP5,2
Nintendo Download: LIVE A LIVE Makes Its HD-2D Debut  https://t.co/fQraWfUdNl  https://t.co/cQqtNLJmLx,2
"OneRail listed as a Sample Vendor in Gartner® Hype Cycle™ for Supply Chain Execution Technologies, 2022  https://t.co/7Dv84kdEY9  https://t.co/AvzgWqgRDt",2
OutSystems Joins SAP® PartnerEdge® Program to Support SAP S/4HANA® Migration  https://t.co/e54MdxrFOA  https://t.co/jhAR4TDSaG,2
"Perfect Corp. Unveils Innovative AI Personality Finder Solution, Enabling Instantaneous Product Recommendations Tailored to Consumers’ Unique Personality Traits  https://t.co/Rq9ZDJRPe7  https://t.co/deWypgGXrK",2
Sidus Space Fabricates Hardware in support of NASA’s Artemis Program and their Space Launch System (SLS) Manned Vehicle  https://t.co/1ihrOm3p7o  https://t.co/pB4AKB7dfZ,2
T-Mobile and Apple Join Forces to Make IT Easy for Small Businesses  https://t.co/ytf3a5zSnN  https://t.co/VbDQMgVZXr,2
TCS World Travel Announces 2023 Expedition Schedule  https://t.co/J80v8JliRv  https://t.co/m77tl5DuDc,2
TMC Names IntelePeer a 2022 Communications Solutions Product of the Year Award Winner  https://t.co/qYAV0G8ZyM  https://t.co/a890xoxU0a,2
"U. S. Steel Issues 2021 Sustainability Report Highlighting Continued Progress in Areas of Environmental, Social and Governance  https://t.co/57EyE6Qt04  https://t.co/XEMUlb6UUa",2
American Dairy Queen Brings Health and Hope to Youth Across the Country With Actress Vanessa Lachey for Miracle Treat Day  https://t.co/zHZVNIOIR3,2
CAI Achieves the Top Score on the 2022 Disability Equality Index for Second Consecutive Year  https://t.co/TdlrvOXTCz  https://t.co/fSEX02AUhj,2
City of Hoboken Partners With Volta to Expand EV Charging Infrastructure at No Cost to City  https://t.co/66qOGRUHYc  https://t.co/AD8HugRiD6,2
Cumby Group Launches New Division Focused on Moderately Priced Homes  https://t.co/AraVY2Rjda  https://t.co/XHHLIZFXFa,2
"Forget Shapewear, This Is ‘You’ Wear! Aerie Introduces an Innovative and Modern Take on Intimates  https://t.co/C8taBfRWMI  https://t.co/ZBYIbYZKND",2
GomunoInaki Invests in Sustainable Development With Innovative SmartFlower Solar Solution  https://t.co/Ewe9oO6BwZ  https://t.co/V7KwxjgCDF,2
"InfoSum launches Platform Sigma, the next evolution in secure first-party data collaboration  https://t.co/jwhdRcDoih",2
Jenne Cloud Services Brokerage Partners with Playvox and Expands Market Reach  https://t.co/ArvxEPT4sB,2
"Lendio Makes Strategic Move to Position the Brand for Growth, Strengthens Product Portfolio for Small Businesses  https://t.co/46eEv2b7nQ  https://t.co/odqMos1IxF",2
Red Arts Capital Realizes Top Quartile Return on a GP-Led Secondary Recapitalization as Granite Creek Exits Its Position in Sunset Pacific Transportation  https://t.co/MTMTGmfWlv  https://t.co/r2rN6qQ3Uq,2
Siemens Energy Takes Next Step to Protect Critical Infrastructure  https://t.co/DoMIeZtC1d  https://t.co/H4tPzvFYLZ,2
Skechers Collaborates With tokidoki on Limited-Edition Collection  https://t.co/QBsKNXMO9E  https://t.co/hz4v38DuHx,2
Triton Digital Releases the June 2022 U.S. Podcast Report  https://t.co/MFnnBmQwPZ,2
Velo3D Partners with Hartech Group to Distribute its End-to-end Solution and Deliver a Turn-key Process for Federal Government Customers  https://t.co/vbzjYb6iBL,2
Frederick Health leads the way to faster delivery of precision medicine with MEDITECH’s Expanse Genomics  https://t.co/6jhuYXzx69  https://t.co/DeUG88hKub,2
Cintas Again Recognized Among “Best Places to Work for Disability Inclusion”  https://t.co/DDJYwCd5FF  https://t.co/UNMlYrtxRw,2
HCA Healthcare Announces Partnership With the University of Texas at El Paso to Advance Diversity in Healthcare Leadership  https://t.co/fwqEHKYlmf  https://t.co/hjaM2r6uWW,2
Harford Mutual Insurance Group Taps One Inc’s ClaimsPay® for Fast and Easy Reimbursement Experience  https://t.co/FQosMptg4T  https://t.co/ROruW3hfiF,2
"Kansas City Southern Releases “For the Long Haul” Sustainability Report, 2021 Sustainability Data Update  https://t.co/V91Edn1sYn",2
MJP Wealth Advisors Named to Financial Advisor Magazine’s 2022 Top 50 Fastest Growing Firms List  https://t.co/C2MjdZorHw  https://t.co/fg6hY1Rh0r,2
Medable Announces Partnership with Withings Health Solutions to Integrate Connected Health Devices in Decentralized Clinical Trials  https://t.co/xhdpAlWfv9  https://t.co/rCKpxFTt0y,2
PharmaCyte Biotech Commences First Phase of Two-Phase Pig Study  https://t.co/X9uFZt7bib  https://t.co/nsH1p5gKo8,2
"Simulations Plus Celebrates 25-Year Anniversary with $25,000 Gift to Nonprofit International Organization for Childhood Cancer  https://t.co/Xic68a5zTp  https://t.co/AhXRagUygD",2
"Wooly Is Now Roster, Introduces Creator Engagement Platform to Help E-Commerce Turn Customer Communities Into Brand Ambassadors at Scale  https://t.co/4dFCPFTfOW  https://t.co/itddx7PY0E",2
"Worldwide Clinical Trials Launches Large Molecule Services, Adds Large Molecule Bioanalysis Expert Tom Zhang, Ph.D., to Early Phase Leadership Team  https://t.co/JPsf7kR5Vj  https://t.co/Gryc0NPWy9",2
BYD Hits the Japanese Passenger Vehicle Market with Three EV Models  https://t.co/nCKHLNIjNP  https://t.co/NfqpyvhYQR,2
CommScope Collaborates with Microsoft to Advance Industrial Manufacturing with Private Wireless Network Solution  https://t.co/2J2AaA5kT0  https://t.co/jbYv44rVfS,2
Cyngn Launches Enterprise Autonomy Suite v8.0  https://t.co/JlOU2B2hJB  https://t.co/kV5KB125wB,2
European Orphan Medicinal Product Designation Granted to Sangamo Therapeutics Investigational CAR-Treg Cell Therapy TX200 for Solid Organ Transplantation  https://t.co/F8En5RIguh  https://t.co/XaAIsP0kum,2
"LBMC Technology Solutions, LLC Ranked on 2022 MSP 501 List  https://t.co/ApI5hi052s  https://t.co/msoQGqaALj",2
RapidAI Receives FDA Clearance for Rapid Hyperdensity  https://t.co/Cla8wyOIPp  https://t.co/9qxxDd75Bd,2
"15Five Raises $52 Million Series C, Amplifying Its Foundational Role in Empowering HR Leaders to Retain and Motivate Top Performers  https://t.co/K85hWS1VVA  https://t.co/4J3y8nuBu7",2
Biocytogen and LiberoThera Achieve Milestone Progress in Co-Development of Fully Human GPCR Antibody Drugs  https://t.co/TqnB2wIsBq  https://t.co/dDPO6fncBm,2
CommerceIQ Selected as a Walmart Platform Partner  https://t.co/ReLhI0SjCz  https://t.co/42H4PE3Pk5,2
"Dynatrace Unifies Log and User Experience Analytics to Enable Faster, More Customer-Centric Software Innovation  https://t.co/qNBA1A6ooo  https://t.co/QHRJHf2kII",2
First Trust Global Funds PLC UK Regulatory Announcement: Net Asset Value(s)  https://t.co/9wNMNG7Wow  https://t.co/MN42CUXbXE,2
Franklin Templeton Closed-End Funds Announce Share Repurchases for the Second Quarter of 2022  https://t.co/Uo902JojXc  https://t.co/iSNSPX1QDk,2
Horizon Therapeutics plc Announces Inaugural #RAREis Global Advocate Grant Recipients  https://t.co/eDP4EesRL9  https://t.co/ElSvLm8M5t,2
Knightscope (Nasdaq: KSCP) Announces More Part-Time Service Options  https://t.co/C952TOqgbt  https://t.co/qIJmhWcuBS,2
Kohl’s Expands Advertising Opportunities with Kohl’s Media Network  https://t.co/IIV6I5vDuV,2
KuCoin Expands its Reaching in Metaverse by Launching an Immersive Metaverse Office in Ertha  https://t.co/sR8fHNiQwF  https://t.co/F7YOyAOlsT,2
Lightning eMotors Unveils Next-Generation Mobile Charger for Commercial and Consumer Electric Vehicles  https://t.co/SL8mbpD5Ga  https://t.co/eDhF6V6SkS,2
"Lumos to Bring Multi-gig Fiber Internet to Nearly 85,000 Residents and Businesses in Tidewater Region – an $83m Capital Investment in a Future-proof Internet Built for the Next 50 Years  https://t.co/V2XYwpoTGX  https://t.co/oLrxxgibnf",2
Manufacton Strengthens its Offsite Construction Platform with Enhanced QA/QC Workflow  https://t.co/mjj206aivB  https://t.co/6mzkmqBGAd,2
Mawson Infrastructure Group Inc. Announces Closing of $6.4 Million Registered Direct Offering  https://t.co/1UuqsLpuB6  https://t.co/UWl2kuMUa8,2
NEKCOM Announces $8 Million Series A Round from Galaxy Interactive to Accelerate International Growth and Game Development  https://t.co/nn5kRQaUrP  https://t.co/hP0Ef8C9dX,2
Schneider Electric Featured in the 2022 “Best Places to Work for Disability Inclusion” List by Disability:IN®  https://t.co/fE0VJqMWI5  https://t.co/bcNnn9FK6h,2
"VMware Furthers Commitment to Public Sector, Achieves Expanded FedRAMP High Authorization  https://t.co/GRl42o4c6v  https://t.co/dRP7AUFy01",2
Wenzel Spine Announces First Awake Spinal Fusion Using VariLift®-LX  https://t.co/RQEDh51RyG  https://t.co/mnDbATotRV,2
CalTier Strengthens its Technology Capabilities  https://t.co/Dizb5ZsYla  https://t.co/0fCcnu8lnb,2
"Qichao Hu, CEO of SES, To Participate in Inaugural Lithium Metal Battery Conference 2022  https://t.co/Gjqm3Gxak1  https://t.co/VdbcZstIZ5",2
Total Telecom: Empowering Carriers to Optimize Energy Efficiency  https://t.co/yENVuz1oRb  https://t.co/JlDdqiyFS6,2
Aramark Named One of the Best Places to Work for Disability Inclusion; Scores 100% on Disability Equality Index  https://t.co/uUC7naMa8T  https://t.co/BMEoEhrI6O,2
Compass Minerals and Ford Motor Company Sign Non-Binding Agreement for the Supply of Battery-Grade Lithium  https://t.co/lhyyxw6rCx  https://t.co/4TRLqmrNn0,2
Eikon Therapeutics Announces Lease for East Coast Base of Operations in New York City  https://t.co/ClU8akiYxB  https://t.co/z3KqHHrIwl,2
"Ford Releases New Battery Capacity Plan, Raw Materials Details to Scale EVs; On Track to Ramp to 600K Run Rate by ’23 and 2M+ by ’26, Leveraging Global Relationships  https://t.co/uYrp6oispP  https://t.co/cpjGcYXB7f",2
GeoPark Announces Second Quarter 2022 Operational Update  https://t.co/BMSODNbkHD  https://t.co/FYtN6N1nio,2
KLAS Technology Spotlight Report gives Multiview a Top Mark for ERPs and Client Satisfaction  https://t.co/29zy1eYCKz  https://t.co/IGowsi9pUs,2
Vonco Products Launches New Website to Improve the Customer Experience and Showcase Their Innovative Flexible Packaging Solutions  https://t.co/fETR92MMdt  https://t.co/2Je4wvWcCt,2
Marathon Asset Management Ltd UK Regulatory Announcement: Form 8.3 - Euromoney Institutional Investor plc  https://t.co/LORfvgOd99  https://t.co/wrDj0z4mjO,2
Marathon Asset Management Ltd UK Regulatory Announcement: Form 8.3 - HomeServe plc  https://t.co/ZTaF93L1LQ  https://t.co/7ahUv0OQ09,2
Canopy Servicing Announces Referral Partnership with Marqeta to Power Configurable BNPL Solutions  https://t.co/QRkF1o0vub  https://t.co/MCSQbsfQKP,2
Hytera Upgrades Communication System for Makkah Metro to Safeguard Hajj in Saudi Arabia  https://t.co/5I9D3Sa1YX  https://t.co/94iMBQZhPG,2
Bristol Myers Squibb Teams Up with Jack and Jill of America Inc. to Expand Tomorrow’s Innovators Program to Increase Black Representation in the Healthcare Industry  https://t.co/2p0jjRQCWZ  https://t.co/3d5hlPKXla,2
City of Philadelphia Partners with EVgo to Support Electrification of Municipal Fleet  https://t.co/jZUE4sFNfx  https://t.co/NSBttpTDeD,2
Colorado’s MedPharm Continues to Blaze Path for Cannabis Research in Alzheimer’s Patients  https://t.co/cSImugXXCk  https://t.co/SWpcsAfbsr,2
Ranpak Expands Automated Packaging Portfolio with Global Launch of the Flap’it!™ Solution  https://t.co/G6Ki0OuNmn  https://t.co/eVosHc0DuP,2
SEE Expands Sustainable Portfolio With Launch of Innovative Paper Bubble Mailer  https://t.co/R1OebY7H6L  https://t.co/b66wE3yvPI,2
NovaBay Pharmaceuticals’ DERMAdoctor Products Now Available at  https://t.co/tQjGxou7L8 and  https://t.co/9nezzpbAhf  https://t.co/XmjxG1Dxfq  https://t.co/6d6mdehcp4,2
"BitNile Holdings’ Subsidiary, TurnOnGreen, to Supply Rental Car Operator, Aero Corporation, with DC Fast Chargers for Harrisburg International Airport Charging Hub  https://t.co/4WrhXiuFae  https://t.co/pgHlR91gbd",2
KuCoin Announces $10 Million Strategic Investment From SIG  https://t.co/onXH0naGv3  https://t.co/4Ei97Xr02V,2
Maxar’s High-Resolution Vivid Basemaps Enhances Esri ArcGIS Living Atlas of the World  https://t.co/HhjVd4sDHC  https://t.co/Wndwu8z6rf,2
Terran Orbital Commissions Fleet Space CENTAURI-5 Payload  https://t.co/DJzX92NpwK  https://t.co/IHddYQV5zi,2
Yunmai Just Launched a #YunmaiAthletes Community Campaign  https://t.co/TW1Xd3tgkO  https://t.co/wICPijlhvf,2
First Trust Global Funds PLC UK Regulatory Announcement: Net Asset Value(s)  https://t.co/rhGdoON1ov  https://t.co/Uq6hUVbGpE,2
TSLC Selected by Cepton as a Supplier of Key Components  https://t.co/qgI1psh7Vy  https://t.co/En8VIFBZDR,2
Devon Equity Management Limited UK Regulatory Announcement: Form 8.3 - Genus Plc - CORRECTION  https://t.co/qmb2JVwbns  https://t.co/RSLcMGQaiW,2
Samsung Electronics Develops Second-Generation SmartSSD Computational Storage Drive with Upgraded Processing Functionality  https://t.co/Yk6EUs4QHS  https://t.co/wSMhNEb3bE,2
Ventiv Technology Included in 2022 RMIS Panorama by AMRAE  https://t.co/nvuugaILXY  https://t.co/5nJ70l28KD,2
New-generation Satellite EUTELSAT KONNECT VHTS Built by Thales Alenia Space Heading to Kourou Launch Site  https://t.co/3GbfGtvA9z  https://t.co/YwJeGJbsaP,2
"Novaremed Enters Into an Exclusive Option and License Agreement With NeuroFront for the Non-opioid Neuropathic Pain Treatment, NRD.E1, for Greater China and Singapore  https://t.co/TkzfZYdNCZ  https://t.co/ZNMBATQN84",2
Riskonnect Named One of UK’s Best WorkplacesTM for Women  https://t.co/mzIv8m6lft  https://t.co/jXmS08K8GO,2
First Trust Global Funds PLC UK Regulatory Announcement: Net Asset Value(s)  https://t.co/OLhGLKxOOg  https://t.co/yKkDFlkACb,2
Logitech Ranked Among Top 1% of Sustainable Companies by EcoVadis  https://t.co/VdlyjVtNoO  https://t.co/n0ogs1UABs,2
TotalEnergies SE UK Regulatory Announcement: United States: TotalEnergies Announces the Start-up of New Ethane Cracker in Port Arthur  https://t.co/FCZzlm1FWz  https://t.co/6KfPlvGwzy,2
United States: TotalEnergies Announces the Start-up of New Ethane Cracker in Port Arthur  https://t.co/crsLfnQLDf  https://t.co/C8RG50KjVm,2
Boomi Accelerates Global Expansion With Further Investment in Japan  https://t.co/QA88RfiVRJ  https://t.co/K4EICqWzaY,2
InvestCloud Supports Rabobank to Bring Digital Financial Planning to All Levels of Wealth  https://t.co/5VNHXgI8wr  https://t.co/f4HdSlKrhy,2
Lysogene Reports its Cash Position as of 30 June 2022  https://t.co/EEDeQBLKWw  https://t.co/4Xl1fG2gin,2
Antin Infrastructure Partners: 2Q 2022 AUM Announcement  https://t.co/sGf9gRg9sh  https://t.co/HNPK7Pf0KT,2
Second Innate Pharma NK Cell Engager Selected by Sanofi as Drug Candidate for Development  https://t.co/rBkvrh3qMe  https://t.co/Ze9bmtcIz9,2
Technip Energies Awarded a Significant Contract by Neste for Renewable Products Refinery Expansion in Rotterdam  https://t.co/4PnEdEyNs2  https://t.co/uNVuq9BRHH,2
Total Telecom: Huawei’s David Wang: 5.5G Will Drive Convergence Between Physical and Digital World  https://t.co/Zf8thu0kzA  https://t.co/CN5RNX1xwp,2
Contentsquare Closes $600M Growth Investment Round Led by Sixth Street; Doubles Valuation to $5.6B and Brings Total Funding to $1.4 Billion  https://t.co/fjkbpt9y9M  https://t.co/kA3MZiW1nl,2
Samsung Electronics Develops Second-Generation SmartSSD Computational Storage Drive with Upgraded Processing Functionality  https://t.co/Iw02qiSju2  https://t.co/em3dTGT7Ch,2
Airwallex launches Online Payments App on Shopify  https://t.co/FMCnX8mznU  https://t.co/XAzk4vZTtz,2
Alvarez &amp; Marsal Opens New Office in Malaysia Led by Managing Director Tze Yann Tan  https://t.co/EpQBneGjYo  https://t.co/itFmSs26qA,2
First Patient Dosed in CANbridge Pharmaceuticals CAN103 Phase 1/2 Trial for the Treatment of Gaucher Disease in China  https://t.co/R4b5acQQv6  https://t.co/vgm8vozjHn,2
Google Partners Boost Cloud Value for Australian Firms  https://t.co/GmBkyN9gOV  https://t.co/iixc2fST1R,2
"AVANGRID Joins President Biden in Support of Efforts to Advance Offshore Wind, Address Climate Change  https://t.co/fVxGTicvGI  https://t.co/h38IoeV1l7",2
"Fodere Titanium Limited Announces Construction of Pilot Plant and Formation of North American Joint Venture, Fodere America  https://t.co/5D8MzqaZEP  https://t.co/dFbsGWa3GG",2
"Marqeta Brings Modern Card Issuing to Transit Vertical, Partnering With Mastercard Prepaid Managed Services (MPMS) to Enable Seamless Payment Experiences for Transport for NSW  https://t.co/s0viPlLknm  https://t.co/kdoltVfYnk",2
Trustar Bank Raises $18 Million in New Capital in Latest Stock Offering  https://t.co/0XlWZDZF5m  https://t.co/9RIELA7H0j,2
Geospace Technologies Secures Long-Term Ocean Bottom Node Rental Contract With Estimated Value Of $12M  https://t.co/LjaSji3BWS,2
"Pershing Square Holdings, Ltd. Announces Transactions in Own Shares and Weekly Summary of Transactions in Own Shares – 20 July 2022  https://t.co/YFrCVthJwt  https://t.co/XPpUfW5Xyd",2
Wellbeing Subsidiary KGK Science Enters Into Research Contract With Halucenex for Phase II Clinical Trial  https://t.co/5FS6ZvBqH4  https://t.co/lJHDVeqdce,2
Ford to Provide Electric Vehicle Plan Update Thursday  https://t.co/cmHN0HAGx3  https://t.co/BGwrQpb7pT,2
"Exicure, Inc. Regains Compliance with Nasdaq Minimum Bid Price Requirement  https://t.co/RqbXV89SsG  https://t.co/ca0rlNqfnh",2
Sidley Announces Office in Miami  https://t.co/gykXHDh7qD  https://t.co/yqAG8K7JD0,2
University of Phoenix Announces Enhanced Agreement with Casper College to Help Students Affordably Earn Degrees  https://t.co/PX6zhU93Jn  https://t.co/bhBXi8D25j,2
Native Voice and Skullcandy Reveal New Multi-Assistant Functionality for Push Active and Grind Series  https://t.co/aPsIHPrWd1  https://t.co/xzYm6lrDsH,2
Mattel Announces Multi-Year Agreement with SpaceX to Produce Toys and Collectibles  https://t.co/1VJUHKtIYs  https://t.co/YdXSqKK0jW,2
New Study Shows Enbridge’s Line 3 Replacement Project Generated Billions in Economic Impact  https://t.co/1vuwQX7Auk  https://t.co/QOelanuJel,2
Wellspring Ophthalmics Announces Receiving Its Second Patent for Novel Cyclosporine Dry Eye Therapy  https://t.co/GEAskFCZRL  https://t.co/PKJU7qCPsM,2
New Travel Membership Platform VIP Traveler Launches Game-Changing Travel Finds™ Feature  https://t.co/mM05qSWQPU  https://t.co/dGA0MeR9iF,2
Nexus Spine Announces Launch of Stable-C™ Cervical Interbody System with Integrated Fixation  https://t.co/ne6qSZaTAh  https://t.co/Lfe6V6Ocuh,2
CalDerm to Launch Firefighter Skin Cancer Prevention Screening Program on the West Coast  https://t.co/f8FEuIi7YE  https://t.co/bB0EIiKJDw,2
BDA Participates in 60th Annual Florida Insurance Council Summer Symposium  https://t.co/Q8HETBnSW8  https://t.co/0TgQRG1yfE,2
LEO Pharma Announces Publication of Adbry™ (tralokinumab-ldrm) Efficacy Data in Moderate-to-Severe Atopic Dermatitis in American Journal of Clinical Dermatology  https://t.co/G34GJENx9G  https://t.co/8adKtj0BRy,2
Highline celebrates 500th customer in Michigan!  https://t.co/yUB2Z3jQjs  https://t.co/NgMlLK2Ulm,2
"FPT Software and SCSK Join Hands to Launch a Comprehensive AUTOSAR Solution, Leveraging Japanese Automotive Technology  https://t.co/sMQkT46vWJ  https://t.co/Aydq9XdPYz",2
AVANGRID Shareholders Approve All Proposals at 2022 Annual Meeting  https://t.co/YoX2jawHrq  https://t.co/5zKAwqau9T,2
Selina opens first Southeast Asia hotel in Thailand’s popular Phuket Island  https://t.co/4Jb64TnXg7  https://t.co/mXuFNi8SYQ,2
JuanaRoll Pre-Roll Machine Now Even More Flexible  https://t.co/v4eMfthOLe  https://t.co/E3IRUBUOU1,2
MHIRJ Announces Authorized Service Facility Agreement with Air Nostrum  https://t.co/zZXFXnjNxY  https://t.co/mIpEPMlB2q,2
"Aqua Pennsylvania Donates $365,000 to The Philadelphia Zoo’s Water is Life Exhibit  https://t.co/sirb8CzPPh  https://t.co/yr0Z0WFehO",2
Afton Chemical Continues to Invest in Capabilities to Meet Growing Market Needs in Transmission Fluids and Electric Vehicles  https://t.co/CI8WyeMcuC  https://t.co/OqHK1N2sYm,2
Achievers and Contemporary Leadership Advisors (CLA) Announce Partnership to Activate Tech-Enabled Employee Experience  https://t.co/eRiTHV9FAc  https://t.co/wJ8Mp8LY8l,2
Artory and Winston Art Group Announce Damien Hirst Artwork Investment Opportunity with Republic  https://t.co/IUTDDGoigh  https://t.co/vkTIAGEKZ1,2
Quantum Loophole Breaks Ground on Massive QLoop Fiber Network  https://t.co/IpnZvslEIm  https://t.co/VVrU1GBQF5,2
Origin Bank and FHLB Dallas Provide $5K to Replace Senior’s AC System  https://t.co/evz3vAKLLw  https://t.co/6ou4iu8wKn,2
Capgemini Invent Collaborates With Boston University on Scholarship Fund Supporting Future Business Leaders  https://t.co/rv9ruf2Wlu  https://t.co/pNAwr52xkz,2
Perficient Grows Global Footprint with Expansion of Global Delivery Center Locations in India  https://t.co/ysDJWA20a2  https://t.co/yZwC8gZAXW,2
Balfour Beatty Awarded More Than $235 Million in Contracts to Deliver Projects in California  https://t.co/rXEbyK8lqo  https://t.co/uvKKLcNHMO,2
Ordergroove Announces New Visual Brand Identity Focused on Placing Relationships at the Center of Commerce  https://t.co/c1N1BzHM3K  https://t.co/HyPrW3zTrC,2
Atlanta Water Works Joins Wrench Group by Partnering with Coolray  https://t.co/m39LoT72rd  https://t.co/l1p7XBtb9j,2
Wyndham Destinations Introduces New Dual-Branded Resort to Downtown Atlanta  https://t.co/mB7ZTQAIUy  https://t.co/VEUhICfzTx,2
Factual Data Announces Credit Integration With Vesta  https://t.co/S4iQlzym7h  https://t.co/DRZ3xaMrir,2
Run the Jewels &amp; Brooklyn Brewery’s New Craft Beer Collaboration Launches  https://t.co/EXqxjQnRW1  https://t.co/EJFOjTjQN2,2
Google Plays Key Role in Advanced U.S. Cloud Strategies  https://t.co/zj9MunANXm  https://t.co/TQsoDzEdz7,2
Keysight Introduces Cloud-Based End-to-End Open RAN Architect Test Solutions  https://t.co/9vknHbxskt  https://t.co/hjJKPeu2li,2
