Date,AAPL,AMZN,BAC,CVX,GLD,GOOGL,GS,HYG,JNJ,JPM,META,MSFT,NVDA,PFE,SPY,TLT,TSLA,UUP,WMT,XLE,XOM,^VIX
2024-10-02,224.898681640625,184.75999450683594,37.528072357177734,138.92623901367188,245.66000366210938,164.7034454345703,472.8517150878906,71.08690643310547,152.68238830566406,198.931640625,569.0841674804688,410.64306640625,118.53195190429688,24.982072830200195,556.0283203125,89.38449096679688,249.02000427246094,26.294782638549805,78.98828887939453,42.68275833129883,113.97616577148438,18.899999618530273
2024-10-03,223.79788208007812,181.9600067138672,37.54720687866211,139.20237731933594,245.49000549316406,164.7034454345703,467.1907958984375,70.91780853271484,152.04766845703125,196.9547119140625,578.9793090820312,410.0622253417969,122.52124786376953,24.746309280395508,555.0118408203125,88.54243469238281,240.66000366210938,26.3780517578125,78.98828887939453,43.43553924560547,114.9703598022461,20.489999771118164
2024-10-04,224.9185028076172,186.50999450683594,38.36989212036133,138.7329864501953,245.0,165.89505004882812,475.89837646484375,70.83772277832031,151.84873962402344,203.9453582763672,592.063720703125,409.5897216796875,124.58570098876953,24.95587730407715,560.055419921875,87.45329284667969,250.0800018310547,26.52608871459961,79.48914337158203,43.84016036987305,117.0806884765625,19.209999084472656
2024-10-07,219.85092163085938,180.8000030517578,38.22639846801758,139.0827178955078,244.1699981689453,161.84349060058594,475.3793640136719,70.53516387939453,151.1287384033203,203.66534423828125,580.976318359375,403.171142578125,127.37821197509766,25.497255325317383,554.9922485351562,86.7943115234375,240.8300018310547,26.544593811035156,77.68213653564453,43.995426177978516,117.58716583251953,22.639999389648438
2024-10-08,223.89703369140625,182.72000122070312,38.19770050048828,136.9014892578125,242.3699951171875,163.23373413085938,477.2535400390625,70.70423889160156,151.2803497314453,203.4915771484375,589.0335083007812,408.2607116699219,132.5343780517578,25.47979164123535,560.2410888671875,86.94075012207031,244.5,26.544593811035156,78.28119659423828,42.847434997558594,114.46389770507812,21.420000076293945
2024-10-09,227.6357879638672,185.1699981689453,38.44642639160156,137.72982788085938,241.0500030517578,160.73133850097656,485.528564453125,70.65973663330078,152.18975830078125,206.06961059570312,586.6689453125,410.9679260253906,132.29501342773438,26.361719131469727,564.1215209960938,86.44650268554688,241.0500030517578,26.664871215820312,78.95883178710938,43.106201171875,114.51078033447266,20.860000610351562
2024-10-10,227.13992309570312,186.64999389648438,38.235965728759766,138.62252807617188,242.82000732421875,160.94981384277344,484.1253662109375,70.6241455078125,152.05712890625,205.5095672607422,580.0324096679688,409.3731689453125,134.44924926757812,25.619503021240234,563.1343383789062,86.10786437988281,238.77000427246094,26.65561866760254,78.18299865722656,43.39790344238281,115.49560546875,20.93000030517578
2024-10-11,225.66229248046875,188.82000732421875,40.130062103271484,139.35882568359375,245.47000122070312,162.10169982910156,496.21600341796875,70.81102752685547,152.95713806152344,214.63409423828125,586.1126708984375,409.8456726074219,134.43927001953125,25.46232795715332,566.5065307617188,85.76004791259766,217.8000030517578,26.674123764038086,78.66421508789062,43.666080474853516,115.9364242553711,20.459999084472656
2024-10-14,229.3811798095703,187.5399932861328,40.091796875,139.69017028808594,245.07000732421875,163.80972290039062,502.41510009765625,70.84663391113281,153.08973693847656,213.8520050048828,586.5795288085938,412.6218566894531,137.7005157470703,25.392473220825195,571.1396484375,85.82411193847656,219.16000366210938,26.75739288330078,78.85081481933594,43.64725875854492,116.37725067138672,19.700000762939453
2024-10-15,231.91004943847656,187.69000244140625,40.31182098388672,135.96275329589844,245.9199981689453,164.30621337890625,502.05950927734375,70.82881164550781,155.4580841064453,214.7306671142578,582.4566040039062,412.2280578613281,131.24783325195312,25.70682144165039,566.7020263671875,86.86752319335938,219.57000732421875,26.775897979736328,80.18641662597656,42.24049758911133,112.87879180908203,20.639999389648438
2024-10-16,229.857177734375,186.88999938964844,40.943199157714844,136.883056640625,247.14999389648438,164.00831604003906,509.24847412109375,70.95343017578125,155.62860107421875,215.93759155273438,573.0382690429688,409.6488037109375,135.35679626464844,25.907655715942383,569.1651000976562,87.23362731933594,221.3300018310547,26.849916458129883,79.7641372680664,42.44281005859375,113.16954803466797,19.579999923706055
2024-10-17,230.22415161132812,187.52999877929688,40.75186538696289,139.1563262939453,248.6300048828125,161.79383850097656,508.42205810546875,70.84663391113281,155.80862426757812,216.69073486328125,573.1773071289062,410.2394714355469,136.56356811523438,25.558380126953125,569.2139892578125,85.85157775878906,220.88999938964844,26.933185577392578,79.44005584716797,42.64512252807617,112.87879180908203,19.110000610351562
2024-10-18,233.0504913330078,188.99000549316406,40.484012603759766,138.74220275878906,251.27000427246094,162.2804412841797,507.94146728515625,71.01570892333984,156.42437744140625,217.60801696777344,572.7202758789062,411.6570739746094,137.63072204589844,25.514719009399414,571.4035034179688,85.9156494140625,220.6999969482422,26.859169006347656,79.85252380371094,42.503971099853516,112.5599136352539,18.030000686645508
2024-10-21,234.51820373535156,189.07000732421875,39.948307037353516,138.8618621826172,251.22000122070312,162.92593383789062,497.6576843261719,70.73094940185547,154.2550048828125,215.3196563720703,571.4188842773438,412.2674255371094,143.32542419433594,25.26149559020996,570.4652099609375,84.41461944580078,218.85000610351562,26.979446411132812,79.36148071289062,42.37693786621094,112.62555694580078,18.3700008392334
2024-10-22,233.90335083007812,189.6999969482422,40.464881896972656,138.8986358642578,253.92999267578125,163.98846435546875,498.13818359375,70.63304138183594,154.8423309326172,216.40106201171875,578.2242431640625,420.8616638183594,143.2057647705078,25.182905197143555,570.1621704101562,84.49699401855469,217.97000122070312,27.0072021484375,80.54978942871094,42.47574234008789,113.20706176757812,18.200000762939453
2024-10-23,228.84567260742188,184.7100067138672,40.503143310546875,138.4936981201172,250.8699951171875,161.64491271972656,497.08099365234375,70.4194564819336,157.1254119873047,215.7155303955078,560.0234985351562,417.9969177246094,139.1865234375,25.20037078857422,564.9523315429688,84.26817321777344,213.64999389648438,27.0997257232666,81.77738952636719,42.25461196899414,112.80376434326172,19.239999771118164
2024-10-24,228.6572265625,186.3800048828125,40.79969787597656,138.46609497070312,252.8000030517578,161.5853271484375,504.0970458984375,70.6241455078125,155.05072021484375,217.23146057128906,564.0869140625,418.1249084472656,140.0342559814453,25.00826644897461,566.1741943359375,84.80818176269531,260.4800109863281,26.99795150756836,81.551513671875,42.249908447265625,112.16596984863281,19.079999923706055
2024-10-25,229.4902801513672,187.8300018310547,40.072669982910156,138.7974090576172,253.32000732421875,164.11753845214844,492.6599426269531,70.5529556274414,152.4076690673828,214.65342712402344,569.521240234375,421.4917297363281,141.16122436523438,24.842361450195312,565.9785766601562,84.33223724365234,269.19000244140625,27.090473175048828,81.03102111816406,42.23579788208008,112.07219696044922,20.329999923706055
2024-10-28,231.46376037597656,188.38999938964844,40.77099609375,138.54891967773438,253.3300018310547,165.5574188232422,503.21282958984375,70.73094940185547,153.08973693847656,217.73355102539062,574.3993530273438,419.95599365234375,140.1439666748047,25.20037078857422,567.7283935546875,84.10342407226562,262.510009765625,27.090473175048828,81.26671600341797,41.96761703491211,111.51880645751953,19.799999237060547
2024-10-29,231.73153686523438,190.8300018310547,40.684898376464844,136.68984985351562,256.0899963378906,168.4967803955078,503.8856506347656,70.74872589111328,151.65927124023438,215.2230987548828,589.4210815429688,425.23260498046875,140.87200927734375,24.851089477539062,568.6471557617188,84.23155975341797,259.5199890136719,27.0997257232666,80.23552703857422,41.32775115966797,109.99937438964844,19.34000015258789
2024-10-30,228.19114685058594,192.72999572753906,40.47445297241211,136.2572479248047,257.5,173.24343872070312,504.00091552734375,70.6241455078125,152.1519012451172,216.6811065673828,587.9506225585938,425.8036193847656,138.96710205078125,24.903488159179688,566.9268188476562,84.47868347167969,257.54998779296875,27.034957885742188,79.93108367919922,41.42184829711914,109.44601440429688,20.350000381469727
2024-10-31,224.03590393066406,186.39999389648438,40.00571060180664,136.96595764160156,253.50999450683594,169.9168243408203,497.64801025390625,70.42835998535156,151.44139099121094,214.27684020996094,563.8882446289062,400.03070068359375,132.4047393798828,24.711381912231445,555.8133544921875,84.61598205566406,249.85000610351562,27.016454696655273,80.48104858398438,41.68061447143555,109.53043365478516,23.15999984741211
2024-11-01,221.06077575683594,197.92999267578125,39.948307037353516,140.87741088867188,252.47000122070312,170.09555053710938,499.1474304199219,70.43283081054688,151.69715881347656,215.26171875,563.4707641601562,403.9881591796875,135.0376739501953,24.528011322021484,558.1591186523438,83.42304992675781,248.97999572753906,27.12748146057129,80.71675109863281,41.417144775390625,107.81401824951172,21.8799991607666
2024-11-04,220.16822814941406,195.77999877929688,39.53696823120117,141.70571899414062,252.8300018310547,168.0598602294922,491.5738830566406,70.62960815429688,149.90670776367188,212.21055603027344,557.0331420898438,402.10791015625,135.68592834472656,24.239856719970703,556.9569702148438,84.71792602539062,242.83999633789062,27.025705337524414,80.97209167480469,42.14169692993164,111.24681854248047,21.979999542236328
2024-11-05,221.59629821777344,199.5,40.06310272216797,141.19032287597656,253.39999389648438,168.556396484375,506.46136474609375,70.82637786865234,150.0109100341797,213.86167907714844,568.7066040039062,405.06121826171875,139.5355987548828,24.440690994262695,563.6915893554688,85.16790008544922,251.44000244140625,26.91468048095703,82.18003845214844,42.42398452758789,111.57510375976562,20.489999771118164
2024-11-06,220.8723602294922,207.08999633789062,43.43996047973633,145.15699768066406,245.6999969482422,175.27915954589844,572.7965087890625,70.95157623291016,149.56564331054688,238.55099487304688,568.3290405273438,413.6456298828125,145.2203369140625,23.890579223632812,577.7080688476562,82.83528900146484,288.5299987792969,27.349533081054688,81.9443359375,44.018951416015625,113.48844909667969,16.270000457763672
2024-11-07,225.59288024902344,210.0500030517578,42.827728271484375,144.28268432617188,249.64999389648438,179.4896240234375,559.5236206054688,71.25567626953125,148.47621154785156,228.23883056640625,587.851318359375,418.81396484375,148.4816131591797,23.97789764404297,582.1749877929688,83.8730239868164,296.9100036621094,27.12748146057129,82.34697723388672,43.8166389465332,113.62913513183594,15.199999809265137
2024-11-08,225.32479858398438,208.17999267578125,43.1721076965332,144.42996215820312,247.9600067138672,177.1063232421875,566.337890625,71.3719482421875,147.28257751464844,228.81814575195312,585.5067138671875,415.9689636230469,147.23492431640625,23.694137573242188,584.69677734375,84.93828582763672,321.2200012207031,27.31252670288086,83.3094253540039,44.10833740234375,113.59161376953125,14.9399995803833
2024-11-11,222.61447143554688,206.83999633789062,44.080894470214844,144.0341796875,242.13999938964844,179.0924072265625,578.9090576171875,71.29145050048828,146.87521362304688,231.04861450195312,579.3767700195312,411.5093994140625,144.8712615966797,23.26849365234375,585.2539672851562,84.52506256103516,350.0,27.469812393188477,82.70055389404297,44.35770034790039,112.99134826660156,14.970000267028809
2024-11-12,222.61447143554688,208.91000366210938,43.87043762207031,142.92054748535156,240.0500030517578,180.35353088378906,569.5384521484375,71.00523376464844,144.6016082763672,231.30929565429688,581.0159912109375,416.45135498046875,147.8931427001953,23.224153518676758,583.435791015625,83.25772857666016,328.489990234375,27.590091705322266,83.466552734375,44.122459411621094,112.87879180908203,14.710000038146973
2024-11-13,223.49806213378906,214.10000610351562,43.8800048828125,146.07736206054688,237.6300048828125,177.63265991210938,571.1049194335938,71.02315521240234,145.17001342773438,232.85421752929688,576.2273559570312,418.5875549316406,145.87857055664062,23.694137573242188,583.7192993164062,82.46796417236328,330.239990234375,27.747379302978516,83.96742248535156,44.465911865234375,113.92927551269531,14.020000457763672
2024-11-14,226.57574462890625,211.47999572753906,43.90870666503906,148.91201782226562,237.00999450683594,174.35565185546875,565.713134765625,70.87107849121094,143.8721466064453,233.53973388671875,573.4058837890625,420.25128173828125,146.3672637939453,23.073410034179688,579.9658813476562,82.94549560546875,311.17999267578125,27.85840606689453,82.95588684082031,44.63528823852539,114.00491333007812,14.3100004196167
2024-11-15,223.37892150878906,202.61000061035156,44.72182846069336,148.5623016357422,236.58999633789062,171.28721618652344,570.4513549804688,70.8621597290039,145.88998413085938,236.8612823486328,550.4760131835938,408.54620361328125,141.60003662109375,21.99156379699707,572.5374145507812,82.72509765625,320.7200012207031,27.830650329589844,82.73981475830078,44.56941604614258,112.82288360595703,16.139999389648438
2024-11-18,226.37718200683594,201.6999969482422,44.69313049316406,149.46412658691406,241.08999633789062,174.0775909423828,565.1173095703125,70.99629211425781,146.6194305419922,236.5908966064453,550.7939453125,409.29437255859375,139.77493286132812,22.044769287109375,574.88330078125,82.87203216552734,338.739990234375,27.69186782836914,82.57286834716797,45.1622314453125,113.76850891113281,15.579999923706055
2024-11-19,226.63531494140625,204.61000061035156,44.39657974243164,148.3856658935547,243.25,176.87794494628906,558.764404296875,71.10362243652344,144.94264221191406,234.7177276611328,557.4404296875,411.2928161621094,146.61659240722656,22.257591247558594,576.9846801757812,83.29444122314453,346.0,27.682613372802734,85.04769897460938,44.875240325927734,112.17986297607422,16.350000381469727
2024-11-20,227.35009765625,202.8800048828125,44.061763763427734,149.99407958984375,244.6199951171875,174.7528533935547,559.2930297851562,71.08573150634766,145.04685974121094,232.48731994628906,561.841552734375,409.028564453125,145.4995880126953,22.115711212158203,577.18017578125,83.02812957763672,342.0299987792969,27.82139778137207,85.61730194091797,45.326900482177734,113.77796936035156,17.15999984741211
2024-11-21,226.8735809326172,198.3800048828125,44.44440841674805,150.2729949951172,246.66000366210938,166.46107482910156,572.9214477539062,71.11257934570312,147.3109893798828,236.3302001953125,559.4273681640625,407.26287841796875,146.2775115966797,22.28419303894043,580.2786254882812,82.9638442993164,339.6400146484375,27.91391944885254,86.80561065673828,45.693885803222656,115.30042266845703,16.8700008392334
2024-11-22,228.21383666992188,197.1199951171875,44.96097946166992,150.95172119140625,249.83999633789062,163.611083984375,579.3319091796875,71.09468078613281,146.9983673095703,239.98968505859375,555.5030517578125,411.3368225097656,141.5701446533203,22.74530792236328,582.0772094726562,83.009765625,352.55999755859375,28.061954498291016,88.81886291503906,45.76445770263672,115.16804504394531,15.239999771118164
2024-11-25,231.19223022460938,201.4499969482422,45.439292907714844,149.0922088623047,242.47999572753906,166.48095703125,579.572265625,71.36300659179688,147.5762481689453,241.66973876953125,561.4342651367188,413.10247802734375,135.656005859375,23.2064208984375,584.0517578125,85.15872192382812,338.5899963378906,27.867658615112305,87.89571380615234,44.861122131347656,113.44700622558594,14.600000381469727
2024-11-26,233.366455078125,207.86000061035156,45.678443908691406,151.1097412109375,242.9499969482422,167.94068908691406,581.9461669921875,71.2288589477539,147.5571746826172,241.3607940673828,569.809326171875,422.1775207519531,136.55360412597656,22.85171890258789,587.1012573242188,84.82811737060547,338.2300109863281,27.9046688079834,89.67327880859375,44.799964904785156,111.55574798583984,14.100000381469727
2024-11-27,233.23739624023438,205.74000549316406,45.697574615478516,150.71926879882812,243.49000549316406,168.04991149902344,581.8787841796875,71.4435043334961,148.39749145507812,241.18698120117188,565.4976196289062,417.2455139160156,134.97779846191406,22.904922485351562,585.322265625,85.41586303710938,332.8900146484375,27.664108276367188,90.23304748535156,44.75291442871094,111.26260375976562,14.100000381469727
2024-11-29,235.6201171875,207.88999938964844,45.448848724365234,150.55191040039062,245.58999633789062,167.77186584472656,584.8967895507812,71.58660125732422,148.02505493164062,241.119384765625,570.5842895507812,417.7090759277344,137.88003540039062,23.24188804626465,588.9583129882812,86.2974624633789,345.1600036621094,27.617849349975586,90.84194946289062,44.94581604003906,111.54629516601562,13.510000228881836
2024-12-02,237.8638153076172,210.7100067138672,44.99924087524414,150.81222534179688,243.44000244140625,170.294189453125,581.16845703125,71.56053924560547,147.8245391845703,237.76890563964844,588.973876953125,425.1269836425781,138.25901794433594,22.896055221557617,590.0140380859375,86.50482177734375,357.0899963378906,27.784387588500977,90.97943878173828,44.47061538696289,111.44227600097656,13.34000015258789
2024-12-03,240.90176391601562,213.44000244140625,44.78879165649414,150.5426025390625,243.92999267578125,170.14520263671875,581.5259399414062,71.56053924560547,145.4945068359375,236.38815307617188,609.6585693359375,425.34393310546875,139.88465881347656,22.665496826171875,590.2877197265625,85.75838470458984,351.4200134277344,27.775136947631836,91.83383178710938,44.465911865234375,111.27205657958984,13.300000190734863
2024-12-04,241.25917053222656,218.16000366210938,44.358314514160156,147.19557189941406,244.6699981689453,173.154052734375,578.2710571289062,71.73123931884766,143.68963623046875,235.01705932617188,609.78759765625,431.4794921875,144.75161743164062,22.372867584228516,593.9530639648438,86.6799087524414,357.92999267578125,27.765884399414062,92.75697326660156,43.3931999206543,108.06637573242188,13.449999809265137
2024-12-05,241.28895568847656,220.5500030517578,44.96097946166992,148.1345977783203,242.86000061035156,171.43617248535156,576.4260864257812,71.6683578491211,142.78245544433594,237.02542114257812,604.96923828125,436.6087951660156,144.68179321289062,22.78964614868164,592.9756469726562,86.85501098632812,369.489990234375,27.617849349975586,93.59175872802734,43.56257247924805,108.5391845703125,13.539999961853027
2024-12-06,241.0904083251953,227.02999877929688,44.97060012817383,144.33200073242188,242.9499969482422,173.4917449951172,579.207763671875,71.78514862060547,142.58192443847656,238.8406982421875,619.7127075195312,437.5459899902344,142.06863403320312,22.816247940063477,594.0997314453125,86.9840087890625,389.2200012207031,27.69186782836914,93.98456573486328,42.82390213012695,107.39498138427734,12.770000457763672
2024-12-09,244.97222900390625,226.08999633789062,44.16257858276367,146.042724609375,245.36000061035156,174.34671020507812,573.8375854492188,71.69529724121094,142.8588409423828,235.4129180908203,609.5790405273438,439.96270751953125,138.44805908203125,23.144346237182617,591.0404052734375,86.18228912353516,389.7900085449219,27.738126754760742,92.14810180664062,42.75333023071289,106.76140594482422,14.1899995803833
2024-12-10,245.98489379882812,225.0399932861328,44.00865936279297,145.9683380126953,248.58999633789062,184.0895233154297,565.0579833984375,71.73123931884766,142.50550842285156,234.4956512451172,615.2915649414062,437.3092041015625,134.7178192138672,22.674367904663086,589.2027587890625,85.77681732177734,400.989990234375,27.802892684936523,92.8552017211914,42.46163558959961,106.5439224243164,14.180000305175781
2024-12-11,244.71408081054688,230.25999450683594,44.32610321044922,145.23385620117188,250.9600067138672,194.25982666015625,572.330810546875,71.74920654296875,140.03225708007812,235.14259338378906,628.5648193359375,442.892333984375,138.94676208496094,22.372867584228516,593.7576293945312,84.9658432006836,424.7699890136719,27.895414352416992,93.25784301757812,42.53220748901367,105.8346939086914,13.579999923706055
2024-12-12,246.17352294921875,228.97000122070312,44.32610321044922,143.8392333984375,247.27999877929688,190.8398895263672,571.413330078125,71.55155181884766,139.65025329589844,233.21142578125,626.68701171875,443.4546203613281,136.98190307617188,22.49701690673828,590.6982421875,83.93370819091797,418.1000061035156,27.98793601989746,92.4034423828125,42.18874740600586,105.74012756347656,13.920000076293945
2024-12-13,246.34228515625,227.4600067138672,43.93170166015625,143.0582733154297,244.2899932861328,188.71238708496094,565.4925537109375,71.34491729736328,140.0131378173828,231.6762237548828,616.3150024414062,441.19573974609375,133.8999481201172,22.6832332611084,590.5809936523438,83.07671356201172,436.2300109863281,27.997188568115234,92.7656478881836,41.97702407836914,104.81340789794922,13.8100004196167
2024-12-16,249.2313232421875,232.92999267578125,43.739322662353516,138.86517333984375,244.8800048828125,195.51246643066406,566.3135986328125,71.47967529296875,137.36795043945312,231.32862854003906,620.6798706054688,445.45703125,131.65582275390625,22.39060401916504,593.1027221679688,83.32550048828125,463.0199890136719,27.950927734375,93.37588500976562,41.054874420166016,102.57228088378906,14.6899995803833
2024-12-17,251.6537322998047,231.14999389648438,43.335304260253906,137.70297241210938,243.94000244140625,194.2797088623047,555.061279296875,71.32693481445312,139.81259155273438,230.150634765625,615.9072265625,448.2880554199219,130.05003356933594,23.436979293823242,590.6591186523438,83.52824401855469,479.8599853515625,27.978683471679688,93.91722869873047,40.749046325683594,102.13729095458984,15.869999885559082
2024-12-18,246.2628631591797,220.52000427246094,41.84429931640625,133.9561767578125,239.25999450683594,187.3006591796875,531.4652709960938,70.59453582763672,138.22738647460938,222.43582153320312,593.7841186523438,431.4499206542969,128.57388305664062,22.958127975463867,573.0554809570312,82.48377990722656,440.1300048828125,28.30251121520996,92.07667541503906,39.54459762573242,100.63374328613281,27.6200008392334
2024-12-19,247.9903106689453,223.2899932861328,41.7288703918457,131.23202514648438,239.60000610351562,187.41000366210938,535.0775756835938,70.52227783203125,137.11012268066406,224.93661499023438,592.1734008789062,431.0947570800781,130.33924865722656,22.85171890258789,572.8794555664062,81.23487854003906,436.1700134277344,28.35802459716797,91.92903900146484,39.201141357421875,99.77323150634766,24.09000015258789
2024-12-20,252.656494140625,224.9199981689453,42.488800048828125,132.81259155273438,242.10000610351562,190.2931365966797,546.774169921875,70.96479797363281,137.96002197265625,229.41680908203125,581.9122924804688,430.670654296875,134.34877014160156,23.37490463256836,579.76025390625,81.69745635986328,421.05999755859375,28.219242095947266,90.78730010986328,39.586944580078125,100.11363983154297,18.360000610351562
2024-12-23,253.4308624267578,225.05999755859375,42.21945571899414,132.92416381835938,240.9600067138672,193.49432373046875,551.29443359375,70.77516174316406,138.72396850585938,230.17959594726562,596.4288940429688,429.3389587402344,139.30584716796875,23.68526840209961,583.2320556640625,80.9480972290039,430.6000061035156,28.322710037231445,88.92707824707031,39.81941604614258,100.52027130126953,16.780000686645508
2024-12-24,256.3397521972656,229.0500030517578,42.6908073425293,133.73301696777344,241.44000244140625,194.96568298339844,562.8943481445312,71.00094604492188,139.27783203125,233.964599609375,604.2839965820312,433.363525390625,139.8544158935547,23.71187400817871,589.7146606445312,81.29039001464844,462.2799987792969,28.400068283081055,91.2203598022461,40.15626907348633,100.61483001708984,14.270000457763672
2024-12-26,257.15380859375,227.0500030517578,42.854339599609375,133.86318969726562,243.07000732421875,194.45867919921875,561.3876953125,71.18152618408203,139.0199737548828,234.76602172851562,599.908935546875,432.16009521484375,139.56515502929688,23.552257537841797,589.75390625,81.24413299560547,454.1300048828125,28.34204864501953,91.32864379882812,40.1230583190918,100.6999282836914,14.729999542236328
2024-12-27,253.74853515625,223.75,42.65232849121094,133.8817901611328,241.39999389648438,191.63522338867188,556.510009765625,70.93771362304688,138.51388549804688,232.86387634277344,596.3892822265625,424.68304443359375,136.65274047851562,23.60546112060547,583.5458984375,80.5780258178711,431.6600036621094,28.293699264526367,90.2164306640625,40.118309020996094,100.69049072265625,15.949999809265137
2024-12-30,250.38296508789062,221.3000030517578,42.23869705200195,133.0171356201172,240.6300048828125,190.1240997314453,553.9698486328125,71.03706359863281,136.8809051513672,231.0775909423828,587.8679809570312,419.0604553222656,137.13150024414062,23.428112030029297,576.88671875,81.22565460205078,417.4100036621094,28.322710037231445,89.14360809326172,40.11356735229492,100.00962829589844,17.399999618530273
2024-12-31,248.6157989501953,219.38999938964844,42.27717590332031,134.66275024414062,242.1300048828125,188.1954345703125,553.071533203125,71.02802276611328,138.103271484375,231.45416259765625,582.1707763671875,415.7757263183594,133.93984985351562,23.525653839111328,574.7879638671875,80.79081726074219,403.8399963378906,28.448415756225586,88.92707824707031,40.640193939208984,101.72120666503906,17.350000381469727
2025-01-02,242.0931396484375,220.22000122070312,42.60423278808594,136.4013671875,245.4199981689453,188.3246612548828,555.34130859375,71.1996078491211,137.5302734375,231.73416137695312,595.8224487304688,412.8953857421875,137.94935607910156,23.596595764160156,573.3757934570312,81.0128402709961,379.2799987792969,28.690160751342773,88.58257293701172,41.11463165283203,101.475341796875,17.93000030517578
2025-01-03,241.60667419433594,224.19000244140625,43.10444259643555,137.46127319335938,243.49000549316406,190.67086791992188,560.3252563476562,71.30797576904297,137.692626953125,234.90118408203125,601.1817016601562,417.6005554199219,144.09332275390625,23.578857421875,580.544921875,80.75382995605469,410.44000244140625,28.603132247924805,89.35028839111328,41.49892044067383,101.99544525146484,16.1299991607666
2025-01-06,243.23483276367188,227.61000061035156,43.6719856262207,136.9127197265625,243.19000244140625,195.7212371826172,563.4739990234375,71.43441772460938,137.1865234375,233.75595092773438,626.6058959960938,422.0394287109375,149.04037475585938,23.84488296508789,583.8892211914062,80.39300537109375,411.04998779296875,28.41940689086914,89.99005889892578,41.309139251708984,101.88196563720703,16.040000915527344
2025-01-07,240.4649658203125,222.11000061035156,44.32610321044922,139.0789794921875,244.55999755859375,194.34930419921875,560.3155517578125,71.1996078491211,139.6407012939453,236.00762939453125,614.3660888671875,416.6338806152344,139.77459716796875,24.057706832885742,577.288818359375,79.48640441894531,394.3599853515625,28.525774002075195,89.37982177734375,41.72190856933594,102.8370590209961,17.81999969482422
2025-01-08,240.95138549804688,222.1300048828125,44.4511604309082,139.73912048339844,245.86000061035156,192.8182830810547,560.218994140625,71.2899169921875,135.85916137695312,235.96878051757812,607.2369384765625,418.7941589355469,139.7446746826172,23.818283081054688,578.13232421875,79.58814239501953,394.94000244140625,28.63214111328125,90.35423278808594,41.76460266113281,101.11601257324219,17.700000762939453
2025-01-10,235.14358520507812,218.94000244140625,43.39302062988281,142.37954711914062,248.2100067138672,190.91944885253906,540.8825073242188,70.9196548461914,135.6586151123047,232.8048095703125,612.34765625,413.2603759765625,135.55564880371094,23.694137573242188,569.3056030273438,79.06084442138672,394.739990234375,28.77718734741211,91.53532409667969,41.935401916503906,100.74722290039062,19.540000915527344
2025-01-13,232.71121215820312,218.4600067138672,43.34492111206055,144.43426513671875,245.74000549316406,189.89544677734375,543.7317504882812,70.90160369873047,137.96002197265625,237.01698303222656,604.8606567382812,411.5242614746094,132.8826141357422,23.765073776245117,570.1884155273438,79.03308868408203,403.30999755859375,28.864215850830078,90.08848571777344,42.8178596496582,103.34770202636719,19.190000534057617
2025-01-14,231.59927368164062,217.75999450683594,44.03752136230469,145.87535095214844,247.02999877929688,188.55331420898438,552.018798828125,70.99189758300781,138.22738647460938,240.18093872070312,590.8609008789062,410.0248718261719,131.41644287109375,23.419240951538086,570.9729614257812,78.90357971191406,396.3599853515625,28.680490493774414,89.36013793945312,43.27806091308594,103.75432586669922,18.709999084472656
2025-01-15,236.1562042236328,223.35000610351562,45.307281494140625,147.2048797607422,248.8800048828125,194.40896606445312,585.2347412109375,71.61502838134766,138.43748474121094,244.91722106933594,613.6005249023438,420.5204162597656,135.88479614257812,23.250755310058594,581.3589477539062,80.26349639892578,428.2200012207031,28.63214111328125,89.90147399902344,43.91854476928711,105.44699096679688,16.1200008392334
2025-01-16,226.61546325683594,220.66000366210938,44.86478805541992,148.1811065673828,250.60000610351562,191.7843475341797,592.0634155273438,71.69630432128906,141.111328125,246.78067016601562,607.8135986328125,418.8138122558594,133.22174072265625,23.49018096923828,580.2409057617188,80.52252960205078,413.82000732421875,28.63214111328125,89.86210632324219,44.236412048339844,105.2673110961914,16.600000381469727
2025-01-17,228.3230743408203,225.94000244140625,44.75897216796875,150.1242218017578,249.27000427246094,194.85630798339844,604.5713500976562,71.75950622558594,140.40464782714844,251.5266571044922,609.2753295898438,423.2034606933594,137.3509521484375,23.321697235107422,586.0664672851562,80.66131591796875,426.5,28.738508224487305,90.49203491210938,44.57801055908203,106.21294403076172,15.970000267028809
2025-01-21,221.03591918945312,230.7100067138672,44.8840217590332,147.1212158203125,253.1300048828125,196.89437866210938,613.0709228515625,71.94916534423828,141.4741668701172,255.28268432617188,612.9442749023438,422.68060302734375,140.4628143310547,23.623193740844727,591.430908203125,81.3829116821289,424.07000732421875,28.371057510375977,91.61407470703125,44.35028076171875,105.40916442871094,15.0600004196167
2025-01-22,222.21734619140625,235.00999450683594,44.04713821411133,145.41978454589844,254.42999267578125,197.21249389648438,611.1295776367188,71.84982299804688,138.72396850585938,255.09823608398438,619.9442138671875,440.1402587890625,146.6865692138672,23.064538955688477,594.7557373046875,80.95735168457031,415.1099853515625,28.41940689086914,91.76171112060547,43.543739318847656,103.57464599609375,15.100000381469727
2025-01-23,222.04859924316406,235.4199981689453,44.62430191040039,145.04788208007812,254.07000732421875,196.82476806640625,617.6683959960938,71.9401626586914,140.03225708007812,258.1166687011719,632.8203125,440.643310546875,146.83615112304688,23.445844650268555,598.001953125,80.3282699584961,412.3800048828125,28.40973663330078,92.33257293701172,43.74300003051758,104.16093444824219,15.020000457763672
2025-01-24,221.1749267578125,234.85000610351562,44.74935531616211,144.7131805419922,255.64999389648438,199.041748046875,615.1571044921875,72.02141571044922,140.20411682128906,257.0393371582031,643.7973022460938,438.029296875,142.24813842773438,23.517959594726562,596.2561645507812,80.68905639648438,406.5799865722656,28.235681533813477,93.26760864257812,43.32075500488281,102.75194549560547,14.850000381469727
2025-01-27,228.20391845703125,235.4199981689453,45.29766082763672,146.1821746826172,252.99000549316406,190.6907501220703,611.660888671875,72.07560729980469,146.00057983398438,258.0196228027344,656.1165161132812,428.6583251953125,118.11123657226562,24.21204948425293,587.8218383789062,81.64193725585938,397.1499938964844,28.245349884033203,95.86603546142578,42.87004089355469,104.17984771728516,17.899999618530273
2025-01-28,236.54339599609375,238.14999389648438,45.05717468261719,145.23385620117188,255.17999267578125,194.16041564941406,616.0263671875,72.04850006103516,143.60369873046875,259.2716064453125,670.4843139648438,441.1266784667969,128.6536865234375,24.112892150878906,592.8726806640625,81.58641815185547,398.0899963378906,28.361387252807617,95.75777435302734,42.4620246887207,102.16566467285156,16.40999984741211
2025-01-29,237.63548278808594,237.07000732421875,44.97060012817383,144.75038146972656,254.1999969482422,194.26976013183594,615.6207885742188,72.00337982177734,144.3389892578125,258.7280578613281,672.6318969726562,436.32281494140625,123.37747192382812,23.995710372924805,590.2149047851562,81.4198989868164,389.1000061035156,28.41940689086914,95.96446228027344,42.556915283203125,102.76140594482422,16.559999465942383
2025-01-30,235.8782196044922,234.63999938964844,44.94174575805664,145.3361053466797,258.04998779296875,199.69789123535156,623.6567993164062,72.13883209228516,145.9814910888672,260.3294372558594,683.08203125,409.3540954589844,124.32500457763672,24.257122039794922,593.382568359375,81.72518920898438,400.2799987792969,28.41940689086914,97.09635162353516,42.7751579284668,103.61246490478516,15.84000015258789
2025-01-31,234.29969787597656,237.67999267578125,44.53772735595703,138.7071075439453,258.55999755859375,202.8295440673828,618.5377807617188,71.99432373046875,145.2939453125,259.4268798828125,685.24951171875,409.4231872558594,119.7569351196289,23.905569076538086,590.224609375,81.1886215209961,404.6000061035156,28.535444259643555,96.61407470703125,41.57957458496094,101.0214614868164,16.43000030517578
2025-02-03,226.36724853515625,237.4199981689453,44.4511604309082,138.8465576171875,259.94000244140625,200.0557861328125,610.7817993164062,71.90360260009766,145.02655029296875,258.9512939453125,693.4822998046875,405.3393859863281,116.3558349609375,23.617115020751953,586.2527465820312,81.84965515136719,383.67999267578125,28.661149978637695,97.97233581542969,41.84051513671875,101.2673110961914,18.6200008392334
2025-02-04,231.12274169921875,242.05999755859375,44.932125091552734,142.4539337158203,262.5,205.17578125,612.530029296875,72.13041687011719,146.57357788085938,260.0480041503906,700.1738891601562,406.76971435546875,118.34062957763672,23.31964874267578,590.1854858398438,82.10033416748047,392.2099914550781,28.400068283081055,99.18295288085938,42.718223571777344,103.98125457763672,17.209999084472656
2025-02-05,230.79510498046875,236.1699981689453,45.316898345947266,142.24009704589844,264.1300048828125,190.2135772705078,623.4154052734375,72.32090759277344,147.71946716308594,262.4646911621094,700.8500366210938,407.6771545410156,124.50452423095703,23.83345603942871,592.578369140625,83.45582580566406,378.1700134277344,28.35171890258789,100.84635925292969,42.80836486816406,103.90560913085938,15.770000457763672
2025-02-06,231.5397186279297,238.8300018310547,45.92292022705078,141.22666931152344,263.42999267578125,190.48199462890625,635.749267578125,72.2120590209961,146.59266662597656,268.744140625,707.9293823242188,410.1728515625,128.344482421875,23.28359031677246,594.6380004882812,83.41869354248047,374.32000732421875,28.332378387451172,101.2302017211914,42.02079772949219,102.5344467163086,15.5
2025-02-07,225.989990234375,229.14999389648438,45.595863342285156,141.89608764648438,263.8999938964844,184.25851440429688,633.508544921875,71.98526000976562,146.22019958496094,267.676513671875,710.4450073242188,404.18524169921875,129.50144958496094,23.20246124267578,589.1949462890625,82.88021850585938,361.6199951171875,28.458086013793945,99.55697631835938,42.01605224609375,102.96942901611328,16.540000915527344
2025-02-10,226.25833129882812,233.13999938964844,44.89364242553711,144.82476806640625,268.3699951171875,185.38192749023438,628.3218383789062,72.13041687011719,147.28976440429688,263.0567321777344,713.3086547851562,406.6217041015625,133.22174072265625,23.31964874267578,593.1962890625,82.62953186035156,350.7300109863281,28.545114517211914,101.29911041259766,42.94120407104492,104.93634033203125,15.8100004196167
2025-02-11,231.1979522705078,232.75999450683594,45.00907897949219,146.37741088867188,267.3900146484375,184.23866271972656,625.1441650390625,72.10320281982422,149.0946044921875,266.8903503417969,715.69482421875,405.8523254394531,132.45376586914062,23.013166427612305,593.6473999023438,82.10033416748047,328.5,28.448415756225586,100.85619354248047,43.287540435791016,105.5982894897461,16.020000457763672
2025-02-12,235.42198181152344,228.92999267578125,44.4511604309082,144.01588439941406,267.6700134277344,182.5386199951172,626.8441162109375,71.94895935058594,148.2637939453125,267.33685302734375,721.2430419921875,403.4849548339844,130.79808044433594,22.959077835083008,591.7349853515625,80.98622131347656,336.510009765625,28.467756271362305,101.97823333740234,42.24378204345703,102.42117309570312,15.890000343322754
2025-02-13,240.05349731445312,230.3699951171875,44.56658935546875,144.92701721191406,270.30999755859375,185.05384826660156,626.7958374023438,72.27555847167969,150.1641082763672,268.18121337890625,724.4049072265625,404.9645690917969,134.93724060058594,23.112319946289062,597.9823608398438,82.33242797851562,355.94000244140625,28.235681533813477,103.39555358886719,42.56165313720703,103.16536712646484,15.100000381469727
2025-02-14,243.10472106933594,228.67999267578125,45.17259979248047,146.02688598632812,266.2900085449219,184.14915466308594,637.9998168945312,72.35720825195312,149.1136932373047,268.4432373046875,732.4686889648438,402.8832092285156,138.4879913330078,23.013166427612305,597.952880859375,82.76879119873047,355.8399963378906,28.158323287963867,102.4014663696289,42.732452392578125,103.27032470703125,14.770000457763672
2025-02-18,242.9755096435547,226.64999389648438,44.75897216796875,146.7977294921875,270.70001220703125,182.69769287109375,649.242431640625,72.293701171875,149.19070434570312,271.70428466796875,712.284423828125,404.0768127441406,139.0365447998047,23.040206909179688,599.7083740234375,81.79395294189453,354.1099853515625,28.21634292602539,102.14554595947266,43.316009521484375,105.08307647705078,15.350000381469727
2025-02-19,243.37306213378906,226.6300048828125,44.25876235961914,147.80355834960938,270.8500061035156,184.18894958496094,645.34033203125,72.34814453125,151.98219299316406,271.0249328613281,699.75634765625,409.1370849609375,138.86697387695312,23.337675094604492,601.1206665039062,81.89608001708984,360.55999755859375,28.245349884033203,102.36209106445312,43.65760040283203,105.2357406616211,15.270000457763672
2025-02-20,244.32717895507812,222.8800048828125,43.57579040527344,149.27003479003906,270.989990234375,183.48306274414062,620.3341674804688,72.39350128173828,153.7052001953125,258.9416198730469,690.8773193359375,411.30169677734375,139.7446746826172,23.34668731689453,598.6197509765625,82.20243835449219,354.3999938964844,28.022947311401367,95.67903137207031,44.05613327026367,106.85768127441406,15.65999984741211
2025-02-21,244.0489044189453,216.5800018310547,43.10444259643555,147.5121612548828,270.739990234375,178.61167907714844,604.2429809570312,72.25740814208984,156.22718811035156,256.4570007324219,679.651611328125,403.4735412597656,134.07948303222656,23.70725440979004,588.380859375,83.19586944580078,337.79998779296875,28.119644165039062,93.28730010986328,43.140464782714844,105.60783386230469,18.209999084472656
2025-02-24,245.58944702148438,212.7100067138672,42.767757415771484,148.4239959716797,272.2099914550781,178.20407104492188,604.7644653320312,72.34814453125,157.61329650878906,253.64242553710938,664.3195190429688,399.3124084472656,129.94032287597656,24.022748947143555,585.7035522460938,83.437255859375,330.5299987792969,28.13898468017578,92.19478607177734,43.14995574951172,106.16119384765625,18.979999542236328
2025-02-25,245.52980041503906,212.8000030517578,42.267555236816406,147.04212951660156,268.6199951171875,174.39642333984375,593.9179077148438,72.52957916259766,159.87539672851562,249.8184814453125,653.7501831054688,393.283203125,126.2998275756836,24.103878021240234,582.7906494140625,84.87631225585938,302.79998779296875,28.032615661621094,96.15148162841797,42.528446197509766,104.69190979003906,19.43000030517578
2025-02-26,238.89064025878906,214.35000610351562,42.267555236816406,145.8388671875,269.0299987792969,171.72210693359375,596.6802368164062,72.6293716430664,156.97801208496094,251.1675262451172,669.8578491210938,395.09197998046875,130.93771362304688,23.815425872802734,583.0850219726562,85.37765502929688,290.79998779296875,28.090635299682617,94.68492889404297,42.28648376464844,104.4343032836914,19.100000381469727
2025-02-27,235.849365234375,208.74000549316406,42.440696716308594,147.2771453857422,264.92999267578125,167.51678466796875,587.243896484375,72.49327087402344,157.60366821289062,251.41986083984375,654.4859008789062,387.97552490234375,119.83672332763672,23.5269718170166,573.7777709960938,84.77418518066406,281.95001220703125,28.293699264526367,95.2656478881836,42.51421356201172,105.09262084960938,21.1299991607666
2025-02-28,240.36158752441406,212.27999877929688,44.34534454345703,149.11024475097656,263.2699890136719,169.28639221191406,604.0263061523438,72.69287109375,158.84539794921875,256.85491943359375,664.3890991210938,392.3837585449219,124.59429168701172,23.824438095092773,582.7318725585938,85.81402587890625,292.9800109863281,28.41940689086914,97.0569839477539,43.17367935180664,106.21844482421875,19.6299991607666
2025-03-03,236.57489013671875,205.02000427246094,43.825897216796875,143.9117889404297,266.739990234375,166.03546142578125,587.49609375,72.54156494140625,161.02084350585938,252.94361877441406,651.3141479492188,383.9823913574219,113.76260375976562,23.662185668945312,572.5225219726562,86.21451568603516,284.6499938964844,28.14865493774414,96.05304718017578,41.664974212646484,102.81236267089844,22.780000686645508
2025-03-04,234.4877166748047,203.8000030517578,41.04589080810547,142.8871307373047,269.05999755859375,169.9226531982422,564.0841064453125,72.5324478149414,159.23046875,242.87908935546875,636.3499755859375,384.1009826660156,115.68756866455078,23.21147918701172,565.74560546875,85.15277099609375,272.0400085449219,27.897239685058594,93.47430419921875,41.26170349121094,102.60245513916016,23.510000228881836
2025-03-05,234.29888916015625,208.36000061035156,40.68035888671875,141.7684783935547,269.6199951171875,172.0104217529297,575.6638793945312,72.56891632080078,158.94168090820312,244.12135314941406,652.72607421875,396.36700439453125,116.99415588378906,23.38274574279785,571.8262329101562,84.47289276123047,279.1000061035156,27.55879783630371,94.46839904785156,40.6591682434082,100.598876953125,21.93000030517578
2025-03-06,233.89137268066406,200.6999969482422,39.88195037841797,143.78016662597656,268.25,171.3443145751953,551.0093383789062,72.29547882080078,159.62510681152344,239.27833557128906,624.348876953125,392.284912109375,110.28170776367188,23.65317153930664,561.675537109375,84.19348907470703,263.45001220703125,27.539459228515625,93.14950561523438,40.78252029418945,102.67878723144531,24.8700008392334
2025-03-07,237.60855102539062,199.25,40.0755500793457,146.96693420410156,268.3900146484375,172.84552001953125,543.244140625,72.41397094726562,160.4529266357422,235.14381408691406,622.0917358398438,388.7464294433594,112.39617919921875,24.094865798950195,564.8236083984375,83.92338562011719,262.6700134277344,27.452430725097656,90.27549743652344,41.47993850708008,104.0145034790039,23.3700008392334
2025-03-10,226.08938598632812,194.5399932861328,38.55577850341797,148.12318420410156,266.0400085449219,165.092041015625,516.0562133789062,72.14053344726562,161.42514038085938,225.38014221191406,594.5795288085938,375.7490234375,106.70108032226562,24.013736724853516,549.7792358398438,84.7988510131836,222.14999389648438,27.471771240234375,86.43692016601562,41.788330078125,106.6668701171875,27.860000610351562
2025-03-11,219.48995971679688,196.58999633789062,38.34281921386719,144.84242248535156,269.1600036621094,163.27061462402344,515.8330078125,71.88533782958984,159.6539764404297,222.39085388183594,602.255615234375,376.0357360839844,108.47643280029297,23.42781639099121,545.2090454101562,84.19348907470703,230.5800018310547,27.317054748535156,86.06289672851562,41.45622253417969,104.1480712890625,26.920000076293945
2025-03-12,215.65357971191406,198.88999938964844,38.63322067260742,143.51698303222656,270.3299865722656,166.32623291015625,519.9873657226562,71.96736907958984,156.756591796875,221.18736267089844,616.0265502929688,378.82293701171875,115.4488525390625,23.1754207611084,548.1021728515625,83.69053649902344,248.08999633789062,27.384742736816406,83.85816192626953,41.64599609375,104.11945343017578,24.229999542236328
2025-03-13,208.39817810058594,193.88999938964844,38.4008903503418,144.4005889892578,275.1300048828125,161.9966278076172,509.4071960449219,71.56631469726562,156.891357421875,218.5572052001953,587.2715454101562,374.3751220703125,115.28925323486328,23.076263427734375,540.7957763671875,84.42633056640625,240.67999267578125,27.481441497802734,83.16920471191406,41.36133575439453,103.6805648803711,24.65999984741211
2025-03-14,212.18490600585938,197.9499969482422,39.58186721801758,147.60617065429688,275.239990234375,164.7138214111328,525.5200805664062,71.89444732666016,156.71810913085938,225.59365844726562,604.6723022460938,384.05157470703125,121.36392974853516,23.184432983398438,551.9662475585938,83.97927856445312,249.97999572753906,27.452430725097656,84.00582122802734,42.58538055419922,106.76227569580078,21.770000457763672
2025-03-17,212.6917724609375,195.74000549316406,40.11427307128906,149.2042236328125,276.7300109863281,163.5194549560547,535.1587524414062,72.06761169433594,156.74697875976562,227.03976440429688,601.9853515625,384.1899719238281,119.22930908203125,23.48189926147461,556.2227783203125,84.39837646484375,238.00999450683594,27.346065521240234,86.08257293701172,43.26382064819336,108.53687286376953,20.510000228881836
2025-03-18,211.38978576660156,192.82000732421875,40.31755065917969,151.16893005371094,279.9599914550781,159.91644287109375,535.5858154296875,71.94002532958984,158.10421752929688,228.04913330078125,579.5538940429688,379.0700988769531,115.13961791992188,23.71626853942871,550.2108154296875,84.48218536376953,225.30999755859375,27.326725006103516,84.24203491210938,43.334983825683594,108.42237854003906,21.700000762939453
2025-03-19,213.92420959472656,195.5399932861328,40.85963439941406,154.21470642089844,281.1099853515625,163.12132263183594,540.9826049804688,72.41397094726562,156.891357421875,232.0671844482422,581.2457275390625,383.32012939453125,117.22435760498047,23.62612533569336,556.2030639648438,84.919921875,235.86000061035156,27.394412994384766,84.97038269042969,44.041900634765625,110.11112213134766,19.899999618530273
2025-03-20,212.7911834716797,194.9499969482422,41.121002197265625,154.89151000976562,280.75,162.03643798828125,546.1658325195312,72.31370544433594,156.92025756835938,231.97012329101562,583.1763305664062,382.3515319824219,118.2318115234375,23.60809898376465,554.5947265625,84.9758071899414,236.25999450683594,27.471771240234375,84.45856475830078,44.20320510864258,110.57861328125,19.799999237060547
2025-03-21,216.93568420410156,196.2100067138672,41.111324310302734,154.8727264404297,278.489990234375,163.2208709716797,548.5536499023438,72.20433807373047,157.50743103027344,234.51296997070312,593.3768920898438,386.7203063964844,117.4039077758789,23.689228057861328,554.7776489257812,84.47289276123047,248.7100067138672,27.55879783630371,84.8582763671875,43.89482116699219,110.19699096679688,19.280000686645508
2025-03-24,219.38063049316406,203.25999450683594,41.6921272277832,155.1265411376953,277.25,166.8935546875,563.0745239257812,72.41397094726562,157.1801300048828,240.75357055664062,615.8680419921875,388.5191650390625,121.1045913696289,23.563026428222656,564.712890625,83.60673522949219,278.3900146484375,27.607147216796875,86.34859466552734,44.394954681396484,110.48320007324219,17.479999542236328
2025-03-25,222.38217163085938,205.7100067138672,41.895408630371094,155.9913787841797,278.4700012207031,169.76007080078125,568.7431640625,72.37749481201172,154.99508666992188,243.73316955566406,623.2921142578125,390.5749816894531,120.38639068603516,23.031190872192383,566.0703735351562,83.59741973876953,288.1400146484375,27.57813835144043,83.65420532226562,44.57664489746094,111.23693084716797,17.149999618530273
2025-03-26,220.1757354736328,201.1300048828125,41.45011901855469,157.89968872070312,278.239990234375,164.2858428955078,557.0759887695312,72.08583068847656,155.66888427734375,243.63609313964844,608.0359497070312,385.4452209472656,113.47382354736328,22.724708557128906,559.3123779296875,83.04793548583984,272.05999755859375,27.70384407043457,84.09833526611328,44.83961868286133,112.83979797363281,18.329999923706055
2025-03-27,222.4815673828125,201.36000061035156,41.19844055175781,156.65879821777344,281.9700012207031,161.47909545898438,542.5161743164062,71.94914245605469,157.02613830566406,240.81179809570312,599.676513671875,386.04815673828125,111.14968872070312,22.5444278717041,557.8270874023438,82.80577087402344,273.1300048828125,27.616817474365234,84.5128402709961,44.404518127441406,112.47724914550781,18.690000534057617
2025-03-28,216.56793212890625,192.72000122070312,39.93034744262695,156.1324005126953,284.05999755859375,153.60618591308594,527.179931640625,71.821533203125,157.5844268798828,235.697021484375,573.9610595703125,374.4048156738281,109.39411926269531,22.724708557128906,546.5933227539062,83.95133972167969,263.54998779296875,27.56846809387207,84.03911590576172,44.19413757324219,112.32460021972656,21.649999618530273
2025-03-31,220.77207946777344,190.25999450683594,40.39499282836914,157.2604217529297,288.1400146484375,153.91473388671875,530.2568359375,71.90355682373047,159.63470458984375,238.07485961914062,573.5828247070312,371.0343933105469,108.10735321044922,22.841896057128906,550.2625732421875,84.78023529052734,259.1600036621094,27.59747886657715,86.64468383789062,44.68183517456055,113.46949768066406,22.280000686645508
2025-04-01,221.8256072998047,192.1699981689453,40.16267776489258,158.4073028564453,287.57000732421875,156.33334350585938,532.353515625,72.07025146484375,147.51580810546875,236.4832000732422,583.1763305664062,377.7554931640625,109.8729019165039,22.12076187133789,551.8167114257812,85.51487731933594,268.4599914550781,27.62648582458496,87.67111206054688,44.94480895996094,113.57445526123047,21.770000457763672
2025-04-02,222.5213165283203,196.00999450683594,40.51115417480469,156.4896240234375,288.1600036621094,156.30345153808594,546.573486328125,72.2167739868164,149.54685974121094,238.57957458496094,581.1162719726562,377.7060546875,110.14221954345703,22.264989852905273,555.308837890625,85.45881652832031,282.760009765625,27.51045036315918,88.5889663696289,45.00696563720703,113.221435546875,21.510000228881836
2025-04-03,201.94786071777344,178.41000366210938,36.02927780151367,146.76010131835938,286.4200134277344,150.01309204101562,496.2258605957031,71.31922912597656,153.83998107910156,221.95411682128906,529.058349609375,368.7807922363281,101.54391479492188,21.895408630371094,527.9428100585938,85.85137176513672,267.2799987792969,27.026962280273438,86.12158966064453,41.47354507446289,107.2679443359375,30.020000457763672
2025-04-04,187.22840881347656,171.0,33.28981399536133,134.68992614746094,279.7200012207031,144.91712951660156,456.99212646484375,70.30260467529297,147.50619506835938,205.3434295654297,502.2979431152344,355.6647644042969,94.07275390625,20.705535888671875,497.0354309082031,86.78607177734375,239.42999267578125,27.326725006103516,82.10468292236328,37.65801239013672,99.54936981201172,45.310001373291016
2025-04-07,180.35072326660156,175.25999450683594,34.441741943359375,131.74755859375,273.7099914550781,146.06173706054688,451.8476867675781,69.69811248779297,144.98419189453125,209.40577697753906,513.762451171875,353.707763671875,97.39437866210938,20.399057388305664,496.150146484375,84.16895294189453,233.2899932861328,27.442760467529297,82.73634338378906,37.41416549682617,98.21367645263672,46.97999954223633
2025-04-08,171.365966796875,170.66000366210938,33.909332275390625,128.7206268310547,275.20001220703125,144.02134704589844,448.6542663574219,69.3775634765625,144.38742065429688,211.77871704101562,507.9903564453125,350.4460754394531,96.05774688720703,19.686939239501953,488.3790283203125,82.57998657226562,221.86000061035156,27.317054748535156,80.72294616699219,36.548744201660156,96.1432876586914,52.33000183105469
2025-04-09,197.6343994140625,191.10000610351562,35.961517333984375,137.27503967285156,285.3800048828125,157.9656524658203,501.7002868652344,71.2367935180664,145.3210906982422,228.83859252929688,582.9474487304688,385.9591979980469,114.04238891601562,20.272857666015625,539.6682739257812,83.06600952148438,272.20001220703125,27.35573387145996,88.4310531616211,39.37930679321289,100.94234466552734,33.619998931884766
2025-04-10,189.25595092773438,181.22000122070312,34.70310592651367,126.88751983642578,292.3500061035156,152.10325622558594,475.4248046875,70.07364654541016,143.12640380859375,221.77833557128906,543.6576538085938,376.9252624511719,107.29940032958984,19.461584091186523,516.0205078125,80.77599334716797,252.39999389648438,26.785219192504883,89.42788696289062,36.80693817138672,95.34185791015625,40.720001220703125
2025-04-11,196.93865966796875,184.8699951171875,34.79990768432617,127.49855041503906,297.92999267578125,156.40298461914062,479.9285888671875,70.28428649902344,146.0526885986328,230.6549072265625,540.9507446289062,383.94287109375,110.65094757080078,19.75003433227539,525.2278442382812,81.21530151367188,252.30999755859375,26.543476104736328,91.58931732177734,37.72016906738281,98.40447998046875,37.560001373291016
2025-04-14,201.28196716308594,182.1199951171875,35.49687194824219,127.20714569091797,296.2300109863281,158.32394409179688,489.1886291503906,70.63231658935547,148.58428955078125,229.2096710205078,528.9190673828125,383.310302734375,110.4314956665039,19.939334869384766,530.3233032226562,81.79481506347656,252.35000610351562,26.45644760131836,93.4941177368164,37.85404968261719,98.64299774169922,30.889999389648438
2025-04-15,200.90428161621094,179.58999633789062,36.77464294433594,126.47389221191406,297.7799987792969,155.57687377929688,492.98388671875,70.82466888427734,147.87197875976562,227.65701293945312,519.0070190429688,381.25439453125,111.9177474975586,20.227785110473633,528.837890625,82.08455657958984,254.11000061035156,26.60149383544922,92.74404907226562,37.79667282104492,98.36631774902344,30.1200008392334
2025-04-16,193.08238220214844,174.3300018310547,36.13576126098633,127.24473571777344,307.4700012207031,152.6108856201172,484.4033203125,70.81549072265625,148.151123046875,224.2196502685547,499.88958740234375,367.2982177734375,104.2271499633789,19.86722183227539,517.0828247070312,82.54256439208984,241.5500030517578,26.37908935546875,90.00031280517578,38.107460021972656,99.40625762939453,32.63999938964844
2025-04-17,195.77581787109375,172.61000061035156,36.213199615478516,129.60427856445312,306.1199951171875,150.45106506347656,494.5368957519531,71.22764587402344,151.57791137695312,226.5144805908203,499.06365966796875,363.5126647949219,101.23468780517578,19.95736312866211,517.8206176757812,81.81352233886719,241.3699951171875,26.398427963256836,92.00382995605469,38.968109130859375,102.01091766357422,29.649999618530273
2025-04-21,191.97918701171875,167.32000732421875,35.738868713378906,125.71247863769531,315.5899963378906,146.97740173339844,486.6454772949219,70.80633544921875,151.04849243164062,223.6142120361328,482.32464599609375,354.95318603515625,96.66622161865234,19.86722183227539,505.4951171875,80.3834457397461,227.5,26.147014617919922,91.20439910888672,37.94968032836914,100.51301574707031,33.81999969482422
2025-04-22,198.51895141601562,173.17999267578125,37.094085693359375,129.0684356689453,311.1099853515625,150.7595977783203,504.728759765625,71.08110809326172,151.84744262695312,230.05923461914062,497.869384765625,362.5638122558594,98.6412353515625,20.308916091918945,518.6469116210938,80.83210754394531,237.97000122070312,26.29206085205078,93.6125717163086,38.915504455566406,103.32756805419922,30.56999969482422
2025-04-23,203.3492431640625,180.60000610351562,37.51032638549805,128.48562622070312,303.6499938964844,154.62139892578125,513.7752075195312,71.43827056884766,149.5661163330078,235.22506713867188,517.7631225585938,370.0460205078125,102.45162200927734,20.182716369628906,526.68359375,81.61723327636719,250.74000549316406,26.53380584716797,93.72112274169922,38.84378433227539,102.44026947021484,28.450000762939453
2025-04-24,207.09619140625,186.5399932861328,38.313777923583984,130.73231506347656,308.07000732421875,158.532958984375,529.3638305664062,72.07939910888672,149.1329345703125,238.89678955078125,530.5810546875,382.80615234375,106.16226196289062,20.534269332885742,537.769775390625,82.47714233398438,259.510009765625,26.417766571044922,94.58965301513672,39.465370178222656,103.64240264892578,26.469999313354492
2025-04-25,208.0006103515625,188.99000549316406,38.42025375366211,130.41270446777344,304.7300109863281,161.2003936767578,528.8687744140625,72.14352416992188,148.7960662841797,237.83236694335938,544.6329345703125,387.30340576171875,110.73075103759766,20.66046714782715,541.6553955078125,83.08470153808594,284.95001220703125,26.485454559326172,93.84943389892578,39.39365005493164,103.58516693115234,24.84000015258789
2025-04-28,208.8553924560547,187.6999969482422,38.50737380981445,131.7005615234375,309.07000732421875,159.85670471191406,530.3636474609375,72.18014526367188,149.5372314453125,237.5101318359375,547.0910034179688,386.6214294433594,108.45648956298828,20.777650833129883,541.86181640625,83.60810852050781,285.8800048828125,26.321069717407227,93.97773742675781,39.670963287353516,103.64240264892578,25.149999618530273
2025-04-29,209.91883850097656,187.38999938964844,38.71065902709961,130.9485321044922,306.05999755859375,159.40884399414062,532.8096313476562,72.37248229980469,150.07627868652344,238.87725830078125,551.7684326171875,389.4679870605469,108.7457504272461,21.444698333740234,545.2752685546875,84.30913543701172,292.0299987792969,26.408098220825195,94.78704833984375,39.55621337890625,103.38481903076172,24.170000076293945
2025-04-30,211.20095825195312,184.4199981689453,38.60417556762695,127.90277862548828,303.7699890136719,158.0552215576172,531.4798583984375,71.98780822753906,150.46128845214844,238.87725830078125,546.3546752929688,390.673828125,108.64599609375,22.003576278686523,545.49169921875,83.62681579589844,282.1600036621094,26.50479507446289,95.98124694824219,38.489967346191406,100.78014373779297,24.700000762939453
2025-05-01,212.0159454345703,190.1999969482422,38.8848991394043,128.0907745361328,297.4599914550781,160.54348754882812,537.5756225585938,72.08080291748047,148.68052673339844,241.09397888183594,569.4528198242188,420.464111328125,111.32923126220703,21.57089614868164,549.3574829101562,83.2027816772461,280.5199890136719,26.65951156616211,96.13916778564453,38.63341522216797,100.92326354980469,24.600000381469727
2025-05-02,204.09466552734375,189.97999572753906,39.75611114501953,130.19650268554688,297.9800109863281,163.2606658935547,549.4854736328125,72.3017349243164,150.27841186523438,246.58203125,594.143310546875,430.2294921875,114.21197509765625,21.814281463623047,557.5123291015625,82.30218505859375,287.2099914550781,26.620832443237305,97.46168518066406,39.19761276245117,101.33352661132812,22.68000030517578
2025-05-05,197.6741485595703,186.35000610351562,39.80451202392578,127.37635040283203,306.8800048828125,163.4398193359375,543.1373901367188,72.27411651611328,149.2003173828125,246.63084411621094,596.3824462890625,431.1091613769531,113.53367614746094,21.516813278198242,554.3153076171875,81.84249114990234,280.260009765625,26.57248306274414,98.03411865234375,38.489967346191406,98.52851104736328,23.639999389648438
2025-05-06,197.2964630126953,185.00999450683594,39.53346633911133,127.47036743164062,315.4800109863281,162.4644317626953,533.2367553710938,72.2188949584961,148.69015502929688,243.3985595703125,584.4800415039062,428.2823486328125,113.25438690185547,20.624412536621094,549.6821899414062,82.11454772949219,275.3500061035156,26.408098220825195,97.26429748535156,38.499534606933594,99.90238189697266,24.760000228881836
2025-05-07,195.05029296875,188.7100067138672,39.620582580566406,127.64897155761719,310.75,150.6699981689453,535.7216186523438,72.28331756591797,151.41427612304688,243.53526306152344,593.9342041015625,428.3218994140625,116.7655258178711,20.543283462524414,551.993896484375,82.461669921875,276.2200012207031,26.60149383544922,97.54064178466797,38.513877868652344,99.80697631835938,23.549999237060547
2025-05-08,196.28271484375,192.0800018310547,40.2691535949707,128.8240203857422,304.6300048828125,153.55641174316406,549.0972290039062,72.26490783691406,149.83563232421875,247.51950073242188,595.1284790039062,433.08599853515625,117.07474517822266,20.705535888671875,555.8400268554688,81.54230499267578,284.82000732421875,26.823896408081055,96.15889739990234,39.02070617675781,101.19994354248047,22.479999542236328
2025-05-09,197.31634521484375,193.05999755859375,40.45307540893555,130.18710327148438,306.8399963378906,152.03359985351562,550.4560546875,72.31095123291016,148.4495086669922,247.13865661621094,589.6350708007812,433.63946533203125,116.35655975341797,20.466699600219727,555.1317749023438,81.66426086425781,298.260009765625,26.746540069580078,95.68897247314453,39.41277313232422,102.38301849365234,21.899999618530273
2025-05-12,209.776123046875,208.63999938964844,41.97284698486328,133.1294403076172,298.19000244140625,157.716796875,573.9846801757812,73.02899169921875,148.37249755859375,253.9449920654297,636.348876953125,444.04730224609375,122.69058990478516,21.210773468017578,573.4774780273438,80.90435791015625,318.3800048828125,27.123659133911133,95.7186508178711,40.440765380859375,104.1480712890625,18.389999389648438
2025-05-13,211.90585327148438,211.3699951171875,42.8634147644043,133.815673828125,299.4599914550781,158.78179931640625,586.0886840820312,73.15786743164062,142.88580322265625,256.8355712890625,652.868896484375,443.9287109375,129.6031494140625,21.008682250976562,577.2647094726562,80.57601165771484,334.07000732421875,26.891584396362305,94.85792541503906,41.00974655151367,104.4343032836914,18.219999313354492
2025-05-14,211.3087158203125,210.25,43.3087043762207,133.1764373779297,293.1600036621094,164.59439086914062,593.6499633789062,72.89089965820312,140.8836212158203,259.4038391113281,656.182861328125,447.6845703125,134.99952697753906,20.227861404418945,578.00244140625,80.04129791259766,347.67999267578125,26.949604034423828,95.79779052734375,40.76111602783203,103.49930572509766,18.6200008392334
2025-05-15,210.43295288085938,205.1699981689453,42.9602165222168,133.73106384277344,297.8399963378906,163.19100952148438,597.8239135742188,73.02899169921875,144.01202392578125,261.2103576660156,640.7774047851562,448.6946105957031,134.49081420898438,20.760652542114258,580.8255615234375,80.74488067626953,342.82000732421875,26.881916046142578,95.3228988647461,40.93324279785156,104.548828125,17.829999923706055
2025-05-16,210.24386596679688,205.58999633789062,43.26029968261719,133.58067321777344,294.239990234375,165.41055297851562,600.862060546875,73.1118392944336,145.6676788330078,261.2787170410156,637.2545166015625,449.82342529296875,135.05938720703125,20.97193717956543,584.5045166015625,80.96065521240234,349.9800109863281,26.959272384643555,97.19275665283203,40.871089935302734,104.1733169555664,17.239999771118164
2025-05-19,207.7758026123047,206.16000366210938,43.33774185180664,131.77284240722656,298.0299987792969,165.75889587402344,594.3294677734375,73.07501220703125,146.7842559814453,258.6616516113281,637.3440551757812,454.37841796875,135.2289581298828,21.12809944152832,585.1439208984375,80.72612762451172,342.0899963378906,26.775548934936523,97.07404327392578,40.34035873413086,102.51717376708984,18.139999389648438
2025-05-20,205.8650360107422,204.07000732421875,43.26029968261719,130.61199951171875,303.5799865722656,163.2108917236328,588.7191772460938,73.0381851196289,147.91046142578125,259.4428405761719,634.0301513671875,453.6852722167969,134.04196166992188,21.60578155517578,583.1765747070312,80.14449310302734,343.82000732421875,26.698190689086914,96.75746154785156,39.967411041259766,101.05360412597656,18.09000015258789
2025-05-21,201.11798095703125,201.1199951171875,41.866363525390625,128.98492431640625,305.82000732421875,167.76942443847656,576.0424194335938,72.55028533935547,147.44842529296875,254.91177368164062,632.4378662109375,448.1401062011719,131.46844482421875,21.164846420288086,573.349609375,78.77481079101562,334.6199951171875,26.5821533203125,95.40205383300781,39.231082916259766,99.8115005493164,20.8700008392334
2025-05-22,200.39149475097656,203.10000610351562,41.92444610595703,128.72801208496094,303.1099853515625,170.06858825683594,580.6724243164062,72.69759368896484,146.8997344970703,254.55047607421875,633.502685546875,450.40765380859375,132.495849609375,21.164846420288086,573.5758056640625,79.18759155273438,341.0400085449219,26.65951156616211,94.90737915039062,39.07807922363281,99.14712524414062,20.280000686645508
2025-05-23,194.33079528808594,200.99000549316406,41.817962646484375,129.9174041748047,309.75,167.6798553466797,580.9733276367188,72.67918395996094,147.21742248535156,254.58953857421875,624.0385131835938,445.7734680175781,130.959716796875,21.422056198120117,569.6607666015625,79.31892395019531,339.3399963378906,26.46611785888672,95.3130111694336,39.202392578125,99.20487213134766,22.290000915527344
2025-05-27,199.24703979492188,206.02000427246094,42.805335998535156,131.14483642578125,304.5,172.08908081054688,597.6588745117188,73.12104797363281,148.7804412841797,259.06201171875,639.2250366210938,456.1806335449219,135.15911865234375,21.68845558166504,581.5043334960938,80.42594909667969,362.8900146484375,26.611164093017578,96.53980255126953,39.541866302490234,99.67668151855469,18.959999084472656
2025-05-28,199.4560089111328,204.72000122070312,42.650455474853516,129.42262268066406,303.80999755859375,171.55160522460938,590.5828247070312,73.07501220703125,147.984375,257.30426025390625,640.4789428710938,452.8832092285156,134.4708709716797,21.29344940185547,578.1400756835938,80.07880401611328,356.8999938964844,26.698190689086914,96.20343017578125,39.03982925415039,98.31903839111328,19.309999465942383
2025-05-29,198.98826599121094,205.6999969482422,42.8246955871582,131.22096252441406,305.6099853515625,171.053955078125,587.10791015625,73.18547821044922,149.100830078125,258.1636047363281,641.94189453125,454.1902770996094,138.83985900878906,21.54147720336914,580.4223022460938,80.81993865966797,358.42999267578125,26.553142547607422,96.06491088867188,39.33149337768555,98.87751770019531,19.18000030517578
2025-05-30,199.88394165039062,205.00999450683594,42.71821594238281,130.0696258544922,303.6000061035156,170.93450927734375,585.732421875,73.24992370605469,150.6832733154297,257.80230712890625,644.3701171875,455.85382080078125,134.79006958007812,21.578222274780273,579.7730102539062,80.94188690185547,346.4599914550781,26.543476104736328,97.66764831542969,38.982452392578125,98.50198364257812,18.56999969482422
2025-06-02,200.7298583984375,206.64999389648438,42.66981506347656,131.1543426513672,311.6700134277344,168.23719787597656,584.044921875,73.23697662353516,150.8677520751953,258.4468078613281,667.6671752929688,457.4480895996094,137.03440856933594,21.550662994384766,583.0388793945312,80.18858337402344,342.69000244140625,26.35974884033203,98.7064437866211,39.494056701660156,99.2241439819336,18.360000610351562
2025-06-03,202.29232788085938,205.7100067138672,43.221580505371094,132.7814178466797,308.9100036621094,165.40057373046875,589.0296020507812,73.3757095336914,149.9163055419922,260.0189514160156,663.6367797851562,458.4383239746094,140.86473083496094,21.449615478515625,586.3637084960938,80.04734802246094,344.2699890136719,26.53380584716797,98.9142074584961,39.96263122558594,99.94630432128906,17.690000534057617
2025-06-04,201.844482421875,207.22999572753906,42.94086456298828,130.7071533203125,310.8999938964844,167.2618408203125,584.5228881835938,73.51448059082031,148.75131225585938,258.01708984375,684.6351928710938,459.3294677734375,141.56298828125,21.486358642578125,586.2062377929688,81.3468017578125,332.04998779296875,26.417766571044922,98.29092407226562,39.183265686035156,98.50198364257812,17.610000610351562
2025-06-05,199.6649932861328,207.91000366210938,42.9602165222168,130.2599334716797,309.3299865722656,167.4210662841797,591.0293579101562,73.3572006225586,149.17849731445312,255.8004150390625,681.3211059570312,463.1022033691406,139.63784790039062,21.23833656311035,583.3733520507812,81.40328216552734,284.70001220703125,26.398427963256836,96.91575622558594,39.145015716552734,98.0494384765625,18.479999542236328
2025-06-06,202.93917846679688,213.57000732421875,43.787872314453125,133.40940856933594,305.17999267578125,172.8654022216797,598.9502563476562,73.34795379638672,150.508544921875,259.49169921875,694.3480224609375,465.7757263183594,141.36346435546875,21.449615478515625,589.3639526367188,80.36750030517578,295.1400146484375,26.53380584716797,96.43096923828125,39.881351470947266,100.39883422851562,16.770000457763672
2025-06-09,200.48104858398438,216.97999572753906,43.69050216674805,133.93270874023438,306.6199951171875,175.47628784179688,598.4821166992188,73.38496398925781,150.70269775390625,260.4779357910156,690.715576171875,468.12255859375,142.27120971679688,22.019155502319336,589.8951416015625,80.45223236083984,308.5799865722656,26.46611785888672,96.41117858886719,39.95785140991211,101.07286071777344,17.15999984741211
2025-06-10,201.69517517089844,217.61000061035156,43.904720306396484,136.3970947265625,306.7099914550781,177.97756958007812,599.7989501953125,73.56069946289062,151.8871307373047,262.2943420410156,699.0155029296875,466.31048583984375,143.5978546142578,22.322298049926758,593.2396850585938,80.8665542602539,326.0899963378906,26.49512481689453,96.28257751464844,40.67027282714844,103.23931884765625,16.950000762939453
2025-06-11,197.82391357421875,213.1999969482422,43.554176330566406,137.75772094726562,308.3699951171875,176.7318878173828,608.8710327148438,73.5422134399414,150.73182678222656,261.8548889160156,690.7952270507812,467.99383544921875,142.48057556152344,22.487646102905273,591.5477294921875,81.11138153076172,326.42999267578125,26.398427963256836,94.77877044677734,41.25837707519531,105.25172424316406,17.260000228881836
2025-06-12,198.24188232421875,213.24000549316406,43.44707107543945,137.9385223388672,312.20001220703125,175.087646484375,609.7879638671875,73.62545013427734,152.09100341796875,261.9427490234375,690.01904296875,474.1826477050781,144.64529418945312,22.818349838256836,593.8987426757812,82.08124542236328,319.1099853515625,26.205034255981445,93.8191146850586,41.401817321777344,105.65613555908203,18.020000457763672
2025-06-13,195.50509643554688,212.10000610351562,42.931007385253906,138.83291625976562,316.2900085449219,174.06124877929688,598.5015869140625,73.4034652709961,152.5181884765625,258.73004150390625,679.57958984375,470.3109130859375,141.6226806640625,22.54276466369629,587.2588500976562,81.290283203125,325.30999755859375,26.272722244262695,93.43328094482422,42.123802185058594,107.95741271972656,20.81999969482422
2025-06-16,197.46563720703125,216.10000610351562,43.242591857910156,138.94711303710938,311.7799987792969,176.1539306640625,612.4608154296875,73.55143737792969,150.69300842285156,264.01300048828125,699.2744140625,474.45001220703125,144.33602905273438,22.41415786743164,592.8461303710938,80.47107696533203,329.1300048828125,26.30173110961914,93.28486633300781,41.999488830566406,108.30404663085938,19.110000610351562
2025-06-17,194.69900512695312,214.82000732421875,43.067325592041016,141.63035583496094,311.94000244140625,175.33677673339844,609.3295288085938,73.46820831298828,147.93582153320312,263.19268798828125,694.4041748046875,473.36077880859375,143.76742553710938,22.046714782714844,587.7802734375,81.45035552978516,316.3500061035156,26.475786209106445,93.24530029296875,42.39156723022461,109.76760864257812,21.600000381469727
2025-06-18,195.6344757080078,212.52000427246094,43.87550735473633,141.00233459472656,310.260009765625,172.71595764160156,619.669677734375,73.57919311523438,146.3339385986328,267.5284423828125,692.9501342773438,475.5392150878906,145.12408447265625,21.936479568481445,587.6917114257812,81.59160614013672,322.04998779296875,26.52413558959961,94.07633972167969,42.1142463684082,108.98768615722656,20.139999389648438
2025-06-20,200.03323364257812,209.69000244140625,44.30393981933594,142.29637145996094,310.1300048828125,166.0592498779297,625.0934448242188,73.8104476928711,145.4213409423828,268.5440673828125,679.5845947265625,472.7270202636719,143.4980926513672,22.019155502319336,586.3115234375,81.44094848632812,322.1600036621094,26.49512481689453,95.09537506103516,42.5445671081543,110.44161987304688,20.6200008392334
2025-06-23,200.5308074951172,208.47000122070312,45.082908630371094,139.7368621826172,311.0799865722656,164.61428833007812,631.0244140625,73.94917297363281,146.90675354003906,271.7372741699219,695.6990966796875,481.2428283691406,143.8173065185547,22.07427406311035,592.1027221679688,81.70460510253906,348.67999267578125,26.38875961303711,96.82671356201172,41.468685150146484,107.59150695800781,19.829999923706055
2025-06-24,199.33657836914062,212.77000427246094,45.43344497680664,136.58738708496094,306.19000244140625,166.18878173828125,645.881103515625,74.15266418457031,147.75135803222656,274.6571044921875,709.3135986328125,485.3126220703125,147.53817749023438,22.331483840942383,598.6439208984375,82.29784393310547,340.4700012207031,26.253381729125977,96.955322265625,40.92881774902344,104.31774139404297,17.479999542236328
2025-06-25,200.59051513671875,211.99000549316406,45.61845016479492,136.2829132080078,307.1199951171875,170.08514404296875,653.4508666992188,74.13417053222656,147.83872985839844,277.391357421875,705.807861328125,487.45147705078125,153.93251037597656,22.285554885864258,598.979248046875,82.40139770507812,327.54998779296875,26.185693740844727,96.22321319580078,40.75046920776367,104.34663391113281,16.760000228881836
2025-06-26,200.03323364257812,217.1199951171875,46.21242141723633,137.43423461914062,306.7799987792969,172.93516540527344,670.3170166015625,74.34689331054688,147.57659912109375,281.9712219238281,723.1473999023438,492.58074951171875,154.64076232910156,22.26717758178711,603.6655883789062,82.81571197509766,325.7799987792969,26.07932472229004,94.99642181396484,41.33371353149414,105.90647888183594,16.59000015258789
2025-06-27,200.11285400390625,223.3000030517578,45.88135528564453,136.81576538085938,301.2200012207031,177.9077911376953,673.877685546875,74.30989837646484,147.96495056152344,280.3697509765625,730.65673828125,491.0855712890625,157.36407470703125,22.221250534057617,606.664794921875,82.28840637207031,323.6300048828125,26.127676010131836,96.23310089111328,41.1168098449707,105.31913757324219,16.31999969482422
2025-06-30,204.18316650390625,219.38999938964844,46.07609939575195,136.24485778808594,304.8299865722656,175.6157989501953,690.4024658203125,74.59664154052734,148.29501342773438,283.10400390625,735.0986938476562,492.5411682128906,157.603515625,22.26717758178711,609.5653686523438,83.09818267822266,317.6600036621094,25.992298126220703,96.7376708984375,40.880611419677734,103.79779815673828,16.729999542236328
2025-07-01,206.8204345703125,220.4600067138672,46.88428497314453,138.50942993164062,307.54998779296875,175.22715759277344,689.1439819335938,74.50277709960938,151.37257385253906,283.59228515625,716.3051147460938,487.2336120605469,152.92498779296875,23.002073287963867,609.3681030273438,83.30424499511719,300.7099914550781,25.982629776000977,97.19275665283203,41.193931579589844,105.18431854248047,16.829999923706055
2025-07-02,211.418212890625,219.9199981689453,47.42955780029297,140.8025360107422,309.25,178.01739501953125,698.3428955078125,74.64216613769531,151.0230712890625,285.14495849609375,710.6781005859375,486.28302001953125,156.86529541015625,23.2592830657959,612.130615234375,82.77497863769531,315.6499938964844,25.963289260864258,96.56947326660156,41.902503967285156,106.9271240234375,16.639999389648438
2025-07-03,212.52285766601562,223.41000366210938,47.64377212524414,141.17359924316406,307.1400146484375,178.904296875,705.9419555664062,74.68863677978516,151.4599609375,290.4435729980469,716.0960693359375,493.9571838378906,158.9501953125,23.31439781188965,616.9549560546875,82.19844055175781,315.3500061035156,26.0889949798584,97.31148529052734,41.95071029663086,108.03443145751953,16.3799991607666
2025-07-07,208.94017028808594,223.47000122070312,47.3808708190918,140.2506561279297,307.3699951171875,176.17384338378906,693.5044555664062,74.4377212524414,150.7415313720703,286.4892272949219,715.4386596679688,492.84814453125,157.8529052734375,23.185792922973633,612.3573608398438,81.41397094726562,293.94000244140625,26.176023483276367,98.29092407226562,41.545806884765625,106.98490142822266,17.790000915527344
2025-07-08,208.9998779296875,219.36000061035156,45.91056823730469,145.80738830566406,304.1600036621094,173.7523193359375,680.1890869140625,74.33551025390625,151.24635314941406,277.4717712402344,717.7492065429688,491.7589111328125,159.60858154296875,23.534866333007812,612.0220336914062,81.31002044677734,297.80999755859375,26.195363998413086,96.05502319335938,42.66411209106445,109.95055389404297,16.809999465942383
2025-07-09,210.12445068359375,222.5399932861328,45.60871505737305,145.5980682373047,305.5199890136719,176.00445556640625,679.4866943359375,74.53995513916016,151.72207641601562,277.8446350097656,729.8101806640625,498.5814514160156,162.48153686523438,23.47974967956543,615.692138671875,82.1606216430664,295.8800048828125,26.195363998413086,95.77799987792969,42.44719696044922,109.57504272460938,15.9399995803833
2025-07-10,211.3883514404297,222.25999450683594,45.73530197143555,146.69229125976562,306.20001220703125,177.00096130371094,691.7388305664062,74.4655990600586,153.09097290039062,282.7801818847656,724.2926025390625,496.57135009765625,163.6985626220703,23.68184471130371,617.4285278320312,82.21732330322266,309.8699951171875,26.243711471557617,93.84879302978516,42.77015686035156,110.6630859375,15.779999732971191
2025-07-11,210.1443328857422,225.02000427246094,45.501609802246094,147.77699279785156,309.1400146484375,179.56201171875,687.6710205078125,74.37267303466797,152.32400512695312,281.47515869140625,714.60205078125,498.393310546875,164.5165557861328,23.562423706054688,615.2579956054688,81.08316802978516,313.510009765625,26.321069717407227,93.39369201660156,42.96296310424805,111.14451599121094,16.399999618530273
2025-07-14,207.6165771484375,225.69000244140625,45.83266830444336,144.29452514648438,308.010009765625,180.9272003173828,695.81640625,74.42843627929688,152.246337890625,283.2806396484375,717.998291015625,498.09625244140625,163.66864013671875,23.28684425354004,616.4320678710938,80.91305541992188,316.8999938964844,26.38875961303711,94.75897979736328,42.49058151245117,109.69056701660156,17.200000762939453
2025-07-15,208.10421752929688,226.35000610351562,44.93685531616211,143.38107299804688,306.7300109863281,181.36570739746094,685.2908935546875,74.20539855957031,150.64443969726562,281.1709899902344,707.5109252929688,500.8688659667969,170.28240966796875,22.607070922851562,613.7979736328125,80.3459701538086,310.7799987792969,26.53380584716797,94.37313842773438,41.87840270996094,108.71808624267578,17.3799991607666
2025-07-16,209.149169921875,223.19000244140625,44.82000732421875,142.64842224121094,308.260009765625,182.33230590820312,691.4462280273438,74.40055084228516,159.9741668701172,280.4546813964844,700.0612182617188,500.6707763671875,170.9507598876953,22.607070922851562,615.8499755859375,80.45938873291016,321.6700134277344,26.43710708618164,94.13570404052734,41.516883850097656,108.06332397460938,17.15999984741211
2025-07-17,209.00985717773438,223.8800048828125,45.78398513793945,144.03761291503906,307.5899963378906,182.940185546875,688.539306640625,74.47489166259766,158.22666931152344,284.4580993652344,698.5672607421875,506.6912841796875,172.5767822265625,22.579509735107422,619.6187133789062,80.44048309326172,319.4100036621094,26.553142547607422,94.07633972167969,41.772361755371094,107.51448822021484,16.520000457763672
2025-07-18,210.16424560546875,226.1300048828125,46.07609939575195,142.76260375976562,308.3900146484375,184.4150390625,690.89990234375,74.5771255493164,158.92567443847656,285.8023986816406,701.4256591796875,505.05743408203125,171.98822021484375,22.47846221923828,619.1650390625,80.56334686279297,329.6499938964844,26.51446533203125,94.03677368164062,41.434940338134766,103.76890563964844,16.40999984741211
2025-07-21,211.4580078125,229.3000030517578,46.23188781738281,142.42005920410156,313.1300048828125,189.43746948242188,688.6953125,74.6793441772461,159.56643676757812,285.50799560546875,710.0805053710938,505.06732177734375,170.9607696533203,22.285554885864258,620.3389892578125,81.28165435791016,328.489990234375,26.340410232543945,94.65015411376953,41.00593566894531,104.03851318359375,16.649999618530273
2025-07-22,213.3687744140625,227.47000122070312,46.51426696777344,142.76260375976562,316.1000061035156,190.6731414794922,683.2423095703125,74.80944061279297,163.03228759765625,285.9593505859375,701.9535522460938,500.3242492675781,166.62139892578125,23.09393310546875,620.4277954101562,81.77311706542969,332.1099853515625,26.205034255981445,94.82823944091797,41.19874954223633,104.51031494140625,16.5
2025-07-23,213.11996459960938,228.2899932861328,46.87453842163086,145.69320678710938,312.17999267578125,189.56703186035156,699.9329833984375,74.84663391113281,164.16818237304688,291.1893005371094,710.6881103515625,500.9183654785156,170.36219787597656,23.296030044555664,625.7060546875,81.31946563720703,332.55999755859375,26.166353225708008,94.6600570678711,41.84466552734375,105.84870910644531,15.369999885559082
2025-07-24,212.7318572998047,232.22999572753906,47.11796569824219,148.27178955078125,310.2699890136719,191.50025939941406,701.55224609375,74.75369262695312,164.61476135253906,290.9832458496094,711.9030151367188,505.87933349609375,173.3149871826172,23.28684425354004,625.9132080078125,81.17767333984375,305.29998779296875,26.234041213989258,95.57025146484375,42.143516540527344,106.6767807006836,15.390000343322754
2025-07-25,212.85128784179688,231.44000244140625,47.17639923095703,147.32977294921875,307.3999938964844,192.50672912597656,711.112060546875,74.8001480102539,163.39154052734375,293.0144348144531,709.7916259765625,508.681640625,173.0755615234375,23.165363311767578,628.5572509765625,81.68807220458984,316.05999755859375,26.29206085205078,96.43096923828125,41.98444747924805,106.30126953125,14.930000305175781
2025-07-28,213.02044677734375,232.7899932861328,46.962181091308594,148.69993591308594,305.4100036621094,191.90882873535156,705.9127197265625,74.76297760009766,161.3721923828125,292.6807861328125,714.7216186523438,507.4834899902344,176.31761169433594,22.71681785583496,628.3994140625,81.15877532958984,325.5899963378906,26.59182357788086,96.56947326660156,42.4616584777832,107.30265808105469,15.029999732971191
2025-07-29,210.2538299560547,231.00999450683594,46.68953323364258,149.41355895996094,306.25,195.06776428222656,714.0385131835938,74.80944061279297,163.20704650878906,291.4640808105469,697.1630859375,507.55279541015625,175.0806427001953,22.707473754882812,626.741943359375,82.52922058105469,321.20001220703125,26.65951156616211,97.28180694580078,42.876197814941406,108.68919372558594,15.979999542236328
2025-07-30,208.04449462890625,230.19000244140625,46.699275970458984,146.1118621826172,300.9599914550781,195.84506225585938,712.8386840820312,74.6514663696289,162.3818359375,294.0054626464844,692.3925170898438,508.21624755859375,178.8314666748047,22.249588012695312,625.9527587890625,82.10392761230469,319.0400085449219,26.920595169067383,96.54969787597656,42.26403045654297,107.74557495117188,15.479999542236328
2025-07-31,206.57162475585938,234.11000061035156,46.02741241455078,144.28500366210938,302.9599914550781,191.23118591308594,705.8541870117188,74.69792175292969,159.9353485107422,290.6790771484375,770.305419921875,528.2778930664062,177.4348602294922,21.7636661529541,623.6046752929688,82.15117645263672,308.2699890136719,26.978612899780273,96.935546875,42.037479400634766,107.49522399902344,16.719999313354492
2025-08-01,201.40660095214844,214.75,44.45973205566406,144.05662536621094,309.1099853515625,188.4708709716797,692.1778564453125,74.7016830444336,162.4497833251953,283.93804931640625,746.9703979492188,518.9797973632812,173.29501342773438,21.950559616088867,613.3834228515625,83.319091796875,302.6300048828125,26.65951156616211,97.44010162353516,41.256587982177734,105.5694808959961,20.3799991607666
2025-08-04,202.37193298339844,211.64999389648438,44.644737243652344,143.71409606933594,310.9100036621094,194.36024475097656,708.234375,74.95384979248047,166.0515899658203,288.73626708984375,773.2234497070312,530.39697265625,179.55966186523438,21.98793601989746,622.7067260742188,83.54679107666016,309.260009765625,26.64984130859375,98.52835845947266,41.16500473022461,103.38375854492188,17.520000457763672
2025-08-05,201.94398498535156,213.75,44.36236572265625,145.6171112060547,311.1600036621094,193.9915313720703,703.2398681640625,74.91648864746094,165.76036071777344,285.9004821777344,760.3659057617188,522.5842895507812,177.82391357421875,23.12798309326172,619.5496215820312,83.8029556274414,308.7200012207031,26.64984130859375,98.25135803222656,41.21803283691406,103.25858306884766,17.850000381469727
2025-08-06,212.2242889404297,222.30999755859375,44.22603988647461,145.3697052001953,310.5,195.40658569335938,706.9760131835938,74.99120330810547,165.61471557617188,285.880859375,768.861328125,519.8017578125,178.9810791015625,22.36172103881836,624.2952270507812,83.319091796875,319.9100036621094,26.49512481689453,102.25818634033203,40.83723449707031,102.5556869506836,16.770000457763672
2025-08-07,218.97171020507812,223.1300048828125,43.73918533325195,145.7312774658203,313.1199951171875,195.83509826660156,702.0985107421875,74.91648864746094,166.52731323242188,281.55364990234375,758.7423706054688,515.7417602539062,180.32778930664062,22.642059326171875,623.7722778320312,83.17676544189453,322.2699890136719,26.475786209106445,102.02074432373047,40.678165435791016,102.01647186279297,16.56999969482422
2025-08-08,228.2468719482422,222.69000244140625,44.80052947998047,147.49154663085938,313.04998779296875,200.718017578125,703.5910034179688,74.92583465576172,168.27481079101562,283.33953857421875,766.1821899414062,516.9300537109375,182.25303649902344,22.96912384033203,628.6361694335938,82.81623840332031,329.6499938964844,26.52413558959961,102.62423706054688,40.93845748901367,102.83493041992188,15.149999618530273
2025-08-11,226.34388732910156,221.3000030517578,44.946590423583984,146.0072021484375,308.54998779296875,200.29946899414062,701.6107177734375,74.92583465576172,168.75054931640625,284.12451171875,762.7659912109375,516.6627807617188,181.61460876464844,22.96912384033203,627.39306640625,82.91111755371094,339.0299987792969,26.630502700805664,102.82210540771484,40.61067581176758,101.90092468261719,16.25
2025-08-12,228.80477905273438,221.47000122070312,46.25136947631836,146.94921875,308.2699890136719,202.63131713867188,725.1591186523438,75.09396362304688,167.7408447265625,287.3527526855469,786.7982788085938,524.0595703125,182.71192932128906,23.034536361694336,634.072265625,82.4936752319336,340.8399963378906,26.49512481689453,102.51542663574219,40.80830764770508,102.18978881835938,14.729999542236328
2025-08-13,232.4712677001953,224.55999755859375,45.998207092285156,148.30984497070312,309.2099914550781,201.2561492919922,726.43701171875,75.29007720947266,169.33302307128906,285.0762634277344,776.9185180664062,515.484375,181.14578247070312,23.511112213134766,636.2428588867188,83.17676544189453,339.3800048828125,26.42743682861328,99.91344451904297,41.28068923950195,103.60521697998047,14.489999771118164
2025-08-14,231.9232940673828,230.97999572753906,46.45584487915039,147.63427734375,307.25,202.23272705078125,728.8854370117188,75.09396362304688,169.624267578125,288.6381530761719,778.9601440429688,517.3657836914062,181.57470703125,23.46438980102539,636.3020629882812,82.56009674072266,335.5799865722656,26.52413558959961,99.77494049072266,41.24212646484375,103.39337158203125,14.829999923706055
2025-08-15,230.73765563964844,231.02999877929688,45.706085205078125,148.95684814453125,307.42999267578125,203.18936157226562,712.8093872070312,75.14997863769531,171.48828125,285.0370178222656,782.047607421875,515.0783081054688,180.00856018066406,23.49242401123047,634.812255859375,81.97188568115234,330.55999755859375,26.43710708618164,99.16506958007812,41.24212646484375,103.49056243896484,15.09000015258789
2025-08-18,230.04022216796875,231.49000549316406,46.66032409667969,147.78652954101562,306.95001220703125,202.790771484375,713.0435791015625,75.09396362304688,171.10964965820312,286.0575256347656,764.260009765625,512.0383911132812,181.56472778320312,23.42700958251953,634.6741333007812,81.73468017578125,335.1600036621094,26.50479507446289,99.85922241210938,40.99629592895508,103.7140884399414,14.989999771118164
2025-08-19,229.71145629882812,228.00999450683594,46.816123962402344,146.23753356933594,305.2699890136719,200.86752319335938,703.6983642578125,75.07525634765625,172.6144561767578,285.203857421875,748.4343872070312,504.78021240234375,175.2103271484375,23.660627365112305,631.23095703125,82.20906066894531,329.30999755859375,26.57248306274414,100.44430541992188,41.01075744628906,104.39437103271484,15.569999694824219
2025-08-20,225.17819213867188,223.80999755859375,47.07902145385742,147.41128540039062,308.3599853515625,198.62533569335938,703.0155029296875,75.0472412109375,173.62411499023438,286.7541809082031,744.6896362304688,500.76983642578125,174.9709014892578,23.716691970825195,629.5537109375,82.3893051147461,323.8999938964844,26.553142547607422,101.71361541748047,41.352996826171875,105.47310638427734,15.6899995803833
2025-08-21,224.072265625,221.9499969482422,46.99138641357422,149.65296936035156,307.2900085449219,199.05381774902344,698.4014892578125,74.90714263916016,173.71148681640625,285.9986572265625,736.1044921875,500.1251525878906,174.5519256591797,24.053102493286133,627.0281372070312,81.98136901855469,320.1099853515625,26.688520431518555,97.14210510253906,41.63739013671875,106.15339660644531,16.600000381469727
2025-08-22,226.9217529296875,228.83999633789062,48.1793212890625,152.1832733154297,310.5799865722656,205.37173461914062,723.7056884765625,75.51424407958984,174.0609893798828,290.6790771484375,751.73095703125,503.0907287597656,177.55458068847656,24.18392562866211,636.6572265625,82.58854675292969,340.010009765625,26.42743682861328,96.02154541015625,42.485755920410156,108.1456527709961,14.220000267028809
2025-08-25,226.323974609375,227.94000244140625,48.1793212890625,152.20249938964844,309.8299865722656,207.7633819580078,720.6814575195312,75.36481475830078,173.20664978027344,289.3642272949219,750.2470092773438,500.1449890136719,179.3701171875,23.49242401123047,633.855224609375,82.35134887695312,346.6000061035156,26.64017105102539,95.26789093017578,42.596622467041016,108.59268951416016,14.789999961853027
2025-08-26,228.46603393554688,228.7100067138672,48.9290771484375,151.39434814453125,312.0799865722656,206.41807556152344,730.5925903320312,75.53292846679688,172.600341796875,292.9653625488281,751.0437622070312,497.9430847167969,181.32533264160156,23.286842346191406,636.5091552734375,82.30390930175781,351.6700134277344,26.57248306274414,95.24806213378906,42.52914047241211,108.34972381591797,14.619999885559082
2025-08-27,229.6417236328125,229.1199951171875,49.055660247802734,153.2030792236328,312.7099914550781,206.75686645507812,731.294921875,75.6263427734375,172.89369201660156,293.66204833984375,744.3510131835938,502.6047058105469,181.15574645996094,23.42700958251953,637.95947265625,82.20906066894531,349.6000061035156,26.5821533203125,95.2778091430664,43.00634765625,109.57424926757812,14.850000381469727
2025-08-28,231.70408630371094,231.60000610351562,49.16276168823242,153.28004455566406,315.0299987792969,210.90240478515625,732.806884765625,75.66368865966797,171.583251953125,295.4184265136719,748.0658569335938,505.4810791015625,179.729248046875,22.98781394958496,640.21875,82.74983215332031,345.9800109863281,26.485454559326172,95.30755615234375,43.33412170410156,110.1573486328125,14.430000305175781
2025-08-29,231.28562927246094,229.0,49.40619659423828,154.51150512695312,318.07000732421875,212.16795349121094,730.8748779296875,75.52359771728516,173.2653350830078,295.7618713378906,735.7061767578125,502.5551452636719,173.75387573242188,23.137327194213867,636.400634765625,82.16161346435547,333.8699951171875,26.46611785888672,96.17029571533203,43.570316314697266,111.07087707519531,15.359999656677246
2025-09-02,228.87454223632812,225.33999633789062,49.0946044921875,155.69488525390625,325.5899963378906,210.6134033203125,716.7526245117188,75.44194030761719,174.13571166992188,294.0741271972656,732.1306762695312,500.9979553222656,170.36219787597656,23.34290885925293,631.6847534179688,81.55020141601562,329.3599853515625,26.64017105102539,97.03302001953125,43.63297653198242,111.45960235595703,17.170000076293945
2025-09-03,237.59234619140625,225.99000549316406,48.74407196044922,152.0677947998047,328.1400146484375,229.85610961914062,716.46826171875,75.64839935302734,174.07704162597656,293.8877258300781,734.0628051757812,501.2261047363281,170.20262145996094,23.165363311767578,635.1082153320312,82.44541931152344,334.0899963378906,26.59182357788086,98.60974884033203,42.65446853637695,108.7579116821289,16.350000381469727
2025-09-04,238.89752197265625,235.67999267578125,49.28934860229492,151.7118377685547,326.69000244140625,231.4904022216797,734.4545288085938,75.85486602783203,174.82029724121094,298.1168518066406,745.6159057617188,503.8246765136719,171.2400665283203,22.931745529174805,640.4161376953125,83.07398223876953,338.5299987792969,26.630502700805664,100.08731079101562,42.93886184692383,109.2341079711914,15.300000190734863
2025-09-05,238.80784606933594,232.3300018310547,48.73124694824219,147.83460998535156,331.04998779296875,234.1809844970703,723.970703125,75.89240264892578,174.49755859375,288.8540344238281,749.4005126953125,490.96051025390625,166.61143493652344,23.24946403503418,638.5613403320312,84.34060668945312,350.8399963378906,26.49512481689453,99.67081451416016,42.109779357910156,106.15339660644531,15.180000305175781
2025-09-08,237.0045166015625,235.83999633789062,48.42771530151367,148.16171264648438,334.82000732421875,233.43292236328125,727.5404663085938,75.89240264892578,174.2041778564453,287.41162109375,749.2510986328125,494.1344299316406,167.89825439453125,22.941089630126953,640.1299438476562,85.46438598632812,346.3999938964844,26.408098220825195,101.42603302001953,42.01337432861328,106.75593566894531,15.109999656677246
2025-09-09,233.48748779296875,238.24000549316406,49.24039840698242,148.97950744628906,334.05999755859375,239.00843811035156,749.1847534179688,75.80792999267578,173.05996704101562,292.2588806152344,762.5968017578125,494.3426818847656,170.34225463867188,23.090604782104492,641.6099243164062,84.97868347167969,346.9700012207031,26.51446533203125,101.43595123291016,42.215824127197266,107.53339385986328,15.039999961853027
2025-09-10,225.95533752441406,230.3300018310547,49.083736419677734,151.8080291748047,335.260009765625,238.5496063232422,754.735595703125,75.86424255371094,171.91575622558594,294.89837646484375,748.932373046875,496.2867126464844,176.8961944580078,22.959779739379883,643.4646606445312,85.46438598632812,347.7900085449219,26.53380584716797,99.5716552734375,42.95332336425781,109.33129119873047,15.350000381469727
2025-09-11,229.18341064453125,229.9499969482422,49.690792083740234,152.25059509277344,334.760009765625,239.7465057373047,769.5933837890625,76.05194091796875,174.56602478027344,299.8241271972656,747.8567504882812,496.9215087890625,176.74656677246094,23.23077392578125,648.8119506835938,86.03580474853516,368.80999755859375,26.44677734375,101.7929458618164,42.96296310424805,108.9814224243164,14.710000038146973
2025-09-12,233.2085418701172,228.14999389648438,49.52434539794922,151.15382385253906,335.4200134277344,240.17538452148438,765.0134887695312,75.97686004638672,174.13571166992188,301.1488037109375,752.52783203125,505.73895263671875,177.39498901367188,22.30565643310547,648.594970703125,85.66437530517578,395.94000244140625,26.485454559326172,102.62593078613281,42.707489013671875,109.00086975097656,14.760000228881836
2025-09-15,235.82884216308594,231.42999267578125,49.53413391113281,151.3462371826172,338.9100036621094,250.95733642578125,771.5842895507812,76.19271087646484,173.49024963378906,303.1014404296875,761.6007690429688,511.15435791015625,177.32518005371094,22.39910125732422,652.0479736328125,85.86436462402344,410.0400085449219,26.398427963256836,102.82427215576172,42.56288528442383,109.18550872802734,15.6899995803833
2025-09-16,237.27352905273438,234.0500030517578,49.6026725769043,153.49169921875,339.5899963378906,250.50851440429688,770.3779907226562,76.13639831542969,172.5709991455078,303.385986328125,775.8428344726562,504.885986328125,174.46202087402344,22.333688735961914,651.1502075195312,86.04531860351562,421.6199951171875,26.234041213989258,102.5565185546875,43.276283264160156,111.44988250732422,16.360000610351562
2025-09-17,238.1104278564453,231.6199951171875,50.32722473144531,154.02085876464844,336.9700012207031,248.8827362060547,778.9003295898438,76.06131744384766,173.29466247558594,305.89794921875,772.5761108398438,505.8579406738281,169.88299560546875,22.473859786987305,650.3412475585938,85.82627868652344,425.8599853515625,26.321069717407227,103.3994140625,43.37750244140625,112.0427017211914,15.720000267028809
2025-09-18,237.0045166015625,231.22999572753906,51.041996002197266,152.8182373046875,335.6199951171875,251.3762664794922,788.7957763671875,76.23025512695312,170.32168579101562,307.3501892089844,777.0878295898438,504.3008117675781,175.81878662109375,22.567302703857422,653.3799438476562,84.94058227539062,416.8500061035156,26.44677734375,102.73501586914062,43.24253463745117,110.72101593017578,15.699999809265137
2025-09-19,244.59646606445312,231.47999572753906,51.159488677978516,150.28794860839844,339.17999267578125,254.05929565429688,789.4723510742188,76.25838470458984,172.30694580078125,308.8710632324219,775.225341796875,513.7034912109375,176.2477264404297,22.455169677734375,656.6160278320312,84.7786865234375,426.07000732421875,26.52413558959961,101.47562408447266,42.66893005371094,109.64228057861328,15.449999809265137
2025-09-22,255.13751220703125,227.6300048828125,50.83637237548828,150.13401794433594,345.04998779296875,251.8749542236328,790.0216674804688,76.31470489501953,170.37057495117188,306.5749816894531,762.5733032226562,510.2518615722656,183.17115783691406,22.464515686035156,659.7225341796875,84.47393798828125,434.2099914550781,26.42743682861328,101.96153259277344,42.61982727050781,108.86479949951172,16.100000381469727
2025-09-23,253.4935760498047,220.7100067138672,50.62096405029297,151.45205688476562,346.4599914550781,251.00721740722656,790.7669677734375,76.25838470458984,172.68833923339844,306.8693542480469,752.8463134765625,505.0744323730469,178.00352478027344,22.548616409301758,656.1312255859375,85.06440734863281,425.8500061035156,26.408098220825195,101.6640396118164,43.35390090942383,110.74044036865234,16.639999389648438
2025-09-24,251.38140869140625,220.2100067138672,50.62096405029297,153.1453399658203,343.32000732421875,246.49893188476562,777.1448364257812,76.1551742553711,172.79591369628906,307.53662109375,758.0885009765625,505.9869079589844,176.54701232910156,22.5112361907959,654.043701171875,84.7406005859375,442.7900085449219,26.60149383544922,101.87228393554688,43.917816162109375,111.33326721191406,16.18000030517578
2025-09-25,255.9246063232422,218.14999389648438,50.7678337097168,154.626953125,344.75,245.15243530273438,779.429931640625,75.93932342529297,173.81300354003906,307.5660705566406,746.378173828125,502.8923645019531,177.26531982421875,22.0533504486084,651.0263061523438,84.7406005859375,423.3900146484375,26.785219192504883,102.18960571289062,44.31159210205078,112.33424377441406,16.739999771118164
2025-09-26,254.51980590820312,219.77999877929688,51.12031936645508,154.08819580078125,346.739990234375,245.90049743652344,787.030517578125,76.08946990966797,175.74935913085938,310.12701416015625,741.2356567382812,507.28619384765625,177.7641143798828,22.202863693237305,654.756103515625,84.66439819335938,440.3999938964844,26.688520431518555,102.29869079589844,44.719947814941406,113.91835021972656,15.289999961853027
2025-09-29,253.4935760498047,222.1699981689453,51.32593536376953,150.18211364746094,352.4599914550781,243.4169464111328,788.6094360351562,76.22086334228516,177.6172637939453,309.7640075683594,740.8868408203125,510.4004821777344,181.41537475585938,22.286964416503906,656.5962524414062,85.35961151123047,443.2099914550781,26.630502700805664,102.2193603515625,43.898372650146484,111.00284576416016,16.1200008392334
2025-09-30,253.69287109375,219.57000732421875,50.51326370239258,149.40281677246094,355.4700012207031,242.4694366455078,780.9891967773438,76.19271087646484,181.33351135253906,309.50885009765625,731.8973388671875,513.7232666015625,186.13406372070312,23.81014060974121,659.0695190429688,85.11202239990234,444.7200012207031,26.60149383544922,102.19952392578125,43.431678771972656,109.57424926757812,16.280000686645508
2025-10-01,254.50985717773438,220.6300048828125,49.62225341796875,148.71974182128906,356.0299987792969,244.26473999023438,770.3583374023438,76.3350601196289,181.94964599609375,304.87750244140625,714.9149169921875,515.4688720703125,186.79248046875,25.42676544189453,661.3153076171875,85.33182525634766,459.4599914550781,26.59182357788086,101.10870361328125,43.431678771972656,108.83563995361328,16.290000915527344
2025-10-02,256.1836242675781,222.41000366210938,49.426429748535156,147.55560302734375,354.7900085449219,245.0526885986328,764.3465576171875,76.3067855834961,181.8811798095703,301.77679443359375,724.5921020507812,511.53131103515625,188.43853759765625,25.30528450012207,662.0769653320312,85.58029174804688,436.0,26.630502700805664,100.85087585449219,42.99415588378906,108.1553726196289,16.6299991607666
2025-10-03,257.07037353515625,219.50999450683594,49.58308792114258,147.72879028320312,357.6400146484375,244.71360778808594,774.7421264648438,76.221923828125,184.4825439453125,304.21026611328125,708.1578369140625,513.1280517578125,187.17156982421875,25.576278686523438,662.0671997070312,85.41783142089844,429.8299865722656,26.5821533203125,101.2177963256836,43.22264099121094,110.06987762451172,16.649999618530273
2025-10-06,255.7452850341797,220.89999389648438,49.33831024169922,148.18096923828125,364.3800048828125,249.7803955078125,781.4109497070312,76.24078369140625,184.01312255859375,304.8511047363281,713.2406616210938,524.256591796875,185.09654235839844,24.69788360595703,664.4415893554688,84.73930358886719,453.25,26.707860946655273,101.842529296875,43.43653869628906,110.9833984375,16.3700008392334
2025-10-07,255.53607177734375,221.77999877929688,49.24039840698242,149.0372314453125,366.260009765625,245.1225128173828,774.41845703125,76.15592193603516,184.72703552246094,303.3819885253906,710.6693725585938,519.7039794921875,184.5977325439453,24.548368453979492,661.9781494140625,85.2266845703125,433.0899963378906,26.862577438354492,102.37802124023438,43.504600524902344,111.04170989990234,17.239999771118164
2025-10-08,257.1102294921875,225.22000122070312,48.79978561401367,147.91159057617188,372.29998779296875,243.9854736328125,761.531982421875,76.04278564453125,185.5093994140625,299.77325439453125,715.413330078125,520.5668334960938,188.6580047607422,23.997034072875977,665.925537109375,85.29358673095703,438.69000244140625,26.920595169067383,102.04086303710938,43.251808166503906,110.80847930908203,16.299999237060547
2025-10-09,253.1050262451172,227.74000549316406,48.750831604003906,145.8911895751953,365.42999267578125,240.9034881591797,764.9154052734375,75.82591247558594,186.8687744140625,301.2522277832031,731.0303344726562,518.136962890625,192.1097412109375,23.58586883544922,663.9963989257812,85.2266845703125,435.5400085449219,27.104320526123047,100.9202880859375,42.6635856628418,109.72974395751953,16.43000030517578
2025-10-10,244.3673095703125,216.3699951171875,47.63462829589844,143.2550506591797,369.1199951171875,235.9563751220703,749.6162719726562,75.38277435302734,186.51670837402344,296.6772155761719,702.9156494140625,506.790283203125,182.72222900390625,23.156017303466797,646.0499877929688,86.60285949707031,413.489990234375,26.968942642211914,100.98970794677734,41.42878723144531,107.61113739013672,21.65999984741211
2025-10-13,246.74851989746094,220.07000732421875,47.840240478515625,146.17982482910156,378.0899963378906,243.51669311523438,771.6038208007812,75.85420989990234,186.69273376464844,303.6580505371094,713.2804565429688,509.8550720214844,187.86990356445312,23.10929298400879,655.9630126953125,86.55506896972656,435.8999938964844,27.065641403198242,101.26737213134766,41.992706298828125,109.07860565185547,19.030000686645508
2025-10-14,246.8581085205078,216.38999938964844,49.04457092285156,146.61276245117188,380.7900085449219,244.8133087158203,755.8928833007812,75.93907928466797,186.64385986328125,297.85052490234375,706.2543334960938,509.3790283203125,179.59970092773438,22.913057327270508,655.1616821289062,86.83221435546875,429.239990234375,26.988283157348633,106.31487274169922,41.98784637451172,109.12720489501953,20.809999465942383
2025-10-15,248.42233276367188,215.57000732421875,51.18886184692383,146.34336853027344,387.3900146484375,250.37884521484375,753.117431640625,76.18421936035156,186.956787109375,301.40997314453125,715.1242065429688,509.2401123046875,179.4001922607422,22.791576385498047,658.0702514648438,86.64108276367188,435.1499938964844,26.910924911499023,108.11968231201172,41.963539123535156,108.46635437011719,20.639999389648438
2025-10-16,246.53929138183594,214.47000122070312,49.387264251708984,145.9585418701172,396.45001220703125,250.8077392578125,743.46728515625,75.91078186035156,187.8858642578125,294.360107421875,709.6627807617188,507.43499755859375,181.37545776367188,22.642059326171875,653.5886840820312,87.29093170166016,428.75,26.80455780029297,105.5810546875,41.45795440673828,107.52366638183594,25.309999465942383
2025-10-17,251.36146545410156,213.0399932861328,50.2097282409668,147.276611328125,388.989990234375,252.6429443359375,736.2884521484375,76.10877227783203,188.96160888671875,293.3938293457031,714.496337890625,509.3889465332031,182.7821044921875,22.903711318969727,657.2986450195312,87.15714263916016,439.30999755859375,26.833566665649414,106.83053588867188,41.79825210571289,109.07860565185547,20.780000686645508
2025-10-20,261.27484130859375,216.47999572753906,50.9538688659668,148.62351989746094,403.1499938964844,255.88453674316406,748.5963745117188,76.2596435546875,189.45057678222656,298.1265869140625,729.69482421875,512.57275390625,182.20347595214844,23.071914672851562,664.1348266601562,87.49163055419922,447.42999267578125,26.901254653930664,106.15621185302734,42.240638732910156,109.52564239501953,18.229999542236328
2025-10-21,261.80291748046875,222.02999877929688,50.44472122192383,147.95968627929688,377.239990234375,249.81033325195312,744.340087890625,76.1465072631836,187.65113830566406,292.9303894042969,730.7911376953125,513.4356079101562,180.7270050048828,23.22142791748047,664.1249389648438,87.92166900634766,442.6000061035156,27.00762367248535,105.33314514160156,42.14341354370117,109.53536987304688,17.8700008392334
2025-10-22,257.49884033203125,217.9499969482422,50.03348922729492,149.67222595214844,377.2799987792969,251.03713989257812,730.2374267578125,76.0710678100586,188.6877899169922,289.9920959472656,730.9306030273438,516.2921142578125,179.84912109375,23.099946975708008,660.6721801757812,87.9790267944336,438.9700012207031,26.978612899780273,106.24545288085938,42.68302536010742,111.47904205322266,18.600000381469727
2025-10-23,258.6246337890625,221.08999633789062,50.67971420288086,150.62466430664062,378.7900085449219,252.42355346679688,736.2982788085938,76.24078369140625,188.2281494140625,290.4161071777344,731.5186157226562,516.3118896484375,181.72462463378906,23.053224563598633,664.5899658203125,87.37694549560547,448.9800109863281,26.988283157348633,105.9677963256836,43.251808166503906,112.71327209472656,17.299999237060547
2025-10-24,261.85272216796875,224.2100067138672,51.472808837890625,149.66258239746094,377.5199890136719,259.2458190917969,768.7598266601562,76.4482192993164,186.20375061035156,296.2334899902344,735.8638916015625,519.3369750976562,185.81480407714844,23.137327194213867,670.0213623046875,87.41517639160156,433.7200012207031,26.988283157348633,105.28355407714844,42.81428146362305,112.13988494873047,16.3700008392334
2025-10-27,267.8207092285156,226.97000122070312,51.91341781616211,149.39320373535156,367.010009765625,268.5715026855469,774.7518920898438,76.63681030273438,186.10594177246094,299.89154052734375,748.28173828125,527.1825561523438,191.03233337402344,23.146671295166016,677.926025390625,87.71142578125,452.4200134277344,26.959272384643555,103.59776306152344,42.9163703918457,112.67439270019531,15.789999961853027
2025-10-28,268.010009765625,229.25,51.766544342041016,148.28680419921875,364.3800048828125,266.7762145996094,776.8114013671875,76.56137084960938,182.81024169921875,301.0845947265625,748.8997192382812,537.6463623046875,200.54953002929688,22.894367218017578,679.7266235351562,87.94078826904297,460.54998779296875,26.9399356842041,102.30860900878906,42.46912384033203,111.79002380371094,16.420000076293945
2025-10-29,268.7073974609375,230.3000030517578,51.48260498046875,149.22003173828125,363.0,273.8578186035156,767.9556274414062,76.32564544677734,182.4875030517578,301.2325134277344,749.12890625,537.130615234375,206.545166015625,22.698131561279297,680.0531616210938,87.05201721191406,461.510009765625,27.094650268554688,101.60453033447266,42.78511428833008,113.1700210571289,16.920000076293945
2025-10-30,270.4011535644531,222.86000061035156,51.9232063293457,147.69992065429688,370.1300048828125,280.7499084472656,774.9186401367188,76.18421936035156,184.88351440429688,305.10748291015625,664.2169799804688,521.4695434570312,202.4050750732422,22.698131561279297,672.5739135742188,86.54551696777344,440.1000061035156,27.201017379760742,101.37645721435547,42.53232192993164,111.45960235595703,16.90999984741211
2025-10-31,269.37493896484375,244.22000122070312,52.33444595336914,151.74070739746094,368.1199951171875,280.4606018066406,774.1439208984375,76.18421936035156,184.7074737548828,306.7639465332031,646.1581420898438,513.5843505859375,202.0060272216797,23.034536361694336,674.780029296875,86.28749084472656,456.55999755859375,27.27837562561035,100.33521270751953,42.843448638916016,111.13890075683594,17.440000534057617
2025-11-03,268.05975341796875,254.0,52.44214630126953,148.2001953125,368.7799987792969,282.98406982421875,770.3681640625,75.94730377197266,182.15501403808594,305.0187683105469,635.55419921875,512.8107299804688,206.3855438232422,23.043882369995117,676.04638671875,86.07169342041016,468.3699951171875,27.297714233398438,100.7417984008789,42.84831237792969,110.55579376220703,17.170000076293945
2025-11-04,269.0461730957031,249.32000732421875,52.42256164550781,147.57485961914062,362.32000732421875,276.8200988769531,775.5758056640625,75.95677185058594,182.7417755126953,304.920166015625,625.1992797851562,510.1328125,198.21511840820312,22.707473754882812,668.0328369140625,86.2635269165039,444.260009765625,27.384742736816406,101.4161148071289,42.38648223876953,110.92509460449219,19.0
2025-11-05,269.14581298828125,250.1999969482422,51.355316162109375,146.87252807617188,366.510009765625,283.5724792480469,777.7921752929688,76.03258514404297,181.90072631835938,307.3161315917969,633.8001098632812,503.02130126953125,194.74343872070312,22.997159957885742,670.3478393554688,85.32357025146484,462.07000732421875,27.394412994384766,100.622802734375,42.498294830322266,110.4780502319336,18.010000228881836
2025-11-06,268.7771301269531,243.0399932861328,52.17778015136719,147.14190673828125,366.07000732421875,284.0113830566406,772.3884887695312,76.06101989746094,182.84934997558594,309.0317687988281,616.8475952148438,493.0434265136719,187.63047790527344,23.22142791748047,663.1554565429688,86.09086608886719,445.9100036621094,27.249366760253906,100.83104705810547,42.91151428222656,111.27495574951172,19.5
2025-11-07,267.4819030761719,244.41000366210938,52.08966064453125,149.14306640625,368.30999755859375,278.1067199707031,771.17236328125,76.12736511230469,182.45819091796875,309.8106994628906,619.6082153320312,492.76568603515625,187.7003173828125,23.230937957763672,663.808349609375,85.90863800048828,429.5199890136719,27.230026245117188,101.73344421386719,43.528907775878906,113.91835021972656,19.079999923706055
2025-11-10,268.6986083984375,248.39999389648438,52.3050651550293,149.74916076660156,378.3800048828125,289.3475036621094,781.8228759765625,76.38322448730469,184.2576141357422,312.45318603515625,629.6243286132812,501.8707580566406,198.5742645263672,23.192901611328125,674.1666259765625,85.88945007324219,445.2300109863281,27.249366760253906,101.56486511230469,43.92267990112305,114.89018249511719,17.600000381469727
2025-11-11,274.5028076171875,249.10000610351562,52.51068115234375,150.31680297851562,379.8699951171875,290.55438232421875,794.6799926757812,76.46852111816406,189.55816650390625,311.200927734375,624.9601440429688,504.5289001464844,192.69833374023438,24.257930755615234,675.7099609375,86.28269958496094,439.6199951171875,27.2106876373291,102.57635498046875,44.49632263183594,116.40623474121094,17.280000686645508
2025-11-12,272.7276306152344,244.1999969482422,52.98066711425781,147.50750732421875,385.989990234375,285.9662780761719,822.7871704101562,76.31689453125,190.10581970214844,315.92388916015625,606.951171875,506.9688415527344,193.33682250976562,24.600261688232422,676.0859375,86.43614959716797,430.6000061035156,27.220355987548828,102.57635498046875,43.87406921386719,114.79299926757812,17.510000228881836
2025-11-13,272.2090759277344,237.5800018310547,51.766544342041016,149.68182373046875,382.8699951171875,277.847412109375,789.9627075195312,76.00415802001953,190.94686889648438,305.14697265625,607.8282470703125,499.1828918457031,186.4133758544922,24.524188995361328,664.8670043945312,85.72640228271484,401.989990234375,27.14299964904785,101.68386840820312,43.98588180541992,115.4441146850586,20.0
2025-11-14,271.6705017089844,234.69000244140625,51.5119743347168,151.6444854736328,375.9599914550781,275.6930236816406,775.6541748046875,76.02311706542969,191.61187744140625,299.35906982421875,607.399658203125,506.01666259765625,189.71546936035156,23.83001708984375,664.7581176757812,85.23725891113281,404.3500061035156,27.181678771972656,101.6243667602539,44.73453140258789,116.94403076171875,19.829999923706055
2025-11-17,266.73394775390625,232.8699951171875,50.40555953979492,148.95065307617188,371.6499938964844,284.2806396484375,760.600341796875,75.89990997314453,195.1814422607422,296.1644592285156,599.9747924804688,503.34857177734375,186.1540069580078,23.849037170410156,658.56494140625,85.44824981689453,408.9200134277344,27.249366760253906,102.0904312133789,43.917816162109375,115.36569213867188,22.3799991607666
2025-11-18,266.71405029296875,222.5500030517578,50.56222152709961,149.44679260253906,374.3500061035156,283.5426025390625,761.3260498046875,75.91886138916016,195.59217834472656,295.2179260253906,595.6694946289062,489.76043701171875,180.92652893066406,24.200876235961914,653.0346069335938,85.41949462890625,401.25,27.27837562561035,100.54346466064453,44.26784133911133,116.68914794921875,24.690000534057617
2025-11-19,267.8309631347656,222.69000244140625,50.934288024902344,147.57894897460938,374.9599914550781,292.05047607421875,770.8290405273438,75.95677185058594,198.04685974121094,299.0238342285156,588.3243408203125,483.14483642578125,186.07420349121094,23.658851623535156,655.5574340820312,85.246826171875,403.989990234375,27.452430725097656,99.76997375488281,43.69419860839844,115.04218292236328,23.65999984741211
2025-11-20,265.5272521972656,217.13999938964844,49.935577392578125,146.2266845703125,374.8500061035156,288.6991882324219,758.7761840820312,75.90937805175781,198.59451293945312,294.20233154296875,587.1583251953125,475.41387939453125,180.208251953125,23.202409744262695,645.5652465820312,85.5825424194336,395.2300109863281,27.471771240234375,106.21570587158203,43.198333740234375,114.71866607666016,26.420000076293945
2025-11-21,270.75299072265625,220.69000244140625,50.483890533447266,145.90567016601562,374.2699890136719,298.8827209472656,759.0997924804688,76.16525268554688,199.40623474121094,293.84735107421875,592.2410888671875,469.1436462402344,178.45245361328125,23.810998916625977,651.995849609375,85.84149169921875,391.0899963378906,27.452430725097656,104.4406509399414,43.4705696105957,114.7774887084961,23.43000030517578
2025-11-24,275.1710205078125,226.27999877929688,50.84616470336914,145.68191528320312,380.20001220703125,317.75360107421875,775.4580688476562,76.3737564086914,201.50885009765625,293.8276672363281,610.9775390625,471.0118103027344,182.11370849609375,23.98216438293457,661.59228515625,86.33064270019531,417.7799987792969,27.452430725097656,103.19116973876953,43.349037170410156,113.68932342529297,20.520000457763672
2025-11-25,276.2181701660156,229.6699981689453,51.38468551635742,144.49505615234375,380.0799865722656,322.60101318359375,786.8441162109375,76.63910675048828,203.39845275878906,298.7576599121094,634.069091796875,473.9829406738281,177.39498901367188,24.457624435424805,667.815185546875,86.55126190185547,419.3999938964844,27.375072479248047,106.10662841796875,43.07679748535156,112.25802612304688,18.559999465942383
2025-11-26,276.79656982421875,229.16000366210938,51.88404083251953,145.4484405517578,383.1199951171875,319.1201171875,800.27001953125,76.71492004394531,204.2743682861328,303.33270263671875,631.468017578125,482.4393310546875,179.8291473388672,24.44811248779297,672.4254150390625,86.93489074707031,426.5799865722656,27.297714233398438,108.18910217285156,43.40251159667969,112.5129165649414,17.190000534057617
2025-11-28,278.0930480957031,233.22000122070312,52.5302734375,147.02442932128906,387.8800048828125,319.3495178222656,810.1065673828125,76.75282287597656,203.64450073242188,308.6965026855469,645.759521484375,488.9082946777344,176.5769500732422,24.476640701293945,676.0958251953125,86.5224609375,430.1700134277344,27.27837562561035,109.58732604980469,43.971290588378906,113.64030456542969,16.350000381469727
2025-12-01,282.3315124511719,233.8800048828125,52.128822326660156,148.3961181640625,389.75,314.0732421875,795.2193603515625,76.61477661132812,202.08950805664062,304.5947570800781,638.7034301757812,483.6715087890625,179.48997497558594,24.02971076965332,673.0090942382812,85.44538879394531,430.1400146484375,27.268707275390625,110.59880828857422,44.39423370361328,114.33634185791016,17.239999771118164
2025-12-02,285.4131164550781,234.4199981689453,52.07986831665039,146.1683349609375,387.239990234375,314.9908142089844,803.448974609375,76.7575912475586,202.16824340820312,303.5693359375,644.912353515625,486.91094970703125,181.02630615234375,23.915599822998047,674.2556762695312,85.48387908935547,429.239990234375,27.259037017822266,111.47146606445312,43.820587158203125,113.11092376708984,16.59000015258789
2025-12-03,283.378662109375,232.3800048828125,52.96108627319336,147.471923828125,386.8800048828125,318.8008728027344,824.5007934570312,76.82422637939453,202.0796661376953,307.75982666015625,637.437744140625,474.71832275390625,179.16075134277344,24.314983367919922,676.5905151367188,85.72451782226562,446.739990234375,27.123659133911133,113.45476531982422,44.64216613769531,115.48332977294922,16.079999923706055
2025-12-04,279.9380187988281,229.11000061035156,53.029624938964844,148.12371826171875,387.1300048828125,316.796142578125,825.7425537109375,76.88136291503906,199.2747802734375,311.67425537109375,659.293701171875,477.8087158203125,182.951904296875,24.4386043548584,677.085205078125,85.26249694824219,454.5299987792969,27.181678771972656,113.88116455078125,44.831764221191406,114.83631134033203,15.779999732971191
2025-12-05,278.02325439453125,229.52999877929688,53.0985221862793,145.9251251220703,386.44000244140625,320.4366149902344,842.231201171875,76.88136291503906,198.73348999023438,310.62908935546875,671.1434326171875,480.11407470703125,181.98416137695312,24.752408981323242,678.3712158203125,84.86784362792969,455.0,27.152667999267578,114.14891815185547,44.64702606201172,114.24810791015625,15.40999984741211
2025-12-08,277.1356506347656,226.88999938964844,53.04930877685547,144.67018127441406,385.4200134277344,313.1109313964844,854.1862182617188,76.69093322753906,198.4283905029297,310.79669189453125,664.5457763671875,487.92449951171875,185.1168212890625,24.505168914794922,676.3333129882812,84.58870697021484,439.5799865722656,27.191349029541016,112.61185455322266,44.160888671875,113.69912719726562,16.65999984741211
2025-12-09,276.4275817871094,227.9199981689453,52.69498825073242,144.45616149902344,387.3999938964844,316.4643859863281,863.93359375,76.60526275634766,196.794677734375,296.30255126953125,654.7391357421875,488.918212890625,184.53819274902344,24.086763381958008,675.7495727539062,84.67533874511719,445.1700134277344,27.230026245117188,114.09932708740234,44.43312454223633,115.92448425292969,16.93000030517578
2025-12-10,278.02325439453125,231.77999877929688,53.22646713256836,147.29681396484375,389.04998779296875,319.58831787109375,876.4109497070312,76.8623275756836,203.2705078125,305.76806640625,647.93212890625,475.5430603027344,183.3509521484375,24.514678955078125,680.231201171875,85.00260925292969,451.45001220703125,27.084980010986328,112.23503875732422,44.89982223510742,117.1891098022461,15.770000457763672
2025-12-11,277.2752685546875,230.27999877929688,53.69889450073242,146.6255645751953,393.239990234375,311.8233947753906,897.8865966796875,76.85279846191406,206.68557739257812,312.9363098144531,650.50341796875,480.422119140625,180.50759887695312,24.533695220947266,681.8141479492188,84.8871078491211,446.8900146484375,26.988283157348633,114.55548858642578,44.6859245300293,117.1891098022461,14.850000381469727
2025-12-12,277.5246276855469,226.19000244140625,54.26973342895508,145.9154052734375,395.44000244140625,308.68951416015625,875.1494140625,76.7099838256836,208.23074340820312,314.06036376953125,642.0521240234375,475.51324462890625,174.6114044189453,24.58124351501465,674.4832763671875,84.06893920898438,458.9599914550781,27.026962280273438,115.96154022216797,44.248390197753906,116.48326873779297,15.739999771118164
2025-12-15,273.3658752441406,222.5399932861328,54.45674133300781,145.73056030273438,395.79998779296875,307.62158203125,876.7559204101562,76.74807739257812,210.7797393798828,315.53936767578125,645.8473510742188,471.8266296386719,175.87843322753906,25.132776260375977,673.4641723632812,84.12669372558594,475.30999755859375,27.00762367248535,116.05097961425781,43.93726348876953,115.44412231445312,16.5
2025-12-16,273.8645324707031,222.55999755859375,53.9449462890625,142.76339721679688,395.8900146484375,305.97479248046875,866.4664916992188,76.7956771850586,205.98681640625,311.1319580078125,655.462646484375,473.38677978515625,177.30511474609375,24.276948928833008,671.6240844726562,84.58870697021484,489.8800048828125,26.978612899780273,114.68964385986328,42.595523834228516,112.42469024658203,16.479999542236328
2025-12-17,271.10205078125,221.27000427246094,53.689048767089844,145.4581756591797,399.2900085449219,296.1439208984375,859.744873046875,76.70045471191406,207.00051879882812,310.5699157714844,647.8322143554688,473.1184387207031,170.5409393310547,23.810998916625977,664.2338256835938,84.51171112060547,467.260009765625,27.036630630493164,114.92813110351562,43.53862380981445,115.10101318359375,17.6200008392334
2025-12-18,271.4511413574219,226.75999450683594,53.40362548828125,143.67788696289062,398.57000732421875,301.8727722167969,863.6575317382812,76.90992736816406,205.0124969482422,308.61767578125,662.7438354492188,480.9289245605469,173.73345947265625,23.810998916625977,669.2495727539062,84.91596221923828,483.3699951171875,27.055971145629883,114.10337829589844,42.90665054321289,114.24810791015625,16.8700008392334
2025-12-19,272.9271240234375,227.35000610351562,54.39768600463867,143.73623657226562,399.0199890136719,306.56365966796875,880.5897216796875,76.87261962890625,203.10321044921875,312.7686767578125,657.0784301757812,482.8566589355469,180.56747436523438,23.953636169433594,675.3153686523438,84.59903717041016,481.20001220703125,27.14299964904785,113.63634490966797,42.90665054321289,114.3951644897461,14.90999984741211
2025-12-22,270.23443603515625,228.42999267578125,54.9980583190918,145.73056030273438,408.2300109863281,309.1785583496094,886.0300903320312,76.9395751953125,204.03817749023438,318.56634521484375,659.8014526367188,481.8630065917969,183.2611541748047,23.972654342651367,679.5224609375,84.41544342041016,488.7300109863281,27.030000686645508,111.88748931884766,43.35084533691406,115.82644653320312,14.079999923706055
2025-12-23,271.62066650390625,232.13999938964844,55.086639404296875,146.4212646484375,413.6400146484375,313.73968505859375,888.7009887695312,76.9969711303711,202.5225372314453,321.3666076660156,663.2325439453125,483.7807922363281,188.76829528808594,23.658851623535156,682.6282348632812,84.55072021484375,485.55999755859375,26.940000534057617,110.1982421875,43.63521194458008,117.07146453857422,14.0
2025-12-24,273.06671142578125,232.3800048828125,55.36221694946289,146.41156005859375,411.92999267578125,313.4801940917969,897.6401977539062,77.14045715332031,204.49087524414062,324.5612487792969,665.8358764648438,484.9433898925781,188.169677734375,23.801490783691406,685.0294799804688,85.06285095214844,485.3999938964844,26.950000762939453,110.90374755859375,43.50773620605469,116.87541198730469,13.470000267028809
2025-12-26,272.6578063964844,232.52000427246094,55.283477783203125,145.944580078125,416.739990234375,312.9013366699219,893.9541015625,77.10218811035156,204.34326171875,323.3188781738281,661.5868530273438,484.6353454589844,190.08518981933594,23.858543395996094,684.9600219726562,84.78263092041016,475.19000244140625,26.969999313354492,111.0329360961914,43.34104537963867,116.76757049560547,13.600000381469727
2025-12-29,273.0168762207031,232.07000732421875,54.47642135620117,146.8882293701172,398.6000061035156,312.95123291015625,879.3084716796875,77.13089752197266,204.2743682861328,319.2171325683594,656.9986572265625,484.02923583984375,187.7805938720703,23.77296257019043,682.51904296875,85.10150909423828,459.6400146484375,26.979999542236328,111.81792449951172,43.75287628173828,118.1596450805664,14.199999809265137
2025-12-30,272.33868408203125,232.52999877929688,54.407527923583984,148.17236328125,398.8900146484375,313.24066162109375,871.660400390625,77.20743560791016,203.63465881347656,318.89178466796875,664.239990234375,484.4068603515625,187.1021728515625,23.763450622558594,681.685546875,84.89859008789062,454.42999267578125,27.049999237060547,111.21178436279297,44.08626937866211,118.610595703125,14.329999923706055
2025-12-31,271.12200927734375,230.82000732421875,54.1319465637207,148.2696533203125,396.30999755859375,312.3923034667969,866.318603515625,77.13089752197266,203.67401123046875,317.70855712890625,658.39501953125,480.5711669921875,186.0646209716797,23.67786979675293,676.635009765625,84.22218322753906,449.7200012207031,27.030000686645508,110.70502471923828,43.841129302978516,117.97338104248047,14.949999809265137
2026-01-02,270.2743225097656,226.5,55.066959381103516,151.6648406982422,398.2799987792969,314.53814697265625,901.1488037109375,77.16915893554688,204.0677032470703,320.92291259765625,648.7398681640625,469.95849609375,188.40911865234375,23.944128036499023,677.8753051757812,84.09656524658203,438.07000732421875,27.110000610351562,112.04647827148438,44.76286315917969,120.23795318603516,14.510000228881836
2026-01-05,266.5345153808594,233.05999755859375,55.99211502075195,159.39889526367188,408.760009765625,315.92547607421875,934.7568359375,77.37004089355469,201.0758056640625,329.36309814453125,657.098388671875,469.86907958984375,187.6808319091797,23.93461799621582,682.3900756835938,84.51206970214844,451.6700134277344,27.06999969482422,111.99678802490234,45.978763580322266,122.8946533203125,14.899999618530273
2026-01-06,261.6477966308594,240.92999267578125,56.346435546875,152.28746032714844,413.17999267578125,313.7297058105469,941.6853637695312,77.3891830444336,201.54820251464844,331.41326904296875,658.9236450195312,475.493408203125,186.80288696289062,24.18185806274414,686.4483642578125,84.338134765625,432.9599914550781,27.15999984741211,113.61647033691406,44.753055572509766,118.66942596435547,14.75
2026-01-07,259.623291015625,241.55999755859375,54.761844635009766,150.98387145996094,409.2300109863281,321.3548889160156,927.44384765625,77.37004089355469,204.20547485351562,323.8660583496094,647.0242919921875,480.422119140625,188.6685028076172,24.03921890258789,684.2356567382812,84.83094787597656,431.4100036621094,27.200000762939453,112.00672912597656,44.252967834472656,116.15975952148438,15.380000114440918
2026-01-08,258.3368225097656,246.2899932861328,55.2933235168457,154.923828125,411.489990234375,324.80816650390625,921.3431396484375,77.42744445800781,202.49301147460938,326.63934326171875,644.4010620117188,475.09588623046875,184.60801696777344,24.048728942871094,684.1661987304688,84.4057846069336,435.79998779296875,27.270000457763672,112.35450744628906,45.6453742980957,120.49284362792969,15.449999809265137
2026-01-09,258.6659240722656,247.3800048828125,54.96853256225586,157.70616149902344,414.4700012207031,327.9320983886719,925.4332885742188,77.48484802246094,201.154541015625,326.0450744628906,651.3831176757812,476.2585144042969,184.42843627929688,24.229402542114258,688.6908569335938,84.96623992919922,445.010009765625,27.329999923706055,113.8052749633789,45.763038635253906,122.15940856933594,14.489999771118164
2026-01-12,259.54351806640625,246.47000122070312,54.318946838378906,157.9298858642578,422.2300109863281,331.2156677246094,935.850830078125,77.52310180664062,206.40017700195312,321.3899841308594,640.321533203125,474.1717529296875,184.5082550048828,24.02971076965332,689.7723388671875,84.71498107910156,448.9599914550781,27.280000686645508,117.22350311279297,45.439449310302734,121.59081268310547,15.119999885559082
2026-01-13,260.3413391113281,242.60000610351562,53.67920684814453,159.4183349609375,421.6300048828125,335.3177185058594,924.6152954101562,77.52310180664062,210.26795959472656,307.9298095703125,629.4695434570312,467.70281982421875,185.376220703125,23.915599822998047,688.3931884765625,84.85993957519531,447.20001220703125,27.350000381469727,119.59837341308594,46.08662796020508,124.05144500732422,15.979999542236328
2026-01-14,259.25433349609375,236.64999389648438,51.65171813964844,162.69679260253906,425.94000244140625,335.1879577636719,919.21435546875,77.52310180664062,215.09039306640625,304.9287414550781,613.9395141601562,456.4839782714844,182.7124481201172,24.324495315551758,685.009521484375,85.35275268554688,439.20001220703125,27.329999923706055,119.28040313720703,47.12602996826172,127.63945770263672,16.75
2026-01-15,257.5090637207031,238.17999267578125,51.759986877441406,161.6461181640625,423.3299865722656,332.1338806152344,961.7811889648438,77.52310180664062,216.09425354003906,306.30548095703125,619.2059326171875,453.7811279296875,186.6133270263672,24.619277954101562,686.875,85.33341979980469,438.57000732421875,27.43000030517578,118.44572448730469,46.684776306152344,126.59052276611328,15.84000015258789
2026-01-16,254.8363494873047,239.1199951171875,52.13398742675781,161.743408203125,421.2900085449219,329.35931396484375,948.1212158203125,77.57093811035156,215.1986541748047,309.48480224609375,618.6573486328125,456.9609069824219,185.79522705078125,24.39105796813965,686.299560546875,84.84060668945312,437.5,27.43000030517578,118.94255828857422,46.76321792602539,127.33556365966797,15.859999656677246
2026-01-20,246.0303192138672,231.0,51.27771759033203,160.8094940185547,437.2300109863281,321.3748474121094,929.7599487304688,77.37004089355469,214.7557830810547,299.8477478027344,602.5687866210938,451.6546325683594,177.65428161621094,24.267440795898438,672.3286743164062,83.72936248779297,419.25,27.209999084472656,117.95882415771484,46.67496109008789,127.89437103271484,20.09000015258789
2026-01-21,246.97775268554688,231.30999755859375,51.248191833496094,162.20062255859375,443.6000061035156,327.7424621582031,939.2608642578125,77.59963989257812,214.55892944335938,299.15447998046875,611.3861083984375,441.31024169921875,182.8920440673828,24.619277954101562,680.0880737304688,84.36711120605469,431.44000244140625,27.270000457763672,118.6047134399414,47.80261993408203,130.982421875,16.899999618530273
2026-01-22,247.67584228515625,234.33999633789062,51.6221923828125,162.13255310058594,451.7900085449219,329.8982849121094,940.8772583007812,77.65703582763672,215.03134155273438,300.729248046875,645.967041015625,448.2959289550781,184.40847778320312,24.818973541259766,683.6403198242188,84.73432922363281,449.3599853515625,27.149999618530273,117.08439636230469,47.95950698852539,131.01182556152344,15.640000343322754
2026-01-23,247.36668395996094,239.16000366210938,50.903717041015625,162.19091796875,458.0,327.2933044433594,905.623291015625,77.6187744140625,216.6552276611328,294.875732421875,657.0684814453125,463.0125732421875,187.23187255859375,24.79963493347168,683.8883056640625,84.96623992919922,449.05999755859375,26.90999984741211,116.98502349853516,48.234066009521484,132.315673828125,16.09000015258789
2026-01-26,254.7166748046875,238.4199981689453,51.19898223876953,162.94972229003906,464.70001220703125,332.61297607421875,918.416015625,77.65703582763672,217.98387145996094,298.1640319824219,670.6334838867188,467.3152770996094,186.03468322753906,25.022008895874023,687.3612060546875,85.3720703125,435.20001220703125,26.780000686645508,116.89559936523438,48.26348876953125,132.18821716308594,16.149999618530273
2026-01-27,257.5688781738281,244.67999267578125,51.34661102294922,164.45761108398438,476.1000061035156,333.90045166015625,916.306884765625,77.64746856689453,220.8871612548828,297.44097900390625,671.241943359375,477.55029296875,188.07989501953125,25.621456146240234,690.099853515625,84.84060668945312,430.8999938964844,26.469999313354492,116.20002746582031,48.70473861694336,134.13906860351562,16.350000381469727
2026-01-28,255.743896484375,243.00999450683594,50.99229431152344,165.31370544433594,494.55999755859375,335.357666015625,923.2946166992188,77.52310180664062,224.11524963378906,297.89654541015625,667.0127563476562,478.5937194824219,191.07289123535156,25.002674102783203,690.0303955078125,84.64734649658203,431.4599914550781,26.6299991607666,115.8323745727539,49.077354431152344,134.87432861328125,16.350000381469727
2026-01-29,257.5788879394531,241.72999572753906,52.242252349853516,166.53948974609375,495.8999938964844,337.59326171875,926.556884765625,77.5135498046875,223.69203186035156,303.49261474609375,736.4141845703125,430.7671203613281,192.06056213378906,25.234718322753906,688.6610717773438,84.66667175292969,416.55999755859375,26.59000015258789,116.66705322265625,49.52841567993164,137.7467041015625,16.8799991607666
2026-01-30,258.775634765625,239.3000030517578,52.360355377197266,172.09437561035156,444.95001220703125,337.3437805175781,921.914794921875,77.59963989257812,223.65267944335938,302.9676818847656,714.66015625,427.577392578125,190.6837921142578,25.563446044921875,686.6071166992188,84.19320678710938,430.4100036621094,26.850000381469727,118.3861083984375,50.057918548583984,138.61920166015625,17.440000534057617
2026-02-02,269.2770690917969,242.9600067138672,53.17725372314453,169.3023223876953,427.1300048828125,343.0227355957031,932.6773071289062,77.646728515625,227.09727478027344,305.1961669921875,704.5960083007812,420.70098876953125,185.17669677734375,25.776151657104492,690.0204467773438,83.95265197753906,421.80999755859375,26.989999771118164,123.27496337890625,49.077354431152344,135.67819213867188,16.34000015258789
2026-02-03,268.7485046386719,238.6199951171875,53.59062576293945,173.20338439941406,454.2900085449219,339.0504455566406,925.4431762695312,77.59867095947266,229.4100799560547,311.8420715332031,689.923828125,408.6176452636719,179.91897583007812,24.91565704345703,684.18603515625,84.15632629394531,421.9599914550781,26.920000076293945,126.90187072753906,50.665870666503906,140.90338134765625,18.0
2026-02-04,275.7394104003906,232.99000549316406,54.50595474243164,176.3067169189453,453.9700012207031,332.3934020996094,900.1237182617188,77.50254821777344,230.75839233398438,314.23895263671875,667.272216796875,411.578857421875,173.78334045410156,25.892173767089844,680.8718872070312,83.94293212890625,406.010009765625,27.010000228881836,127.19003295898438,51.8033332824707,144.68746948242188,18.639999389648438
2026-02-05,275.1610412597656,222.69000244140625,54.07289505004883,174.36105346679688,441.8800048828125,330.60687255859375,877.56396484375,77.416015625,234.02581787109375,307.1968688964844,668.4890747070312,391.188232421875,171.47872924804688,25.611785888671875,672.3683471679688,84.854736328125,397.2099914550781,27.09000015258789,126.13675689697266,51.19538116455078,143.20718383789062,21.770000457763672
2026-02-06,277.364990234375,210.32000732421875,55.63779830932617,175.94677734375,455.4599914550781,322.233154296875,915.3508911132812,77.68518829345703,236.19100952148438,319.3199462890625,659.7615356445312,398.61114501953125,184.97714233398438,26.317584991455078,685.267578125,84.91293334960938,411.1099853515625,27.010000228881836,130.34991455078125,52.21516799926758,146.1187744140625,20.3700008392334
2026-02-09,274.13079833984375,208.72000122070312,55.51969528198242,177.6395263671875,467.0299987792969,323.6903381347656,930.00634765625,77.79093933105469,234.8623809814453,319.0228271484375,675.4810180664062,410.99261474609375,189.59632873535156,26.153221130371094,688.57177734375,84.89352416992188,417.32000732421875,26.790000915527344,128.20358276367188,52.59758377075195,148.2362823486328,17.360000610351562
2026-02-10,273.19244384765625,206.9600067138672,54.51579284667969,177.30874633789062,462.3999938964844,317.9614562988281,935.298828125,77.71402740478516,234.5769805908203,315.2392883300781,668.9976806640625,410.6646728515625,188.09983825683594,26.694656372070312,686.7559204101562,85.87320709228516,425.2099914550781,26.799999237060547,125.89826202392578,52.538753509521484,148.6088104248047,17.790000915527344
2026-02-11,275.00921630859375,204.0800018310547,53.00009536743164,180.77203369140625,467.6300048828125,310.35626220703125,930.96240234375,77.70442199707031,237.0472412109375,307.8505554199219,666.9729614257812,401.8207702636719,189.60633850097656,26.81067657470703,686.5972290039062,85.41732788085938,428.2699890136719,26.829999923706055,127.95516204833984,53.91154861450195,152.50074768066406,17.649999618530273
2026-02-12,261.2637634277344,199.60000610351562,51.69108963012695,177.4449462890625,451.3900146484375,308.4000549316406,891.5,77.66596984863281,240.6788330078125,299.7487487792969,648.1414184570312,399.30670166015625,186.5035858154297,26.559295654296875,675.9900512695312,86.55220031738281,417.07000732421875,26.81999969482422,132.79434204101562,52.93098068237305,147.9611358642578,20.81999969482422
2026-02-13,255.32435607910156,198.7899932861328,51.720611572265625,178.74856567382812,462.6199951171875,305.1264343261719,892.08154296875,77.72364044189453,239.59622192382812,299.6595764160156,638.127197265625,398.7900085449219,182.3832244873047,26.665651321411133,676.4663696289062,87.02751159667969,417.44000244140625,26.81999969482422,133.0427703857422,53.293792724609375,146.50057983398438,20.600000381469727
2026-02-17,263.4099426269531,201.14999389648438,51.90761947631836,177.36343383789062,448.20001220703125,301.43359375,902.82421875,77.68518829345703,239.47813415527344,304.1958312988281,637.6484375,394.35809326171875,184.53819274902344,26.462614059448242,677.5578002929688,87.17300415039062,410.6300048828125,26.90999984741211,128.03466796875,52.705448150634766,144.270263671875,20.290000915527344
2026-02-18,263.8791198730469,204.7899932861328,52.5178337097168,180.62484741210938,458.2799987792969,302.7410888671875,920.259033203125,77.78131866455078,241.1118621826172,305.8300476074219,641.5682983398438,397.08087158203125,187.5411376953125,26.462614059448242,680.9711303710938,86.84320831298828,411.32000732421875,27.079999923706055,125.81877136230469,53.71543502807617,148.7012939453125,19.6200008392334
2026-02-19,260.11578369140625,204.86000061035156,51.9371452331543,181.51876831054688,459.55999755859375,302.26202392578125,903.4254760742188,77.81016540527344,243.00146484375,305.10699462890625,643.1243286132812,396.8517761230469,187.46133422851562,25.969520568847656,679.1751098632812,86.93051147460938,411.7099914550781,27.1200008392334,124.07984161376953,54.107662200927734,148.98748779296875,20.229999542236328
2026-02-20,264.1086730957031,210.11000061035156,52.22256851196289,180.68377685546875,468.6199951171875,314.36846923828125,908.9347534179688,77.86784362792969,238.65142822265625,307.82086181640625,653.9764404296875,395.6267395019531,189.37686157226562,25.766483306884766,684.0868530273438,86.72679901123047,411.82000732421875,27.09000015258789,122.21174621582031,53.81349563598633,145.345947265625,19.09000015258789
2026-02-23,265.705810546875,205.27000427246094,50.263973236083984,181.646484375,481.2799987792969,310.8852233886719,879.4366455078125,77.74287414550781,241.94839477539062,294.8262023925781,635.6137084960938,382.918212890625,191.1028289794922,26.16288948059082,677.1013793945312,87.0468978881836,399.8299865722656,27.09000015258789,125.01390075683594,54.0782470703125,148.78024291992188,21.010000228881836
2026-02-24,271.6552429199219,208.55999755859375,49.61438751220703,182.0688934326172,474.6099853515625,310.29638671875,889.2529296875,77.68518829345703,243.66995239257812,294.459716796875,637.658447265625,387.4299621582031,192.39979553222656,26.240238189697266,682.0228881835938,87.20211029052734,409.3800048828125,27.110000610351562,125.94794464111328,54.029212951660156,147.29994201660156,19.549999237060547
2026-02-25,273.74151611328125,210.63999938964844,50.874183654785156,180.96865844726562,473.4200134277344,312.29248046875,908.0872192382812,77.79093933105469,242.57171630859375,300.40240478515625,652.0114135742188,398.9831237792969,195.10345458984375,26.191896438598633,687.7779541015625,87.2118148803711,417.3999938964844,27.079999923706055,124.95427703857422,53.803680419921875,147.10256958007812,17.93000030517578
2026-02-26,272.4637756347656,207.9199981689453,51.47455978393555,180.90972900390625,477.4800109863281,306.7832336425781,915.5972290039062,77.72364044189453,240.88973999023438,303.20538330078125,655.322998046875,400.0986022949219,184.4583740234375,26.201562881469727,683.957763671875,87.56099700927734,408.5799865722656,27.100000381469727,123.6326904296875,53.980186462402344,146.58938598632812,18.6299991607666
2026-02-27,263.70941162109375,210.0,49.043548583984375,183.46383666992188,483.75,311.15472412109375,847.1689453125,77.59867095947266,245.79718017578125,297.4310607910156,646.5155639648438,391.15484619140625,176.77635192871094,26.73332977294922,680.6734008789062,88.09449005126953,402.510009765625,27.079999923706055,127.14035034179688,54.83327865600586,150.49740600585938,19.860000610351562
2026-03-02,264.2484130859375,208.38999938964844,49.02386474609375,186.2537078857422,490.0,305.9248962402344,853.7377319335938,77.55422973632812,245.92579650878906,294.7172546386719,651.8817749023438,396.9413757324219,182.05398559570312,26.356258392333984,681.0604858398438,87.20983123779297,403.32000732421875,27.329999923706055,126.29573822021484,55.931514739990234,152.19480895996094,21.440000534057617
2026-03-03,263.2801818847656,208.72999572753906,49.18133544921875,185.43836975097656,468.1400146484375,302.9905700683594,854.609619140625,77.39967346191406,244.13497924804688,297.3914489746094,653.3978881835938,402.2996826171875,179.62966918945312,25.698802947998047,675.057373046875,87.03466033935547,392.42999267578125,27.459999084472656,127.10060119628906,55.4216194152832,149.83619689941406,23.56999969482422
2026-03-04,262.0523376464844,216.82000732421875,49.506126403808594,182.74671936035156,471.79998779296875,302.54150390625,859.2364501953125,77.670166015625,242.70034790039062,296.52978515625,666.015380859375,403.5645751953125,182.61268615722656,25.737478256225586,679.8201904296875,86.76216888427734,405.94000244140625,27.40999984741211,127.00123596191406,55.0980339050293,147.85260009765625,21.149999618530273
2026-03-05,259.8263244628906,218.94000244140625,49.02386474609375,186.5484161376953,466.1300048828125,300.29583740234375,827.7401733398438,77.36103820800781,237.09043884277344,290.74554443359375,658.8738403320312,409.0224304199219,182.9119873046875,25.727807998657227,676.0297241210938,86.41178894042969,405.54998779296875,27.479999542236328,122.52971649169922,55.38239288330078,148.78024291992188,23.75
2026-03-06,257.0013427734375,213.2100067138672,48.14295196533203,186.58770751953125,473.510009765625,297.9404296875,813.829833984375,76.98426818847656,237.85226440429688,286.7144470214844,643.2041015625,407.30938720703125,177.4048614501953,26.153221130371094,667.1689453125,86.09063720703125,396.7300109863281,27.469999313354492,123.0166244506836,55.470645904541016,149.22434997558594,29.489999771118164
2026-03-09,259.41705322265625,213.49000549316406,47.410518646240234,186.09652709960938,472.5299987792969,305.98040771484375,824.3418579101562,77.44795989990234,240.01907348632812,287.1502685546875,645.7276611328125,407.757568359375,182.2235870361328,25.92117691040039,673.0133056640625,86.84001159667969,398.67999267578125,27.459999084472656,123.5531997680664,55.22550582885742,148.46444702148438,25.5
2026-03-10,260.3653564453125,214.3300018310547,48.06377410888672,183.0021209716797,477.8599853515625,306.65960693359375,826.1054077148438,77.32238006591797,241.12721252441406,285.97161865234375,652.3905639648438,404.122314453125,184.33865356445312,26.25957489013672,671.9317016601562,85.91545104980469,399.239990234375,27.450000762939453,124.32826232910156,54.519493103027344,146.18479919433594,24.93000030517578
2026-03-11,260.34539794921875,212.64999389648438,48.0241813659668,188.40505981445312,476.239990234375,308.31756591796875,816.1482543945312,77.14849090576172,240.41482543945312,284.77313232421875,653.178466796875,403.245849609375,185.60574340820312,26.394933700561523,671.0883178710938,84.80599212646484,407.82000732421875,27.549999237060547,122.70857238769531,55.8726806640625,149.5894775390625,24.229999542236328
2026-03-12,255.3043975830078,209.52999877929688,46.64838790893555,193.49363708496094,466.8800048828125,303.17388916015625,780.2431640625,76.65581512451172,239.4748992919922,280.1874084472656,636.5413208007812,400.238037109375,182.7223358154297,25.969520568847656,660.8978881835938,84.64055633544922,395.010009765625,27.68000030517578,124.53694152832031,56.39237976074219,151.5138702392578,27.290000915527344
2026-03-13,249.6744384765625,207.6699981689453,46.242576599121094,193.34629821777344,460.8399963378906,301.9054870605469,774.9822387695312,76.51090240478516,238.96041870117188,280.7321472167969,612.1340942382812,393.9534912109375,179.8389434814453,25.698802947998047,657.1571655273438,84.2220687866211,391.20001220703125,27.889999389648438,125.71940612792969,56.57868957519531,154.06985473632812,27.190000534057617
2026-03-16,252.36964416503906,211.74000549316406,46.5791015625,193.3659210205078,460.42999267578125,305.1814270019531,787.4261474609375,76.7524185180664,240.6127166748047,283.4261474609375,626.3746948242188,398.33575439453125,182.80215454101562,25.727807998657227,663.8449096679688,84.87411499023438,395.55999755859375,27.729999542236328,125.19275665283203,56.77480697631836,155.165283203125,23.510000228881836
2026-03-17,253.77711486816406,215.1999969482422,46.796852111816406,194.4759979248047,459.2699890136719,310.5347900390625,799.582763671875,77.10018920898438,235.5865478515625,284.1492004394531,621.5928955078125,397.79791259765625,181.51510620117188,26.539960861206055,665.5912475585938,85.10768127441406,399.2699890136719,27.68000030517578,124.28852081298828,57.372947692871094,156.7245330810547,22.3700008392334
2026-03-18,249.49476623535156,209.8699951171875,46.3514518737793,195.1046905517578,444.739990234375,307.30877685546875,798.0371704101562,76.70410919189453,234.76535034179688,284.9910583496094,614.6248779296875,390.2087097167969,179.98858642578125,26.414268493652344,656.3038330078125,84.63082122802734,392.7799987792969,27.850000381469727,121.2081298828125,57.29450225830078,155.5205535888672,25.09000015258789
2026-03-19,248.5165252685547,208.75999450683594,46.52960968017578,197.88475036621094,426.4100036621094,306.7494812011719,802.02001953125,76.95528411865234,235.0819549560547,285.2188415527344,605.6602783203125,387.4498596191406,178.15277099609375,26.501285552978516,654.6864013671875,85.14662170410156,380.29998779296875,27.579999923706055,120.3237533569336,58.2064323425293,156.08306884765625,24.059999465942383
2026-03-20,247.54823303222656,205.3699951171875,46.67808151245117,198.16961669921875,413.3800048828125,300.6270751953125,806.0128173828125,76.24040985107422,232.87557983398438,283.8223571777344,592.642578125,380.3287353515625,172.30615234375,26.07587242126465,645.301025390625,83.53108215332031,367.9599914550781,27.68000030517578,118.50957489013672,58.15740203857422,157.5732421875,26.780000686645508
2026-03-23,251.04200744628906,210.13999938964844,47.034400939941406,201.5882110595703,404.0400085449219,301.685791015625,823.5889282226562,76.74275970458984,232.925048828125,287.14031982421875,603.0247802734375,381.4541931152344,175.23944091796875,25.882503509521484,652.07666015625,84.07608795166016,380.8500061035156,27.559999465942383,120.2022933959961,58.85321807861328,159.0140838623047,26.149999618530273
2026-03-24,251.1917266845703,207.24000549316406,47.64806365966797,203.14031982421875,404.1300048828125,290.0801696777344,827.9976806640625,76.48192596435547,232.77664184570312,289.6065368652344,591.9038696289062,371.2355651855469,174.80044555664062,26.066204071044922,649.8877563476562,83.70626831054688,383.0299987792969,27.649999618530273,121.5265884399414,60.047454833984375,163.20826721191406,26.950000762939453
2026-03-25,252.16998291015625,211.7100067138672,48.2518310546875,201.5292510986328,416.2900085449219,290.5695495605469,834.061279296875,76.72343444824219,237.3872528076172,292.59771728515625,593.8704833984375,369.5424499511719,178.2725067138672,26.37559700012207,653.5093994140625,84.51403045654297,385.95001220703125,27.700000762939453,122.5322494506836,59.78097152709961,161.11610412597656,25.329999923706055
2026-03-26,252.43951416015625,207.5399932861328,47.747047424316406,204.12266540527344,400.6400146484375,280.57196044921875,815.0386352539062,76.24040985107422,236.70458984375,288.8736267089844,546.6015625,364.492919921875,170.8494873046875,26.655982971191406,641.8385620117188,83.80359649658203,372.1099853515625,27.809999465942383,121.6560287475586,60.71859359741211,163.25759887695312,27.440000534057617
2026-03-27,248.35679626464844,199.33999633789062,46.49002456665039,207.42335510253906,414.70001220703125,274.0001220703125,795.4711303710938,76.04720306396484,237.90174865722656,280.13787841796875,524.8189697265625,355.33001708984375,167.13796997070312,26.143552780151367,630.8939819335938,83.3461685180664,361.8299865722656,27.84000015258789,122.36298370361328,61.745052337646484,168.7445831298828,31.049999237060547
2026-03-30,246.19065856933594,200.9499969482422,46.74736404418945,206.99114990234375,414.5799865722656,273.1611633300781,800.1375732421875,76.1341552734375,239.92013549804688,281.0589904785156,535.4607543945312,357.51116943359375,164.79331970214844,26.84935188293457,628.78466796875,84.45563507080078,355.2799987792969,27.979999542236328,122.9703598022461,61.152862548828125,169.21827697753906,30.610000610351562
2026-03-31,253.33790588378906,208.27000427246094,48.2518310546875,203.2483673095703,430.2900085449219,287.2037353515625,838.1728515625,76.8586654663086,241.84947204589844,291.3497314453125,571.1494750976562,368.67596435546875,174.00225830078125,27.149072647094727,647.0620727539062,84.36804962158203,371.75,27.780000686645508,123.74702453613281,60.461978912353516,167.4320526123047,25.25
2026-04-01,255.1746368408203,210.57000732421875,48.766517639160156,193.92587280273438,437.82000732421875,297.0215759277344,852.261474609375,77.04700469970703,241.53285217285156,292.5580749511719,578.2373046875,367.8791809082031,175.34918212890625,27.603492736816406,651.9373779296875,84.28498840332031,381.260009765625,27.729999542236328,124.20504760742188,58.201812744140625,158.66867065429688,24.540000915527344
2026-04-02,255.464111328125,209.77000427246094,48.875396728515625,195.45834350585938,429.4100036621094,295.403564453125,855.0653076171875,77.23143768310547,240.46429443359375,291.7855224609375,573.4755249023438,371.9526672363281,176.98545837402344,27.38111686706543,652.5244140625,84.80286407470703,360.5899963378906,27.860000610351562,125.25054931640625,58.47816848754883,158.57984924316406,23.8700008392334
2026-04-06,258.39886474609375,212.7899932861328,49.54844665527344,195.35028076171875,427.6499938964844,299.6183166503906,858.0475463867188,77.36734008789062,238.41624450683594,294.125,572.0379638671875,371.375,177.23487854003906,26.90736198425293,655.6088256835938,84.66606140136719,352.82000732421875,27.829999923706055,126.24625396728516,58.902565002441406,161.2246551513672,24.170000076293945
2026-04-07,253.0484161376953,213.77000427246094,49.76619338989258,197.98297119140625,431.80999755859375,305.08154296875,856.1650390625,77.38676452636719,235.8833770751953,296.0662536621094,574.064453125,370.78741455078125,177.69383239746094,26.201562881469727,655.8972778320312,84.65628814697266,346.6499938964844,27.75,121.9646987915039,59.376312255859375,161.757568359375,25.780000686645508
2026-04-08,258.4388122558594,221.25,51.34984588623047,189.4856414794922,434.5299987792969,316.9268798828125,897.380615234375,77.84300231933594,238.7427520751953,306.5888366699219,611.3704223632812,372.81915283203125,181.66476440429688,26.559295654296875,672.6027221679688,84.92988586425781,343.25,27.530000686645508,126.71424865722656,57.29379653930664,154.16854858398438,21.040000915527344
2026-04-09,260.0259704589844,233.64999389648438,52.171363830566406,187.0002899169922,437.9100036621094,318.09539794921875,895.3694458007812,77.93036651611328,238.7526397705078,308.938232421875,627.3131103515625,371.56427001953125,183.4906005859375,26.317584991455078,676.4829711914062,84.71491241455078,345.6199951171875,27.479999542236328,128.5762176513672,56.58317947387695,153.00404357910156,19.489999771118164
2026-04-10,260.0159912109375,238.3800048828125,52.00310516357422,185.2222442626953,437.1300048828125,316.8469543457031,899.4117431640625,77.61974334716797,235.93284606933594,308.4803161621094,628.780517578125,369.3731384277344,188.1998291015625,26.027530670166016,676.0353393554688,84.50971984863281,348.95001220703125,27.440000534057617,126.2263412475586,56.19825744628906,150.5072479248047,19.229999542236328
2026-04-13,258.73828125,239.88999938964844,52.80482482910156,188.39523315429688,435.3599853515625,320.91192626953125,882.5588989257812,77.91096496582031,235.43814086914062,312.2732238769531,633.442626953125,382.8186340332031,188.87826538085938,26.43360710144043,682.641845703125,84.7637710571289,352.4200134277344,27.3799991607666,124.03577423095703,56.36604690551758,150.63555908203125,19.1200008392334
2026-04-14,258.3689270019531,249.02000427246094,52.80482482910156,183.71925354003906,445.0899963378906,332.49755859375,901.224853515625,78.14392852783203,237.5554656982422,309.7247009277344,661.3546142578125,391.5233459472656,196.0618438720703,26.211233139038086,690.959716796875,85.2132339477539,364.20001220703125,27.31999969482422,124.51372528076172,55.221153259277344,147.28021240234375,18.360000610351562
2026-04-15,265.95538330078125,248.5,53.76491165161133,181.646484375,440.4599914550781,336.70233154296875,891.178466796875,78.1051025390625,236.14060974121094,304.5579833984375,670.4290771484375,409.5602722167969,198.41647338867188,26.2885799407959,696.412109375,84.8419418334961,391.95001220703125,27.290000915527344,124.22496795654297,55.03363037109375,147.05322265625,18.170000076293945
2026-04-16,262.9307861328125,249.6999969482422,52.96318817138672,184.8292999267578,440.0799865722656,335.6036682128906,891.683837890625,77.99832153320312,232.0543670654297,308.5599670410156,675.7099609375,418.56378173828125,197.8976593017578,26.317584991455078,698.1234130859375,84.30453491210938,388.8999938964844,27.3700008392334,124.28470611572266,55.84294891357422,149.98422241210938,17.940000534057617
2026-04-17,269.7486267089844,250.55999755859375,53.35910415649414,180.7427215576172,445.92999267578125,341.2566833496094,917.3939819335938,78.28953552246094,231.6981964111328,308.8984375,687.3699340820312,421.0835876464844,201.2200469970703,26.646312713623047,706.5607299804688,85.07645416259766,400.6199951171875,27.360000610351562,126.95321655273438,54.30327224731445,144.5169677734375,17.479999542236328
2026-04-20,272.5635681152344,248.27999877929688,53.3986930847168,180.01577758789062,442.0899963378906,337.0019836425781,933.0381469726562,78.2215805053711,228.2451934814453,315.5683898925781,669.7601928710938,416.38262939453125,201.59918212890625,26.60763931274414,705.1477661132812,85.05690002441406,392.5,27.31999969482422,127.37140655517578,54.35261535644531,145.7406768798828,18.8700008392334
2026-04-21,265.69586181640625,249.91000366210938,52.933494567871094,182.69760131835938,429.57000732421875,331.8783264160156,917.9884643554688,78.01774597167969,223.76319885253906,311.5962829589844,667.6937866210938,422.44805908203125,199.42417907714844,26.404600143432617,700.53125,84.58789825439453,386.4200134277344,27.469999313354492,129.04421997070312,55.14219665527344,146.41175842285156,19.5
2026-04-22,272.68341064453125,255.36000061035156,52.57717514038086,183.03160095214844,435.260009765625,338.8996276855469,926.201904296875,78.14392852783203,223.70384216308594,311.6161804199219,673.5636596679688,431.1726989746094,202.03819274902344,25.911508560180664,707.6253051757812,84.75399780273438,387.510009765625,27.479999542236328,129.4225616455078,55.803466796875,147.5367889404297,18.920000076293945
2026-04-23,272.9429016113281,255.0800018310547,51.93381881713867,184.2890167236328,431.0400085449219,338.47015380859375,922.694580078125,78.01774597167969,228.20559692382812,310.29217529296875,658.0203857421875,414.07196044921875,199.18470764160156,25.785818099975586,704.8792114257812,84.568359375,373.7200012207031,27.530000686645508,131.46377563476562,56.237735748291016,148.5532684326172,19.309999465942383
2026-04-24,270.5771179199219,263.989990234375,51.51810836791992,181.94119262695312,433.25,343.9732971191406,918.3451538085938,78.12451934814453,225.08900451660156,306.8974609375,673.8731689453125,422.90618896484375,207.79502868652344,26.10487937927246,710.341552734375,84.72468566894531,376.29998779296875,27.479999542236328,129.3628387451172,56.12916946411133,146.9545440673828,18.709999084472656
2026-04-27,267.1332702636719,261.1199951171875,52.09218215942383,181.51876831054688,429.8900146484375,349.90594482421875,929.1444091796875,78.15364074707031,222.95187377929688,310.232421875,677.4569702148438,423.1053771972656,216.1160125732422,25.90184211730957,711.5653076171875,84.30453491210938,378.6700134277344,27.450000762939453,127.04281616210938,56.03047180175781,146.24400329589844,18.020000457763672
2026-04-28,270.2277526855469,259.70001220703125,52.12187576293945,185.0355987548828,421.9100036621094,349.3466491699219,917.9884643554688,78.04686737060547,225.37591552734375,310.0532531738281,670.189453125,427.5174865722656,212.68385314941406,25.60211753845215,708.1028442382812,84.3924789428711,376.0199890136719,27.530000686645508,127.04281616210938,56.95822525024414,148.58287048339844,17.829999923706055
2026-04-29,269.688720703125,263.0400085449219,52.33962631225586,188.8274688720703,417.4100036621094,349.5064697265625,897.2319946289062,77.78475189208984,224.9405975341797,307.86309814453125,667.9732666015625,422.7467956542969,208.77279663085938,25.38941192626953,707.993408203125,83.73780822753906,372.79998779296875,27.610000610351562,127.46102142333984,58.26102828979492,152.63890075683594,18.809999465942383
2026-04-30,270.86663818359375,265.05999755859375,52.9136962890625,189.8982391357422,423.6600036621094,384.3232421875,915.2341918945312,78.02743530273438,227.41409301757812,311.82525634765625,610.8612670898438,406.1341552734375,199.1148681640625,25.8148250579834,715.0377197265625,83.65965270996094,381.6300048828125,27.360000610351562,131.3642120361328,58.872955322265625,152.30335998535156,16.889999389648438
2026-05-01,279.6409912109375,268.260009765625,52.69594955444336,187.2655487060547,423.17999267578125,385.2121887207031,915.1747436523438,78.12403869628906,224.7822723388672,311.06866455078125,607.7067260742188,412.76727294921875,197.9974365234375,25.457090377807617,717.0177001953125,83.9587631225586,390.82000732421875,27.40999984741211,131.03562927246094,58.0833740234375,150.74411010742188,16.989999771118164
2026-05-04,276.3368225097656,272.04998779296875,51.65667724609375,188.8863983154297,414.7099914550781,382.7751770019531,894.923583984375,77.8703384399414,221.82395935058594,306.270263671875,609.3638916015625,411.9505615234375,198.02734375,25.428085327148438,714.3909912109375,83.32129669189453,392.510009765625,27.479999542236328,129.77108764648438,58.6163444519043,151.67176818847656,18.290000915527344
2026-05-05,283.67376708984375,273.54998779296875,52.57717514038086,189.24005126953125,418.2699890136719,387.9487609863281,910.3992309570312,77.98743438720703,223.15966796875,308.0124206542969,603.9232177734375,409.7196350097656,196.05186462402344,25.5731143951416,720.1220092773438,83.78223419189453,389.3699951171875,27.5,130.22909545898438,58.67556381225586,152.8461456298828,17.3799991607666
2026-05-06,286.99786376953125,274.989990234375,53.052268981933594,181.89207458496094,430.9599914550781,397.546875,928.6886596679688,78.22162628173828,222.23951721191406,313.4877624511719,611.8296508789062,412.2891845703125,207.3560333251953,25.650461196899414,730.1312866210938,84.4197006225586,398.7300109863281,27.350000381469727,129.52215576171875,56.257476806640625,146.7374267578125,17.389999389648438
2026-05-07,286.927978515625,271.1700134277344,52.21095657348633,179.2790069580078,431.67999267578125,397.4969177246094,917.3147583007812,77.92888641357422,220.15185546875,304.8964538574219,615.7528686523438,419.07171630859375,211.01766967773438,25.60211753845215,727.8926391601562,83.99800109863281,411.7900085449219,27.40999984741211,129.64163208007812,55.221153259277344,144.65513610839844,17.079999923706055
2026-05-08,292.7974853515625,272.67999267578125,50.78567123413086,178.41455078125,433.7699890136719,400.3034362792969,927.8267211914062,78.20210266113281,218.9744873046875,300.74517822265625,608.585205078125,413.44451904296875,214.709228515625,25.238479614257812,733.9021606445312,84.4197006225586,428.3500061035156,27.34000015258789,130.1184844970703,54.97441482543945,142.67153930664062,17.190000534057617
2026-05-11,292.42779541015625,268.989990234375,50.0334358215332,181.4794921875,434.6499938964844,388.15850830078125,936.1292114257812,78.04598236083984,219.08331298828125,298.6545715332031,597.8336791992188,410.99444580078125,218.93955993652344,25.36624526977539,735.5736694335938,83.90972900390625,445.0,27.350000381469727,127.28527069091797,56.425262451171875,147.7144317626953,18.3799991607666
2026-05-12,294.54595947265625,265.82000732421875,50.261085510253906,182.66812133789062,432.92999267578125,386.8701171875,937.15966796875,77.93864440917969,221.88333129882812,303.5126953125,601.9666137695312,406.1241760253906,220.27650451660156,25.425214767456055,734.4593505859375,83.3507308959961,433.45001220703125,27.450000762939453,130.0386962890625,56.82005310058594,148.65196228027344,17.989999771118164
2026-05-13,298.6124572753906,270.1300048828125,49.33069610595703,182.71725463867188,430.5,402.1211853027344,946.5916748046875,77.9776840209961,227.97804260253906,298.9034729003906,615.5732421875,403.57452392578125,225.3149871826172,25.5136661529541,738.5685424804688,83.16439056396484,445.2699890136719,27.510000228881836,131.156005859375,56.8792724609375,149.57962036132812,17.8700008392334
2026-05-14,297.9530334472656,267.2200012207031,49.3405876159668,183.345947265625,427.2099914550781,400.5731201171875,960.006591796875,77.91912841796875,228.35401916503906,298.56500244140625,617.3701171875,407.7774963378906,235.202392578125,25.307275772094727,744.3989868164062,83.28207397460938,443.29998779296875,27.6200008392334,132.14364624023438,57.31353759765625,150.77371215820312,17.260000228881836
2026-05-15,299.9713134765625,264.1400146484375,49.261409759521484,187.72723388671875,417.2900085449219,396.2884216308594,939.7058715820312,77.53855895996094,224.307373046875,296.4743957519531,613.1773681640625,420.2170715332031,224.80615234375,24.89449691772461,735.4443969726562,82.04637145996094,422.239990234375,27.770000457763672,131.1360626220703,58.665687561035156,156.90402221679688,18.43000030517578
2026-05-18,297.5833435058594,264.8599853515625,50.17200469970703,192.65863037109375,418.42999267578125,396.4482421875,937.6154174804688,77.61663055419922,226.4939422607422,299.3813171386719,610.1625366210938,421.83056640625,221.81300354003906,24.89449691772461,734.927001953125,81.94830322265625,409.989990234375,27.700000762939453,133.02154541015625,59.79084396362305,159.45748901367188,17.81999969482422
2026-05-19,298.7123718261719,259.3399963378906,50.18190383911133,195.54345703125,411.5,387.1797180175781,920.1582641601562,77.43121337890625,227.56248474121094,294.3738708496094,601.5772705078125,415.7352600097656,220.1068878173828,25.21882438659668,730.0317993164062,81.4187240600586,404.1099853515625,27.790000915527344,133.87948608398438,60.49159240722656,161.50424194335938,18.059999465942383
2026-05-20,301.98956298828125,265.010009765625,50.70648956298828,189.6746826171875,417.3999938964844,388.4281921386719,973.0449829101562,77.92888641357422,226.88970947265625,300.625732421875,604.0230712890625,419.36053466796875,222.9603729248047,25.346590042114258,737.5138549804688,82.29155731201172,417.260009765625,27.729999542236328,130.53749084472656,59.02100372314453,155.27456665039062,17.440000534057617
2026-05-21,304.7271728515625,268.4599914550781,50.96383285522461,189.35743713378906,416.989990234375,387.1797180175781,979.0390625,77.96792602539062,229.27415466308594,301.6411437988281,606.3390502929688,418.3025207519531,219.0093994140625,25.50383949279785,738.9764404296875,82.59557342529297,417.8500061035156,27.729999542236328,121.05020141601562,58.35973358154297,154.2909393310547,16.760000228881836
2026-05-22,308.55389404296875,266.32000732421875,51.270660400390625,189.7738037109375,413.82000732421875,382.49554443359375,987.52001953125,77.9776840209961,231.85650634765625,305.0059814453125,609.2141723632812,417.7835388183594,214.83892822265625,25.454696655273438,741.8817749023438,83.04669952392578,426.010009765625,27.770000457763672,119.98275756835938,58.71504211425781,153.92332458496094,16.700000762939453
2026-05-25,,,,,,,,,,,,,,,,,,,,,,16.59000015258789
2026-05-26,308.0643005371094,265.2900085449219,51.66657638549805,183.11195373535156,414.0,388.398193359375,985.3304443359375,78.24114227294922,229.0503387451172,305.3643493652344,611.2905883789062,415.248291015625,214.37001037597656,25.40555763244629,746.8068237304688,83.4585952758789,433.5899963378906,27.75,118.28681945800781,57.09640121459961,148.84619140625,17.010000228881836
2026-05-27,310.5821533203125,271.8500061035156,50.577816009521484,180.82192993164062,408.489990234375,388.3482360839844,987.2623291015625,78.19234466552734,230.15489196777344,297.93780517578125,634.1713256835938,411.8946228027344,212.1151580810547,25.759366989135742,746.677490234375,83.65474700927734,440.3599853515625,27.75,118.25688934326172,56.24760818481445,146.948486328125,16.290000915527344
2026-05-28,312.24072265625,274.0,50.251190185546875,181.4464874267578,412.7699890136719,389.64666748046875,999.0524291992188,78.2899398803711,229.66729736328125,295.3992614746094,634.2012329101562,426.18768310546875,213.7613983154297,25.690570831298828,750.7965698242188,84.08625793457031,442.1000061035156,27.700000762939453,118.61603546142578,56.208126068115234,146.01454162597656,15.739999771118164
2026-05-29,311.7911071777344,270.6400146484375,51.07270812988281,180.8814239501953,417.1199951171875,379.8687744140625,1016.0836181640625,78.36799621582031,224.22413635253906,297.9676818847656,631.426025390625,449.3940124511719,210.6584930419922,25.729883193969727,752.6671142578125,84.10588073730469,435.7900085449219,27.65999984741211,115.47355651855469,55.55672836303711,144.32546997070312,15.319999694824219
2026-06-01,306.0460510253906,261.260009765625,50.98362350463867,184.22225952148438,411.260009765625,375.9037170410156,1043.469482421875,78.30816650390625,222.41307067871094,295.2499084472656,599.4408569335938,459.6546936035156,223.8483428955078,25.18933868408203,754.7167358398438,84.15116119384766,415.8800048828125,27.760000228881836,114.32630157470703,56.553565979003906,148.41897583007812,16.049999237060547
2026-06-02,314.92840576171875,256.5199890136719,51.94371795654297,185.92738342285156,411.95001220703125,361.4017028808594,1059.3914794921875,78.36702728271484,221.79611206054688,299.6102600097656,596.6057739257812,440.48077392578125,222.3118438720703,25.110713958740234,755.7415771484375,84.3283920288086,423.739990234375,27.760000228881836,112.78997802734375,57.20497131347656,148.59780883789062,15.770000457763672
2026-06-03,309.9926452636719,250.02000427246094,51.864532470703125,188.06869506835938,407.8699951171875,358.54522705078125,1035.9462890625,78.1512451171875,222.1444091796875,299.50079345703125,621.912353515625,426.53704833984375,214.26025390625,24.904325485229492,750.4384155273438,83.9936294555664,423.70001220703125,27.860000610351562,116.61083221435547,57.94519805908203,151.5487060546875,16.059999465942383
2026-06-04,310.9618225097656,253.7899932861328,53.6164436340332,186.720458984375,411.2699890136719,371.7289123535156,1087.284912109375,78.2983627319336,227.05020141601562,309.4957580566406,626.4944458007812,427.2456970214844,218.4156036376953,25.248308181762695,753.2740478515625,84.18070220947266,418.45001220703125,27.84000015258789,117.45880126953125,57.98468017578125,151.0618438720703,15.399999618530273
2026-06-05,307.0751647949219,246.02999877929688,53.5567512512207,185.689453125,396.239990234375,368.07342529296875,1033.6177978515625,77.90604400634766,231.6276397705078,310.9691162109375,591.9837646484375,415.8870849609375,204.87075805664062,25.5922908782959,733.83251953125,83.74748229980469,391.0,28.020000457763672,118.59607696533203,56.91874694824219,148.9554901123047,21.510000228881836
2026-06-08,301.2801818847656,245.22000122070312,53.357765197753906,187.60276794433594,397.2699890136719,363.0766296386719,1039.906982421875,78.0139389038086,231.0206298828125,309.7147521972656,584.3867797851562,410.9663391113281,208.40679931640625,25.17951202392578,735.4940795898438,83.31427764892578,408.95001220703125,28.030000686645508,119.54381561279297,57.570152282714844,150.77371215820312,18.920000076293945
2026-06-09,290.29962158203125,244.19000244140625,54.14375305175781,185.1442108154297,390.7799987792969,364.0260314941406,1026.980224609375,78.0923843383789,235.8368682861328,311.2976379394531,583.588134765625,402.6520080566406,207.95730590820312,25.258136749267578,733.3350219726562,83.80656433105469,396.67999267578125,28.010000228881836,118.59607696533203,56.64239501953125,147.95199584960938,19.8700008392334
2026-06-10,291.3287353515625,238.0,54.263145446777344,188.1579132080078,374.5799865722656,356.1510925292969,996.409912109375,77.94526672363281,237.31956481933594,307.75360107421875,570.00146484375,396.61334228515625,200.19598388671875,25.15985679626465,721.7736206054688,83.57026672363281,381.5899963378906,28.049999237060547,120.30199432373047,57.49119567871094,149.65098571777344,22.219999313354492
2026-06-11,295.375244140625,241.50999450683594,54.87999725341797,184.2123565673828,386.32000732421875,357.5401611328125,1030.592529296875,78.40626525878906,237.16033935546875,312.0840759277344,567.455810546875,389.6065673828125,204.64100646972656,25.720056533813477,734.04150390625,84.65328979492188,399.1499938964844,27.950000762939453,120.21221160888672,56.375911712646484,145.6568603515625,19.440000534057617
2026-06-12,290.879150390625,238.5500030517578,55.735633850097656,185.60023498535156,386.5400085449219,359.4489440917969,1057.5704345703125,78.40626525878906,239.6878662109375,319.28167724609375,566.0082397460938,390.00579833984375,204.96066284179688,25.759366989135742,738.0113525390625,84.446533203125,406.42999267578125,27.950000762939453,120.75092315673828,56.80031204223633,146.064208984375,17.68000030517578
2026-06-15,296.1645812988281,246.02000427246094,55.58639144897461,178.8392333984375,396.54998779296875,369.1127624511719,1070.925048828125,78.50433349609375,234.50344848632812,317.96759033203125,593.011962890625,399.0088806152344,212.21253967285156,25.552978515625,751.0254516601562,84.39730834960938,411.1499938964844,27.969999313354492,120.53144836425781,54.82636642456055,140.01339721679688,16.200000762939453
2026-06-16,298.9821472167969,246.0,56.55147171020508,178.55174255371094,397.6300048828125,373.01025390625,1085.3543701171875,78.49452209472656,234.02578735351562,329.6549377441406,599.7366943359375,393.0899963378906,207.1781768798828,25.5922908782959,746.5481567382812,84.86006164550781,404.6600036621094,27.93000030517578,120.7409439086914,54.63883972167969,140.9473419189453,16.40999984741211
2026-06-17,295.6949768066406,237.5,56.2430419921875,176.04364013671875,388.6000061035156,363.55633544921875,1093.7830810546875,78.20028686523438,233.0506134033203,331.9645080566406,567.1324462890625,378.1980285644531,204.42124938964844,25.474353790283203,737.225341796875,84.9979019165039,396.3800048828125,28.18000030517578,117.84786987304688,53.957828521728516,139.8345489501953,18.440000534057617
2026-06-18,297.7532043457031,244.38999938964844,55.91471862792969,172.1278076171875,387.1199951171875,367.7935791015625,1091.2156982421875,78.47491455078125,227.2691192626953,323.761474609375,576.7647705078125,378.6871032714844,210.4545135498047,24.776559829711914,744.8902587890625,85.41141510009766,400.489990234375,28.299999237060547,116.90013885498047,53.06955337524414,136.92340087890625,16.399999618530273
2026-06-22,296.75408935546875,232.7899932861328,57.07877731323242,173.54544067382812,384.5899963378906,349.45538330078125,1100.977783203125,78.40626525878906,230.15489196777344,329.993408203125,563.4053344726562,366.6497802734375,208.41677856445312,24.64879608154297,742.546142578125,84.7615966796875,405.04998779296875,28.360000610351562,116.90013885498047,53.74056625366211,137.57916259765625,17.280000686645508
2026-06-23,294.04638671875,234.11000061035156,57.61603927612305,174.4574737548828,377.32000732421875,345.90765380859375,1089.10595703125,78.33759307861328,237.9066619873047,332.6414794921875,561.7566528320312,373.23736572265625,199.81640625,24.294984817504883,731.7628784179688,84.8698959350586,381.6099853515625,28.450000762939453,119.1347885131836,54.13819885253906,138.83103942871094,19.489999771118164
2026-06-24,292.8274230957031,234.27000427246094,57.43695068359375,169.9666748046875,365.9200134277344,345.0682067871094,1071.6614990234375,78.31797790527344,239.81723022460938,331.95458984375,557.230224609375,364.7733154296875,198.77757263183594,23.626678466796875,731.4237060546875,86.03169250488281,375.5299987792969,28.530000686645508,118.71578979492188,53.25345993041992,136.01925659179688,18.6299991607666
2026-06-25,274.91290283203125,227.00999450683594,57.894615173339844,170.74984741210938,369.4599914550781,343.48919677734375,1059.89892578125,78.34739685058594,243.67820739746094,333.6170654296875,542.44189453125,352.1670227050781,195.52122497558594,23.263038635253906,732.4810791015625,86.00215148925781,375.1199951171875,28.479999542236328,115.50347900390625,53.7703857421875,136.66506958007812,18.889999389648438
2026-06-26,283.53546142578125,232.69000244140625,57.5861930847168,169.58004760742188,373.6300048828125,337.17327880859375,1014.6406860351562,78.2983627319336,253.4102020263672,327.57427978515625,549.8161010742188,372.2691955566406,192.31480407714844,23.872379302978516,727.1842651367188,86.01200103759766,379.7099914550781,28.459999084472656,115.41370391845703,53.52186584472656,135.66156005859375,18.40999984741211
2026-06-29,281.4972229003906,240.13999938964844,57.5861930847168,167.012451171875,368.5799865722656,353.4228210449219,1015.23779296875,78.47491455078125,257.2413024902344,327.91278076171875,562.1563110351562,367.8774719238281,194.7520751953125,23.951004028320312,739.1644897460938,86.1006088256836,411.8399963378906,28.3700008392334,114.32630157470703,53.26340103149414,135.18466186523438,17.649999618530273
2026-06-30,289.11065673828125,238.33999633789062,56.690757751464844,164.32589721679688,368.3800048828125,357.14044189453125,1006.4408569335938,78.43568420410156,252.7235870361328,325.86199951171875,562.8457641601562,372.319091796875,199.86634826660156,23.66598892211914,744.9202270507812,85.08650207519531,420.6000061035156,28.40999984741211,112.989501953125,52.79617691040039,135.8404083251953,16.450000762939453
2026-07-01,294.1263427734375,241.6999969482422,58.06375503540039,164.25650024414062,370.6000061035156,360.97796630859375,1014.6406860351562,78.42483520507812,252.73353576660156,332.5718078613281,612.4266357421875,383.5579528808594,197.35916137695312,23.46942710876465,743.9127197265625,84.51136016845703,425.29998779296875,28.489999771118164,108.56010437011719,52.49795150756836,135.4032440185547,16.59000015258789
2026-07-02,308.3640441894531,242.6699981689453,58.43187713623047,167.7361297607422,378.1300048828125,359.6788024902344,1016.02392578125,78.54307556152344,261.74908447265625,332.9700012207031,582.4403686523438,389.7562561035156,194.61224365234375,23.90186309814453,742.9351806640625,84.5014877319336,393.45001220703125,28.34000015258789,111.57289123535156,52.9055290222168,136.20802307128906,16.149999618530273
2026-07-06,312.3905944824219,244.16000366210938,59.59593963623047,166.64566040039062,382.1300048828125,366.2245788574219,1050.1468505859375,78.70073699951172,258.0572509765625,337.7200012207031,599.8165893554688,386.0133056640625,195.33143615722656,23.312177658081055,749.4190673828125,84.44218444824219,419.7699890136719,28.31999969482422,110.38573455810547,52.81605911254883,135.5622100830078,15.569999694824219
2026-07-07,310.3923034667969,245.97999572753906,59.5561408996582,172.5045166015625,377.489990234375,366.7942199707031,1037.896728515625,78.59234619140625,265.9284362792969,339.2200012207031,615.0946044921875,388.109375,196.7098846435547,23.656160354614258,745.85791015625,83.55281829833984,402.8999938964844,28.399999618530273,111.27361297607422,54.317134857177734,140.7784423828125,16.1299991607666
2026-07-08,313.1199645996094,243.6199951171875,58.004058837890625,174.44757080078125,374.45001220703125,361.6875305175781,1024.621826171875,78.49382019042969,262.1072998046875,330.6199951171875,602.6444091796875,382.6197204589844,203.891845703125,23.636505126953125,743.5536499023438,83.36505126953125,394.05999755859375,28.360000610351562,112.82987976074219,55.271461486816406,140.2220458984375,16.899999618530273
2026-07-09,315.947509765625,247.0399932861328,58.94923782348633,172.54417419433594,378.17999267578125,358.65948486328125,1050.823486328125,78.5824966430664,257.8283996582031,335.4700012207031,630.9819946289062,383.6377868652344,202.5533447265625,23.833066940307617,749.8480224609375,83.49351501464844,406.54998779296875,28.360000610351562,111.94200897216797,54.49607467651367,136.57565307617188,15.84000015258789
2026-07-10,315.0483093261719,245.33999633789062,59.367103576660156,174.87384033203125,377.010009765625,356.9505615234375,1050.037353515625,78.54307556152344,255.7188262939453,336.4700012207031,668.6823120117188,384.37640380859375,210.72421264648438,23.75444221496582,753.0799560546875,83.4737548828125,407.760009765625,28.389999389648438,113.62797546386719,54.754539489746094,137.9865264892578,15.029999732971191
2026-07-13,317.03656005859375,247.30999755859375,59.197967529296875,180.6236572265625,367.1300048828125,352.2835693359375,1040.8125,78.3558578491211,256.5049133300781,334.5299987792969,656.2120971679688,390.2553405761719,203.30250549316406,24.059110641479492,747.3142700195312,82.97965240478516,394.760009765625,28.5,114.50586700439453,56.40473175048828,143.58029174804688,17.15999984741211
2026-07-14,314.58868408203125,247.49000549316406,60.31228256225586,180.18746948242188,372.1499938964844,359.2790832519531,1134.4439697265625,78.5135269165039,252.60418701171875,342.8900146484375,660.5186767578125,384.20672607421875,211.5632781982422,23.833066940307617,749.9677124023438,83.0883560180664,396.17999267578125,28.389999389648438,113.4284439086914,56.613487243652344,144.15655517578125,16.5
2026-07-15,327.2178039550781,254.9600067138672,61.27735900878906,180.02886962890625,372.3500061035156,370.6817626953125,1146.455078125,78.64161682128906,245.8076934814453,346.9100036621094,680.7727661132812,394.8866271972656,212.26248168945312,24.393266677856445,752.9403076171875,83.24646759033203,394.4599914550781,28.25,112.26124572753906,56.16614532470703,143.58029174804688,15.670000076293945
2026-07-16,332.97283935546875,249.88999938964844,61.1778678894043,182.26930236816406,364.9599914550781,354.2322998046875,1090.1209716796875,78.63176727294922,248.7432098388672,343.1499938964844,664.0159301757812,400.3463439941406,207.16818237304688,24.707763671875,748.8604125976562,83.2168197631836,391.05999755859375,28.34000015258789,114.67546081542969,56.683074951171875,145.0110321044922,16.729999542236328
2026-07-17,333.452392578125,247.22999572753906,60.958984375,185.75885009765625,368.4100036621094,346.5472412109375,1060.0283203125,78.48396301269531,251.7981414794922,341.1000061035156,645.5006103515625,393.08001708984375,202.58331298828125,24.61931037902832,741.4487915039062,83.52316284179688,380.8399963378906,28.329999923706055,113.96715545654297,57.339176177978516,146.41195678710938,18.770000457763672
2026-07-20,326.3085632324219,249.99000549316406,60.11329650878906,188.06869506835938,367.6000061035156,351.7638854980469,1049.8880615234375,78.5135269165039,247.59886169433594,338.8699951171875,645.3406982421875,401.53411865234375,203.05279541015625,24.32447052001953,740.2518310546875,82.90058898925781,369.57000732421875,28.389999389648438,111.9320297241211,57.59763717651367,147.40553283691406,18.649999618530273
2026-07-21,327.45758056640625,247.5500030517578,60.909236907958984,189.41693115234375,374.80999755859375,346.927001953125,1080.269287109375,78.48396301269531,249.3800811767578,345.2300109863281,643.3023071289062,397.00262451171875,207.0583038330078,24.51120376586914,746.426513671875,82.67330932617188,378.92999267578125,28.479999542236328,110.12635803222656,58.154327392578125,150.73397827148438,17.049999237060547
2026-07-22,325.60919189453125,244.85000610351562,61.30720520019531,191.31039428710938,379.1199951171875,341.8702392578125,1092.84765625,78.3558578491211,254.3754425048828,348.2099914550781,626.6754150390625,389.6065673828125,211.82298278808594,24.393266677856445,745.55859375,82.45590209960938,374.010009765625,28.450000762939453,109.06888580322266,58.85019302368164,153.4563446044922,16.639999389648438
2026-07-23,321.3828430175781,233.66000366210938,60.968929290771484,192.73794555664062,371.5199890136719,317.4859313964844,1069.4820556640625,78.07011413574219,257.99755859375,349.8999938964844,605.6220092773438,380.8630065917969,208.5266571044922,24.579999923706055,736.3515014648438,82.18907928466797,319.69000244140625,28.559999465942383,108.14111328125,59.02912902832031,155.88064575195312,18.700000762939453
2026-07-24,332.7330322265625,232.11000061035156,61.735023498535156,193.104736328125,371.8999938964844,319.53460693359375,1056.057861328125,78.07011413574219,262.1072998046875,353.2099914550781,594.7206420898438,380.9828186035156,206.6088104248047,24.540000915527344,737.099609375,82.26813507080078,313.0299987792969,28.579999923706055,109.20855712890625,59.2677116394043,155.93032836914062,18.579999923706055
2026-07-27,336.61968994140625,231.38999938964844,61.81461715698242,188.35618591308594,374.6300048828125,326.3502197265625,1043.1212158203125,78.1095199584961,264.6448059082031,356.20001220703125,593.4016723632812,388.368896484375,196.2903594970703,24.670000076293945,737.25927734375,82.76224517822266,309.2200012207031,28.600000381469727,111.47312927246094,58.01515579223633,153.7742919921875,18.670000076293945
2026-07-28,339.78692626953125,230.86000061035156,62.302127838134766,185.95712280273438,369.3699951171875,333.4956359863281,1028.3037109375,78.25732421875,265.42095947265625,357.30999755859375,592.9420166015625,392.61090087890625,196.789794921875,25.25,739.0248413085938,83.24646759033203,307.44000244140625,28.579999923706055,112.82987976074219,57.22982406616211,152.055419921875,18.209999084472656
2026-07-29,337.8985900878906,226.64999389648438,60.7599983215332,190.20008850097656,371.0799865722656,336.49371337890625,975.9700927734375,78.0799560546875,264.2268371582031,344.7099914550781,585.148193359375,389.8061828613281,189.79762268066406,25.149999618530273,727.6531372070312,81.87285614013672,298.32000732421875,28.420000076293945,113.94721221923828,58.303443908691406,155.74154663085938,20.65999984741211
2026-07-30,333.1426696777344,235.5,61.416648864746094,190.6461944580078,377.1600036621094,333.4456787109375,1019.8650512695312,78.30658721923828,254.56451416015625,350.8500061035156,538.60498046875,450.2524108886719,194.82199096679688,24.90999984741211,739.852783203125,81.82344818115234,308.8500061035156,28.139999389648438,110.83465576171875,58.611610412597656,155.96014404296875,17.09000015258789
2026-07-31,308.6438293457031,271.5799865722656,61.63553237915039,195.12709045410156,371.5400085449219,355.9012451171875,1013.4166870117188,78.31645202636719,255.09190368652344,351.7900085449219,556.27099609375,463.8468017578125,200.52561950683594,25.010000228881836,745.1796264648438,81.2799301147461,311.2099914550781,28.170000076293945,110.93441772460938,59.198123931884766,154.4399871826172,15.989999771118164
2026-08-03,303.1585693359375,284.0199890136719,62.162841796875,191.5086669921875,371.7099914550781,373.27008056640625,1022.054443359375,78.52833557128906,253.1614227294922,352.6400146484375,589.7745361328125,486.73370361328125,206.40904235839844,25.030000686645508,755.793212890625,81.5478286743164,322.0799865722656,28.170000076293945,110.44558715820312,58.4426155090332,154.0624237060547,15.859999656677246
2026-08-04,309.1134033203125,277.4200134277344,62.580711364746094,188.75271606445312,374.1600036621094,377.40740966796875,1047.8480224609375,78.76597595214844,253.67886352539062,357.5199890136719,587.4763793945312,491.884033203125,211.70310974121094,25.40999984741211,769.4193725585938,82.17290496826172,327.3500061035156,28.15999984741211,111.28358459472656,58.17420959472656,152.96951293945312,16.5
2026-08-05,310.7320251464844,272.6499938964844,62.928932189941406,184.7972412109375,389.6400146484375,362.1971740722656,1055.2119140625,78.73626708984375,256.3258056640625,359.239990234375,588.3057250976562,486.5440673828125,218.9749755859375,25.809999465942383,767.8831787109375,82.35149383544922,321.54998779296875,28.09000015258789,112.07169342041016,56.97136306762695,150.6544952392578,15.8100004196167
2026-08-06,312.14080810546875,272.260009765625,62.68020248413086,187.59283447265625,389.6700134277344,357.52020263671875,1027.54736328125,78.6768569946289,255.7188262939453,356.29998779296875,589.4348754882812,498.9207458496094,218.7452392578125,26.200000762939453,766.65625,81.875244140625,319.5299987792969,28.190000534057617,111.8023452758789,57.81633758544922,153.84384155273438,15.149999618530273
2026-08-07,313.05999755859375,274.4800109863281,62.849334716796875,184.94593811035156,398.4700012207031,354.0723876953125,1034.543212890625,78.82538604736328,257.96771240234375,357.5199890136719,591.633056640625,499.0505065917969,223.70968627929688,26.760000228881836,771.3446044921875,82.11337280273438,328.5799865722656,28.06999969482422,111.58287048339844,57.16023635864258,152.055419921875,14.899999618530273
2026-08-10,308.260009765625,278.0899963378906,63.53583526611328,193.2237091064453,402.5400085449219,357.29034423828125,1029.468017578125,78.69667053222656,260.5251159667969,359.7900085449219,594.4508666992188,505.109130859375,217.3068389892578,27.049999237060547,771.1151733398438,81.41883850097656,330.8800048828125,28.139999389648438,112.39093780517578,59.82440185546875,158.76199340820312,15.460000038146973
2026-08-11,304.9100036621094,272.2699890136719,63.67512512207031,194.9585723876953,400.9599914550781,343.5791320800781,1029.3685302734375,78.72637176513672,258.52496337890625,362.0400085449219,598.6475219726562,502.86334228515625,217.25689697265625,26.6200008392334,768.6513061523438,81.5478286743164,332.80999755859375,28.139999389648438,112.989501953125,60.569969177246094,158.7719268798828,15.279999732971191
2026-08-12,302.25,267.2799987792969,64.48101043701172,194.8990936279297,404.9200134277344,343.3193359375,1032.1549072265625,78.82538604736328,259.5797424316406,365.17999267578125,578.3934936523438,491.5047302246094,223.8395233154297,26.309999465942383,770.5764770507812,81.46845245361328,327.510009765625,28.200000762939453,115.7329330444336,60.669376373291016,158.7222442626953,14.550000190734863
2026-08-13,305.260009765625,265.1300048828125,63.76466369628906,195.98956298828125,398.9599914550781,346.13751220703125,1037.5484619140625,79.00361633300781,260.79376220703125,363.1099853515625,594.5007934570312,495.9463806152344,225.04818725585938,26.799999237060547,775.9531860351562,81.94469451904297,339.9599914550781,28.18000030517578,115.4436264038086,60.69920349121094,157.58958435058594,14.630000114440918
2026-08-14,305.92999267578125,262.6499938964844,64.16263580322266,198.26966857910156,401.4800109863281,345.67779541015625,1034.3541259765625,78.92440032958984,259.072265625,362.8399963378906,589.3848266601562,494.4691467285156,224.90834045410156,26.790000915527344,774.4169921875,81.39899444580078,342.2699890136719,28.110000610351562,114.99469757080078,61.5441780090332,159.07000732421875,14.25
2026-08-17,305.5899963378906,261.30999755859375,63.56568145751953,200.94630432128906,405.489990234375,343.7790222167969,1046.186279296875,78.82538604736328,261.0823669433594,360.9599914550781,568.5213012695312,479.44744873046875,224.7584991455078,26.8700008392334,770.7560424804688,80.71439361572266,339.29998779296875,28.100000381469727,114.05694580078125,62.21022415161133,161.4600067138672,15.1899995803833
2026-08-18,310.0299987792969,259.45001220703125,63.903961181640625,203.9600067138672,398.54998779296875,343.9789123535156,1035.39892578125,78.74617767333984,269.7794494628906,363.25,543.2412719726562,480.72503662109375,219.49440002441406,27.25,765.5490112304688,81.02197265625,336.8699951171875,28.139999389648438,114.92486572265625,63.3037223815918,165.55999755859375,15.84000015258789
2026-08-19,316.8299865722656,265.8399963378906,62.849334716796875,205.75999450683594,413.8399963378906,344.4985656738281,1016.6707763671875,78.92440032958984,272.06817626953125,357.260009765625,545.5994262695312,483.3999938964844,217.31683349609375,28.239999771118164,767.1549682617188,82.371337890625,351.1199951171875,27.8799991607666,114.02702331542969,63.204315185546875,164.77000427246094,14.890000343322754
2026-08-20,311.29998779296875,260.1099853515625,61.545989990234375,205.77000427246094,415.260009765625,340.451171875,997.0667724609375,78.77587127685547,266.0578308105469,351.54998779296875,545.3995971679688,481.1499938964844,216.60763549804688,27.790000915527344,760.7109985351562,81.69664764404297,345.1300048828125,27.90999984741211,103.59199523925781,63.37330627441406,166.14999389648438,16.010000228881836
2026-08-21,309.3500061035156,258.6300048828125,61.37685012817383,205.27000427246094,423.3599853515625,344.5985107421875,1034.21484375,78.82538604736328,268.9137268066406,351.5799865722656,549.4663696289062,483.239990234375,214.48001098632812,28.06999969482422,763.8232421875,81.40892028808594,362.8599853515625,27.899999618530273,103.69999694824219,63.26395797729492,165.11000061035156,15.130000114440918
2026-08-24,310.3399963378906,262.07000732421875,62.01360321044922,203.08999633789062,426.69000244140625,347.83642578125,1031.2294921875,78.91449737548828,271.70001220703125,356.3900146484375,558.5792236328125,487.30999755859375,208.24697875976562,27.969999313354492,761.5787963867188,81.91493225097656,348.95001220703125,27.959999084472656,106.48999786376953,62.737091064453125,164.0500030517578,15.850000381469727
2026-08-25,309.8999938964844,261.05999755859375,62.113094329833984,199.88999938964844,428.07000732421875,346.73712158203125,1053.71923828125,79.13232421875,273.1400146484375,356.69000244140625,569.6004638671875,491.7099914550781,212.81187438964844,28.56999969482422,764.0127563476562,82.81782531738281,350.25,27.940000534057617,105.37999725341797,61.693294525146484,160.63999938964844,15.449999809265137
2026-08-26,313.45001220703125,260.2799987792969,61.91410827636719,200.2100067138672,421.32000732421875,341.7803039550781,1035.3890380859375,79.1125259399414,270.0,356.5,575.6856689453125,496.3699951171875,209.4256591796875,28.299999237060547,764.182373046875,82.64915466308594,345.82000732421875,28.020000457763672,104.33999633789062,62.06110763549805,158.19000244140625,15.210000038146973
2026-08-27,314.5799865722656,256.260009765625,60.85948944091797,199.77000427246094,422.6000061035156,340.4311828613281,1035.7969970703125,79.08282470703125,265.7699890136719,354.2200012207031,570.6495971679688,505.05999755859375,227.7251739501953,28.020000457763672,769.18994140625,82.48047637939453,354.80999755859375,28.020000457763672,102.62999725341797,61.92193603515625,156.44000244140625,14.510000228881836
2026-08-28,319.70001220703125,266.42999267578125,62.00365447998047,201.86000061035156,408.8900146484375,346.36737060546875,1028.9505615234375,78.9541015625,268.0400085449219,357.6199951171875,577.564208984375,513.530029296875,217.3068389892578,27.959999084472656,767.4442749023438,82.23242950439453,348.75,28.18000030517578,103.08999633789062,62.30963134765625,156.7100067138672,14.430000305175781
2026-08-31,316.8500061035156,259.7699890136719,61.625579833984375,206.13999938964844,408.4200134277344,339.13201904296875,1020.9000244140625,79.02340698242188,265.8500061035156,356.0199890136719,571.888671875,507.2900085449219,220.53323364257812,28.459999084472656,765.1499633789062,81.875244140625,367.95001220703125,28.1200008392334,104.87000274658203,63.58206558227539,160.9499969482422,14.920000076293945
2026-09-01,325.1300048828125,254.9199981689453,61.675331115722656,211.0500030517578,396.75,334.8047790527344,1002.5599975585938,78.74962615966797,271.19000244140625,354.95001220703125,578.083740234375,501.0199890136719,217.1969757080078,28.549999237060547,759.89306640625,81.54159545898438,356.0899963378906,28.209999084472656,105.91999816894531,64.38727569580078,164.5500030517578,16.34000015258789
2026-09-02,324.9599914550781,254.97999572753906,62.282230377197266,211.77999877929688,402.7799987792969,336.9034423828125,1004.4199829101562,78.75958251953125,275.2099914550781,356.2200012207031,592.3824462890625,496.82000732421875,224.1591796875,29.020000457763672,763.2646484375,81.62126922607422,357.010009765625,28.170000076293945,106.08999633789062,64.71533203125,164.14999389648438,15.199999809265137
2026-09-03,328.2099914550781,258.8999938964844,62.71999740600586,211.32000732421875,410.2200012207031,342.260009765625,1037.9300537109375,78.85913848876953,278.42999267578125,362.05999755859375,610.1984252929688,510.1199951171875,228.1946563720703,28.809999465942383,771.2548217773438,81.74079132080078,376.3699951171875,28.010000228881836,108.41999816894531,64.23816680908203,162.2100067138672,14.319999694824219
2026-09-04,319.9700012207031,258.510009765625,62.68000030517578,208.60000610351562,406.7699890136719,338.4599914550781,1038.6099853515625,78.80936431884766,275.2300109863281,358.6400146484375,616.2836303710938,499.70001220703125,230.10252380371094,28.450000762939453,768.2822265625,81.8802261352539,354.0799865722656,28.079999923706055,107.13999938964844,63.68147277832031,159.47000122070312,14.529999732971191
2026-09-07,,,,,,,,,,,,,,,,,,,,,,15.300000190734863
2026-09-08,316.2200012207031,256.9700012207031,62.38999938964844,209.8000030517578,399.7200012207031,338.3599853515625,1036.530029296875,78.76954650878906,269.1199951171875,353.510009765625,612.9962158203125,493.95001220703125,225.47769165039062,27.790000915527344,764.0626831054688,81.8702621459961,368.1600036621094,27.989999771118164,106.05000305175781,64.38727569580078,160.66000366210938,15.720000267028809
2026-09-09,315.3399963378906,252.39999389648438,62.66999816894531,213.80999755859375,403.3500061035156,330.6499938964844,1028.780029296875,78.63016510009766,267.0799865722656,354.7099914550781,653.1744995117188,491.6499938964844,223.4199981689453,27.780000686645508,760.5115356445312,81.40216064453125,367.80999755859375,27.979999542236328,105.83000183105469,64.92408752441406,164.22999572753906,16.459999084472656
2026-09-10,326.57000732421875,251.88999938964844,62.560001373291016,212.75999450683594,396.3599853515625,332.6000061035156,1019.77001953125,78.27175903320312,266.3500061035156,353.55999755859375,643.8718872070312,492.44000244140625,218.36000061035156,27.649999618530273,755.9528198242188,80.45596313476562,363.55999755859375,28.030000686645508,105.7300033569336,64.54633331298828,165.22999572753906,17.84000015258789
2026-09-11,332.2699890136719,256.7799987792969,62.689998626708984,214.05999755859375,398.7699890136719,338.5,1029.1800537109375,78.25184631347656,265.5799865722656,356.2300109863281,647.51904296875,495.6300048828125,218.2899932861328,27.719999313354492,762.3967895507812,80.54560852050781,365.44000244140625,28.06999969482422,107.1500015258789,64.75509643554688,165.99000549316406,15.84000015258789
2026-09-14,333.0799865722656,253.5399932861328,59.470001220703125,212.1699981689453,392.8399963378906,349.3900146484375,988.4500122070312,78.1821517944336,266.32000732421875,350.1300048828125,665.0751342773438,505.4100036621094,210.9600067138672,27.719999313354492,758.9952392578125,80.60536193847656,358.9700012207031,28.170000076293945,109.08000183105469,64.14869689941406,165.0800018310547,17.100000381469727
2026-09-15,331.3399963378906,248.4199981689453,59.52000045776367,217.77000427246094,394.1499938964844,344.9800109863281,976.6699829101562,78.0328140258789,267.20001220703125,352.489990234375,669.7114868164062,497.1199951171875,212.1699981689453,27.549999237060547,755.513916015625,80.38624572753906,356.5799865722656,28.219999313354492,108.08999633789062,65.5404281616211,169.32000732421875,17.200000762939453
2026-09-16,332.4100036621094,245.9600067138672,57.900001525878906,211.5399932861328,391.739990234375,342.8699951171875,937.97998046875,78.07263946533203,267.2799987792969,348.9200134277344,672.779052734375,490.29998779296875,213.89999389648438,27.459999084472656,752.1821899414062,80.55555725097656,358.0799865722656,28.399999618530273,107.5,63.65165328979492,163.32000732421875,17.709999084472656
2026-09-17,337.0,251.19000244140625,58.18000030517578,211.57000732421875,398.3599853515625,347.3299865722656,951.469970703125,78.3713150024414,270.2200012207031,349.30999755859375,681.77197265625,497.75,219.33999633789062,27.639999389648438,760.7109985351562,81.45195007324219,366.20001220703125,28.3799991607666,106.79000091552734,64.0989990234375,163.27000427246094,15.4399995803833
2026-09-18,336.1300048828125,253.7100067138672,57.72999954223633,209.50999450683594,401.1700134277344,349.5400085449219,942.0,78.1821517944336,269.989990234375,349.6700134277344,665.2250366210938,493.7799987792969,222.27000427246094,27.65999984741211,761.6900024414062,80.92407989501953,364.2699890136719,28.389999389648438,106.7300033569336,63.929996490478516,163.5399932861328,14.8100004196167
2026-09-21,338.9800109863281,258.45001220703125,57.959999084472656,203.6699981689453,398.3800048828125,354.9700012207031,959.3900146484375,78.33148956298828,269.4700012207031,352.0400085449219,741.25,501.6099853515625,227.3800048828125,27.739999771118164,773.5,81.47187805175781,375.29998779296875,28.479999542236328,107.44000244140625,62.459999084472656,158.3000030517578,14.869999885559082
2026-09-22,339.75,254.97999572753906,56.20000076293945,202.41000366210938,400.07000732421875,351.1600036621094,949.489990234375,78.321533203125,269.19000244140625,340.0,736.5999755859375,498.0,228.8699951171875,27.93000030517578,773.3800048828125,81.42207336425781,378.8999938964844,28.479999542236328,110.12000274658203,61.779998779296875,158.7100067138672,14.210000038146973
2026-09-23,337.0199890136719,249.27000427246094,56.0,205.50999450683594,392.8800048828125,337.8299865722656,936.3599853515625,77.75405883789062,269.1700134277344,337.5299987792969,744.0999755859375,500.5899963378906,225.50999450683594,28.18000030517578,767.8099975585938,80.13724517822266,380.1199951171875,28.649999618530273,110.52999877929688,62.369998931884766,161.22999572753906,15.180000305175781
2026-09-24,335.9200134277344,249.3800048828125,56.029998779296875,205.64999389648438,391.69000244140625,342.3599853515625,923.2899780273438,77.54499053955078,270.67999267578125,338.55999755859375,777.5900268554688,497.92999267578125,224.5800018310547,28.40999984741211,767.1799926757812,79.1014175415039,377.94000244140625,28.690000534057617,107.58999633789062,62.599998474121094,162.13999938964844,15.670000076293945
2026-09-25,341.07000732421875,249.6699981689453,56.70000076293945,204.4499969482422,393.4100036621094,343.9200134277344,935.4500122070312,77.51512145996094,271.2200012207031,343.05999755859375,751.6599731445312,516.1699829101562,225.07000732421875,28.670000076293945,771.3499755859375,79.00182342529297,372.1099853515625,28.6200008392334,107.9800033569336,62.040000915527344,160.58999633789062,14.869999885559082
2026-09-28,338.3999938964844,246.14999389648438,55.470001220703125,206.3699951171875,377.9100036621094,342.75,916.280029296875,77.19654083251953,271.95001220703125,336.5899963378906,715.6199951171875,509.2200012207031,228.86000061035156,28.719999313354492,765.6099853515625,78.30463409423828,357.45001220703125,28.700000762939453,108.7300033569336,62.099998474121094,162.52000427246094,16.06999969482422
2026-09-29,329.3999938964844,246.6699981689453,54.959999084472656,204.3800048828125,382.8900146484375,340.9200134277344,916.239990234375,77.017333984375,267.57000732421875,334.9800109863281,738.7899780273438,508.9599914550781,227.2100067138672,28.719999313354492,764.2000122070312,77.91619873046875,352.8399963378906,28.75,106.80000305175781,61.540000915527344,161.35000610351562,16.040000915527344
2026-09-30,333.0199890136719,249.14999389648438,54.43000030517578,204.2100067138672,380.8399963378906,344.0799865722656,900.3599853515625,76.86800384521484,264.739990234375,330.8299865722656,725.1799926757812,512.9000244140625,228.3800048828125,28.520000457763672,762.6300048828125,77.4679946899414,354.80999755859375,28.770000457763672,103.91999816894531,61.5,162.75,16.34000015258789
2026-10-01,330.32000732421875,248.22999572753906,53.72999954223633,207.10000610351562,382.760009765625,338.239990234375,896.6699829101562,76.9000015258789,258.6600036621094,333.17999267578125,725.9299926757812,512.7999877929688,230.86000061035156,28.1200008392334,763.989990234375,77.70999908447266,354.1099853515625,28.959999084472656,104.26000213623047,62.70000076293945,163.82000732421875,16.389999389648438
2026-10-02,333.2349853515625,250.5050048828125,53.654998779296875,206.94000244140625,379.29998779296875,343.17498779296875,902.4317016601562,76.91500091552734,255.49000549316406,331.3241882324219,728.6300048828125,514.969970703125,234.4969940185547,27.520000457763672,768.9099731445312,77.41999816894531,371.0799865722656,28.93000030517578,104.09500122070312,62.810001373291016,164.13499450683594,15.600000381469727
