text,label,sentiment_label
$BYND - JPMorgan reels in expectations on Beyond Meat https://t.co/bd0xbFGjkT,0,Bearish
$CCL $RCL - Nomura points to bookings weakness at Carnival and Royal Caribbean https://t.co/yGjpT2ReD3,0,Bearish
"$CX - Cemex cut at Credit Suisse, J.P. Morgan on weak building outlook https://t.co/KN1g4AWFIb",0,Bearish
$ESS: BTIG Research cuts to Neutral https://t.co/MCyfTsXc2N,0,Bearish
$FNKO - Funko slides after Piper Jaffray PT cut https://t.co/z37IJmCQzB,0,Bearish
$FTI - TechnipFMC downgraded at Berenberg but called Top Pick at Deutsche Bank https://t.co/XKcPDilIuU,0,Bearish
$GM - GM loses a bull https://t.co/tdUfG5HbXy,0,Bearish
$GM: Deutsche Bank cuts to Hold https://t.co/7Fv1ZiFZBS,0,Bearish
$GTT: Cowen cuts to Market Perform,0,Bearish
$HNHAF $HNHPD $AAPL - Trendforce cuts iPhone estimate after Foxconn delay https://t.co/rlnEwzlzzS,0,Bearish
$HOG - Moody's warns on Harley-Davidson https://t.co/LurHBEadeU,0,Bearish
"$HXL - Citing aero ties, Wells slashes PT on Hexcel https://t.co/wU5P2i8WBU",0,Bearish
$I - Intelsat cut to Market Perform at Raymond James https://t.co/YsvsMSQRIb,0,Bearish
$KRG: Compass Point cuts to Sell https://t.co/MCyfTsXc2N,0,Bearish
$LK - Muddy Waters goes short Luckin Coffee https://t.co/8yrbwAjLKG,0,Bearish
$MANT - ManTech downgraded ahead of difficult comps https://t.co/mJ1eSrsFXJ,0,Bearish
$MDCO: Oppenheimer cuts to Perform,0,Bearish
$MPLX $MPC - MPLX cut at Credit Suisse on potential dilution from Marathon strategic review https://t.co/0BFQy4ZU6W,0,Bearish
$MSGN - Imperial downgrades MSG Networks amid sports-free airwaves https://t.co/Ul2S6XNXw8,0,Bearish
$MTLS - Piper hits the Materialise sidelines https://t.co/qlFxZuhkrt,0,Bearish
$NCBS: Hovde Group cuts to Market Perform,0,Bearish
$NFLX - New Netflix bear steps out https://t.co/PdPkgLk0FQ,0,Bearish
$SHOP - Shopify loses a bull https://t.co/eoq7Lchtk4,0,Bearish
$STAY - Nomura Instinet loses confidence in Extended Stay America https://t.co/WrQXTC38nB,0,Bearish
$TWLO - Twilio gets Street-low target on virus risk https://t.co/Ky3d8DxnjX,0,Bearish
$VCLT $SPLB $IGLB - Guggenheim's Minerd sees more gloom ahead in stocks https://t.co/NKYQgy2o3J,0,Bearish
$VIAC $VIACA $FOX - MoffettNathanson expects NFL TV costs to skyrocket https://t.co/APfxEqSSRF,0,Bearish
$VIAC: Barrington Research cuts to Mkt Perform https://t.co/7Fv1ZiFZBS,0,Bearish
$XLNX - Mizuho cuts XLNX target on near-term headwinds https://t.co/hsWCvJb1Ct,0,Bearish
2U downgraded to sector weight from overweight at KeyBanc Capital,0,Bearish
Alphabet and Facebook price targets cut at Barclays on weaker ad outlook https://t.co/PlbSaE1Nc2,0,Bearish
AMC Networks price target cut to $35 from $39 at Imperial Capital,0,Bearish
American Software downgraded to neutral from buy at B. Riley FBR,0,Bearish
Analysts question Silicon Motion's margin outlook,0,Bearish
Anchiano Therapeutics downgraded to peer perform from outperform at Oppenheimer,0,Bearish
Arch Coal stock price target cut to $97 from $100 at B. Riley FBR,0,Bearish
AT&T downgraded by MoffettNathanson to sell on concern wireless can't carry the whole company,0,Bearish
AT&T shares sink after MoffettNathanson downgrade,0,Bearish
"AT&T stock falls after MoffettNathanson downgrades, saying dividend looks less compelling",0,Bearish
Aurora Cannabis stock price target cut to C$1.00 from C$1.75 at Stifel Nicolaus,0,Bearish
Autodesk downgraded to underweight from neutral at JPMorgan,0,Bearish
BAML warns of profit pressure for Hormel,0,Bearish
Barclays cools on Molson Coors,0,Bearish
Becton Dickinson downgraded to outperform from strong buy at Raymond James,0,Bearish
Becton Dickinson downgraded to sector weight from overweight at KeyBanc Capital,0,Bearish
Berry Petroleum downgraded to market perform from outperform at BMO Capital,0,Bearish
Berry Petroleum downgraded to underweight from sector weight at KeyBanc Capital,0,Bearish
Bluebird bio downgraded to in line from outperform at Evercore ISI,0,Bearish
Bluebird bio stock price target cut to $86 from $172 at Evercore ISI,0,Bearish
Canada Goose downgraded to buy from strong buy at CFRA,0,Bearish
Canada Goose stock price target cut to $50 from $65 at CFRA,0,Bearish
Children's Place downgraded as e-commerce puts margins at risk,0,Bearish
Children's Place price target cut to $80 from $105 at Monness Crespi Hardt,0,Bearish
Cinedigm Corp. Analysts Are Cutting Their Estimates: Here's What You Need To Know,0,Bearish
Clovis Oncology stock price target cut to $8 from $12 at Evercore ISI,0,Bearish
Cumberland Pharmaceuticals stock price target cut to $9.00 from $12.25 at B. Riley FBR,0,Bearish
"Dell, HPE targets trimmed on compute headwinds",0,Bearish
Dish may not be key winner amid Intelsat woes - analyst,0,Bearish
Disney downgraded as analyst says parks attendance could take 2 years to 'normalize' https://t.co/InJKourtW3,0,Bearish
Downgrades 11/25: $AEO $COLM $DGII $EQT $ESS $EVRG $GTT $KRG $MANT $MDCO $NFLX $OMP $PEG $PRU $SBT $SITC $TAP $VIPS,0,Bearish
Downgrades 4/7: $MLND $MSGN $MTLS $O $OC $OVV $PEB $PK $PLYA $QEP $RHP $RPAI $SAIA $SDC $SHOP $SKY $SLG $SM $TWLO… https://t.co/NGkYTADOSt,0,Bearish
Dropbox on watch after stinging Spruce Point report,0,Bearish
"Earnings Update: electroCore, Inc. Just Reported And Analysts Are Trimming Their Forecasts",0,Bearish
Evercore downgrades bluebird bio and Clovis in premarket analyst action,0,Bearish
"Fannie Mae, Freddie Mac downgraded to sell, as analyst cites 'unintended consequences' of CARES Act https://t.co/NhiYwphBQd",0,Bearish
Forescout downgraded to neutral from buy at Monness Crespi Hardt,0,Bearish
FormFactor cut on 'unsustainable' revenue outlook,0,Bearish
Funko downgraded to hold from buy at Stifel Nicolaus,0,Bearish
Funko stock price target cut to $10 from $25 at Stifel Nicolaus,0,Bearish
GM stock price target cut to $30 from $32 at Deutsche Bank,0,Bearish
Grubhub gains a bear on margin view,0,Bearish
H&P downgraded at Argus as drilling industry weakness seen persisting,0,Bearish
Hanesbrands stock price target cut to $13 vs. $16 at BofA Merrill Lynch,0,Bearish
Helmerich & Payne started at sell with $34 stock price target at Deutsche Bank,0,Bearish
Hexo stock price target cut to C$5 from C$6 at MKM Partners,0,Bearish
Home Depot stock price target cut to $237 from $240 at Instinet,0,Bearish
Intelsat downgraded to underweight from neutral at J.P. Morgan,0,Bearish
Intelsat lower after Morgan Stanley target cut,0,Bearish
Jefferies warns on L Brands,0,Bearish
Kohl's stock price target cut to $48 from $52 at Deutsche Bank,0,Bearish
Kohl's stock price target cut to $50 from $53 at Wedbush,0,Bearish
L Brands stock price target cut to $16 from $20 at Wedbush,0,Bearish
Lovesac stock price target cut to $28 vs. $33 at Canaccord,0,Bearish
Lyft stock price target cut to $58 from $70 at Deutsche Bank,0,Bearish
Macerich downgraded to underweight from sector weight at KeyBanc Capital,0,Bearish
Marinus Pharma stock price target cut to $6 from $7 at Leerink,0,Bearish
Methanex downgraded at TD Securities on valuation,0,Bearish
Metro Inc. Just Missed Earnings And Its EPS Looked Sad - But Analysts Have Updated Their Models,0,Bearish
Mid-America Apartment Communities downgraded to sector weight from overweight at KeyBanc Capital,0,Bearish
Mitek Systems stock price target cut to $11 from $14 at Benchmark,0,Bearish
Napco Security stock price target cut to $30 from $35 at Imperial Capital,0,Bearish
Needham's Martin Defends Her Prediction That Netflix Subscriptions Will Fall,0,Bearish
Netflix downgraded to ‘underperform’ at Needham,0,Bearish
Netflix stock falls after Wells Fargo turns bearish,0,Bearish
New Netflix bear steps out,0,Bearish
"New York Opioid Case A Significant Risk For Pharma Stocks, Says Bearish BofA",0,Bearish
Norwegian Cruise Line downgraded to strong sell from hold at CFRA,0,Bearish
Novo Nordisk downgraded by UBS on concerns over drug launch cost,0,Bearish
Oppenheimer cuts estimates on Yum China,0,Bearish
Orbcomm price target lowered to $9 at Canaccord,0,Bearish
O'Reilly Automotive stock price target cut to $405 from $415 at J.P. Morgan,0,Bearish
Patterson-UTI Energy started at sell with $7 stock price target at Deutsche Bank,0,Bearish
PS Business Parks downgraded to underweight from sector weight at KeyBanc Capital,0,Bearish
Rio Tinto downgraded to neutral from overweight at J.P. Morgan,0,Bearish
"Rosenblatt Projects 47% Downside In Apple Shares, Warns Of Drop In iPhone Production",0,Bearish
Royal Caribbean downgraded to sell from buy at CFRA,0,Bearish
Royal Caribbean stock price target cut to $100 from $135 at CFRA,0,Bearish
Royal Caribbean's stock falls after CFRA swings to bearish on 'more dire' coronavirus assessment,0,Bearish
Scandinavian Tobacco Group A/S Earnings Missed Analyst Estimates: Here's What Analysts Are Forecasting Now,0,Bearish
Sherwin-Williams cut from Conviction Buy at Goldman on valuation,0,Bearish
Sirius downgraded on valuation,0,Bearish
Spotify Double Downgrade Reflects Prospect of Slower Revenue Growth https://t.co/jMJ3N4A06T,0,Bearish
SunTrust latest to trim Nielsen target,0,Bearish
Taco Bell parent Yum Brands downgraded to neutral from buy at BTIG,0,Bearish
Take-Two downgraded on murky game slate,0,Bearish
Take-Two Interactive stock price target cut to $124 from $133 at MKM Partners,0,Bearish
Target Hospitality downgraded to perform from outperform at Oppenheimer,0,Bearish
Taubman Centers downgraded to sector weight from overweight at KeyBanc Capital,0,Bearish
"The Manitowoc Company, Inc. Just Reported Earnings, And Analysts Cut Their Target Price",0,Bearish
Transocean started at sell with $3 stock price target at Deutsche Bank,0,Bearish
Ultra Clean downgraded to hold from buy at Stifel Nicolaus,0,Bearish
Wells Fargo Downgrades Netflix $NFLX to Underperform but sees as a takeover target. NFLX could get acquired: NFLX i… https://t.co/vuNpYwRDSg,0,Bearish
Wells Fargo Downgrades Netflix On Spending Concerns,0,Bearish
"Wells Fargo downgrades Netflix: 'If content is king, then cash is queen' https://t.co/niUwYR5YUD",0,Bearish
Welltower stock price target cut to $90 from $95 at J.P. Morgan,0,Bearish
WWE stock price target cut to $57 from $79 at Benchmark,0,Bearish
$ALTG: Dougherty & Company starts at Buy,1,Bullish
$AMD - AMD's Navi shows strong adoption - BofA https://t.co/WnCksfl1gX,1,Bullish
$ANCUF: BMO Capital Markets ups to Outperform,1,Bullish
$BHE: Lake Street starts at Buy,1,Bullish
$CNC *S&P Raises Centene Corp. Rtg To BBB- From BB+; Outlk Stable*,1,Bullish
$DE - Citi gives big boost to Deere PT https://t.co/MfhnyZe593,1,Bullish
$EBAY - Guggenheim sees favorable catalysts for eBay https://t.co/1adfDkHeaw,1,Bullish
$FCX - Freeport upgraded as Credit Suisse sees big buying opportunity https://t.co/d4TGqrNi7Y,1,Bullish
$FLXN: BTIG Research starts at Buy https://t.co/MCyfTsXc2N,1,Bullish
"$FNV - Franco-Nevada will not need more funding despite suspensions, analyst says https://t.co/pyARTEahWH",1,Bullish
$GBT: Cantor Fitzgerald resumes at Overweight,1,Bullish
$GM - Morgan Stanley sees GM doubling in bull case scenario https://t.co/uNK2xzGQuq,1,Bullish
$GOOS: Barclays starts at Overweight,1,Bullish
$HAS - Hasbro gains after UBS upgrade https://t.co/taTMaip1uM,1,Bullish
"$JD - New https://t.co/BDnqOJSFq5 bull praises acceleration, margin profile https://t.co/Swtzl0mjnF",1,Bullish
$JD: Barclays ups to Overweight,1,Bullish
$KHC - JPMorgan constructive on Kraft Heinz https://t.co/Sp4I2ehAVw,1,Bullish
$KIM: Compass Point ups to Neutral,1,Bullish
$LOW - Lowe's racks up another positive rating despite recession risk https://t.co/ekx4f6aqIK,1,Bullish
$LRCX - Lam target boosted on 'compelling' setup https://t.co/TBgKmZH6pM,1,Bullish
$LULU: Barclays starts at Overweight https://t.co/MCyfTsXc2N,1,Bullish
"$MU $WDC - Bull sees 2020 upsides for MU, WDC https://t.co/65zGfs82xI",1,Bullish
$NBY Rated buy https://t.co/xWbLXU1yOY,1,Bullish
$NFLX - SunTrust expecting Netflix to post strong user growth https://t.co/6z62FXsUom,1,Bullish
$NVDA - Nvidia set for gaming tailwinds - BofA https://t.co/l3m78pJzrW,1,Bullish
$OCN - BTIG sees 'material improvement' to Ocwen book value https://t.co/8MMo05uiM6,1,Bullish
$OYST: Cowen starts at Outperform,1,Bullish
$RAPT: BMO Capital Markets starts at Outperform,1,Bullish
$RNG - Evercore starts RingCentral at Outperform https://t.co/rfNcO3sw2k,1,Bullish
$SBAC $SBAC $AMT - MoffettNathanson boosts SBAC to Buy https://t.co/8k4l0c5x89,1,Bullish
$SNAP - Loop turns bullish on Snap ad growth https://t.co/TekdZS48et,1,Bullish
$STXS: Lake Street starts at Buy,1,Bullish
$TENB - Cowen sees upside in TENB's Indegy purchase https://t.co/Ve7bTreR7Y,1,Bullish
"$UBER $LYFT - Uber, Lyft can raise prices to profit - Barclays https://t.co/1xx084l36h",1,Bullish
$WABC: Maxim Group ups to Buy,1,Bullish
$WRI: Compass Point ups to Buy,1,Bullish
$ZS - New Zscaler bull sees 'sustainable' growth; shares +4% https://t.co/4fx811IVG5,1,Bullish
"Activision, Take-Two charts look 'constructive' as Wells Fargo gets bullish on video game plays: Trader $ATVI $TTWO… https://t.co/1s0WRleA2n",1,Bullish
Adobe stock price target raised to $315 vs. $290 at Wedbush,1,Bullish
Adobe stock price target raised to $318 vs. $310 at Instinet,1,Bullish
Aegis Capital positive on Netflix usage trend,1,Bullish
"After a 60% drop in 6 months, Bank of America says buy pot stock Canopy",1,Bullish
Akero Therapeutics started at buy with $36 stock price target at Canaccord Genuity,1,Bullish
Align Technology stock price target raised to $305 from $290 at Stifel Nicolaus,1,Bullish
Allergan upgraded to buy from neutral at UBS,1,Bullish
Altria stock price target raised to $54 from $50 at Stifel Nicolaus,1,Bullish
Amneal Pharma price target raised to $6 vs. $4 at SunTrust Robinson Humphrey,1,Bullish
"An analyst at Loop Capital upgrades $LYFT  to buy from hold, citing higher revenue growth potential.  https://t.co/2blCalNe9P",1,Bullish
Analyst: AT&T Is The Top Telecom Pick For 2020,1,Bullish
Analysts Mostly Bullish On Newly Public Insurance Firm BRP Group,1,Bullish
Analysts See 18% Gains Ahead For The Holdings Of The First Trust Dow Jones Internet Index Fund ETF,1,Bullish
Ansys stock price target raised to $265 from $235 at Benchmark,1,Bullish
Anthem stock price target raised to $330 from $300 at SunTrust RH,1,Bullish
Applied Industrial Technologies stock price target raised to $70 from $65 at KeyBanc Capital,1,Bullish
arGen-X stock price target raised to $255 vs. $203 at Instinet,1,Bullish
Armata Pharmaceuticals started at buy with $8 stock price target at Maxim Group,1,Bullish
Arrow Electronics stock price target raised to $87 vs. $84 at SunTrust Robinson Humphrey,1,Bullish
"Asset Management One Co. has a bullish call on Treasuries. One for the long, long run https://t.co/8go8ZhMvdc",1,Bullish
Audentes Therapeutics stock price target raised to $40 from $34 at Evercore ISI,1,Bullish
Audentes Therapeutics upgraded to outperform from in line at Evercore ISI,1,Bullish
Axcelis Technologies stock price target raised to $32 from $24 at Benchmark,1,Bullish
Baird bullish on beat-up Canada Goose,1,Bullish
Baird likes drug wholesalers in premarket analyst action,1,Bullish
Baird returns to Wingstop bull camp,1,Bullish
Baker Hughes started at buy with $32 stock price target at Deutsche Bank,1,Bullish
Bank of America stock price target raised to $49 from $48 at Oppenheimer,1,Bullish
Barclays analysts says Uber and Lyft are well-positioned to achieve profitability https://t.co/emLga0CBm1,1,Bullish
"Bausch Health upgraded to overweight from neutral at JPMorgan, price target raised to $38 from $32",1,Bullish
Bed Bath & Beyond reiterated as buy at BofA Merrill Lynch,1,Bullish
Belden stock price target raised to $56 vs. $54 at SunTrust Robinson Humphrey,1,Bullish
Benchmark says this roof supplier is a Buy,1,Bullish
Bernstein turns bullish on VMware's valuation,1,Bullish
Berry Petroleum upgraded to sector weight from underweight at KeyBanc Capital,1,Bullish
Best Buy stock price target raised to $105 from $86 at Oppenheimer,1,Bullish
Biogen stock price target raised to $392 from $320 at Instinet,1,Bullish
Biogen stock price target raised to $410 from $350 at SVB Leerink,1,Bullish
Boeing stock price target raised to $427 from $406 at CFRA,1,Bullish
"BofA Upgrades WestRock After Containerboard Conference, London Pulp Week",1,Bullish
"Bouygues SA Just Beat Analyst Forecasts, And Analysts Have Been Updating Their Predictions",1,Bullish
BTIG expects Domino's to boost buybacks,1,Bullish
BTIG sees 'material improvement' to Ocwen book value,1,Bullish
"Bull sees 2020 upsides for MU, WDC",1,Bullish
Cabot upgraded to buy from neutral at UBS,1,Bullish
"Canada Goose upgraded to outperform from neutral at Baird, price target C$53",1,Bullish
Capital Southwest initiated at outperform at Raymond James with $23.50 price target,1,Bullish
Celanese stock price target raised to $120 vs. $111 at BofA Merrill Lynch,1,Bullish
CF Industries stock price target raised to $56 vs. $52 at BofA Merrill Lynch,1,Bullish
CF Industries upgraded to buy vs. neutral at BofA Merrill Lynch,1,Bullish
Ciena stock price target raised to $47 vs. $43 at Instinet,1,Bullish
Citi gives big boost to Deere PT,1,Bullish
Citi reels in PT on Nu Skin,1,Bullish
"CITRON SAYS IT'S LONG ON LUCKIN COFFEE

MW vs CItron",1,Bullish
CNH Industrial upped to Buy at Deutsche Bank on valuation,1,Bullish
Copa Holdings stock price target raised to $130 from $103 at Deutsche Bank,1,Bullish
Costco price target raised to $330 vs. $320 at BofA Merrill Lynch,1,Bullish
CSX stock price target raised to $90 from $72 at Deutsche Bank,1,Bullish
CSX upgraded to buy from hold at Deutsche Bank,1,Bullish
CVS Health stock price target raised to $90 from $85 at SunTrust RH,1,Bullish
CyrusOne upgraded to overweight from sector weight at KeyBanc Capital,1,Bullish
Diamondrock Hospitality upgraded to sector weight from underweight at KeyBanc Capital,1,Bullish
DLH Holdings maintained as buy with $7 price target at Canaccord,1,Bullish
Domtar upgraded to market perform at BMO Capital,1,Bullish
Dow stock price target raised to $52 vs. $46 at BofA Merrill Lynch,1,Bullish
"Earnings Update: Here's Why Analysts Just Lifted Their Aemetis, Inc. Price Target To US$2.25",1,Bullish
Earnings Update: Here's Why Analysts Just Lifted Their Milestone Scientific Inc. Price Target To US$2.00,1,Bullish
"Earnings Update: Here's Why Analysts Just Lifted Their Skyworks Solutions, Inc. Price Target To US$104",1,Bullish
Eastman Chemical stock price target raised to $85 vs. $82 at BofA Merrill Lynch,1,Bullish
Edgewell stock price target raised to $41 from $33 at CFRA,1,Bullish
Elastic upgraded to buy from hold at Canaccord Genuity,1,Bullish
"Enbridge upgraded to buy from neutral at UBS, price target lifted to C$54 from C$50",1,Bullish
"Energizer Holdings upgraded to neutral from underweight at JP Morgan, price target lifted to $51 from $41",1,Bullish
Energizer shakes off JPMorgan's bear call,1,Bullish
Equity Lifestyle Properties upgraded to outperform at BMO Capital,1,Bullish
Estee Lauder stock price target raised to $238 from $202 at Raymond James,1,Bullish
Etsy initiated as buy with $55 price target at SunTrust Robinson Humphrey,1,Bullish
FedEx stock price target raised to $168 from $163 at BofA Securities,1,Bullish
FleetCor stock price target raised to $325 from $310 at CFRA,1,Bullish
Ford's electric SUV impresses Credit Suisse,1,Bullish
Fortinet stock price target raised to $115 from $104 at BMO Capital,1,Bullish
Fortinet stock price target raised to $120 from $110 at Monness Crespi Hardt,1,Bullish
"Glenmark Pharmaceuticals Limited Just Beat Analyst Forecasts, And Analysts Have Been Updating Their Predictions",1,Bullish
Goldman adds Workday to conviction list; shares +1%,1,Bullish
"Goldman Says 36,000% Rally in Brazilian Retailer Has Room to Run",1,Bullish
GrubHub stock price target raised to $40 from $34 at Oppenheimer,1,Bullish
GrubHub stock price target raised to $60 from $30 at Susquehanna,1,Bullish
Hasbro upgraded on earnings growth potential from Entertainment One acquisition,1,Bullish
"Hasbro upgraded to buy from neutral at UBS, price target $117",1,Bullish
Heat Biologics started at buy with $1 stock price target at Maxim Group,1,Bullish
"Home Depot upgraded to outperform from neutral at Credit Suisse, price target raised to $235 from $225",1,Bullish
Humana stock price target raised to $363 from $319 at Deutsche Bank,1,Bullish
Huntsman named Conviction Buy at Goldman in chemical sector shuffle,1,Bullish
Intel stock price target raised to $62 vs. $60 at SunTrust Robinson Humphrey,1,Bullish
Intercept Pharmaceuticals maintained as buy with $165 price target at Canaccord,1,Bullish
Invitae Corp. maintained as buy at Benchmark,1,Bullish
J.C. Penney stock price target raised to $1.00 from 80 cents at B. Riley FBR,1,Bullish
Jabil stock price target raised to $47 from $36 at CFRA,1,Bullish
Jefferies analysts lifted Tesla $TSLA shares to buy while paring the price target 19%. https://t.co/BJhXfQuRTd,1,Bullish
JPMorgan likes Bausch Health in premarket analyst action,1,Bullish
JPMorgan out bullish on Uber's upside potential,1,Bullish
Kilroy Realty upgraded to overweight from sector weight at KeyBanc Capital,1,Bullish
L3Harris started at buy with $280 stock price target at Benchmark,1,Bullish
Lagging MLP upgraded at Goldman as new projects seen lifting cash flows,1,Bullish
Ligand Pharmaceuticals started at buy with $135 stock price target at Benchmark,1,Bullish
Lovesac maintained as buy at Canaccord,1,Bullish
Lululemon stock price target raised to $260 vs. $222 at Susquehanna,1,Bullish
Lyft stock gets an upgrade due to competitive positioning,1,Bullish
LyondellBasell sock price target raised to $107 vs. $99 at BofA Merrill Lynch,1,Bullish
Magnolia Oil & Gas started at overweight with $14 stock price target at KeyBanc Capital,1,Bullish
Mesa Air reiterated as outperform at Cowen,1,Bullish
Microchip Technology stock price target raised to $113 vs. $106 at SunTrust Robinson Humphrey,1,Bullish
Mizuho raises Intel on aggressive price cuts,1,Bullish
Molina Healthcare stock price target raised to $165 from $155 at SunTrust RH,1,Bullish
Morgan Stanley analyst Joseph Moore upgraded NVIDIA (NASDAQ: $NVDA) from Equalweight to Overweight with a price tar… https://t.co/NVjiO6Brwb,1,Bullish
Morgan Stanley bullish on Eldorado Resorts ahead of Caesars combination,1,Bullish
Morgan Stanley joins mortgage sector bulls,1,Bullish
Morgan Stanley Raises Fortinet's Price Target After Bullish Analyst Day,1,Bullish
Morgan Stanley upgrades NVIDIA $NVDA from Equal-Weight to Overweight and announces $259 price target.,1,Bullish
"Morgan Stanley upgrades Nvidia to buy, predicting 2020 will be 'a return to solid growth' https://t.co/9gTGxKbSGj",1,Bullish
"Munster Doubles Down, Says Apple Has 40% Upside This Year",1,Bullish
New bull sees 22% upside for Splunk,1,Bullish
New for subscribers:  Morgan Stanley adds Amazon to its list of favorite stocks. Here are the rest... https://t.co/QbgS6IQXRt,1,Bullish
Newmont Goldcorp stock price target raised to $41.50 from $39.50 at B. Riley FBR,1,Bullish
NLight target raised on Nutronics deal,1,Bullish
Nokia stock price target raised to $6.00 from $5.50 at MKM Partners,1,Bullish
Nuvasive upgraded to outperform vs market perform at Leerink,1,Bullish
"Nvidia Has One Of The Best Opportunities To Maintain High Multiple, Morgan Stanley Says In Upgrade",1,Bullish
Nvidia stock climbs after Morgan Stanley turns bullish,1,Bullish
NXP Semiconductors stock price target raised to $139 vs. $128 at SunTrust Robinson Humphrey,1,Bullish
Olin Corp. stock price target raised to $23 vs. $22 at BofA Merrill Lynch,1,Bullish
"One analyst says TD could unlock ""significant value"" by selling its minority stake in Ameritrade after its purchase… https://t.co/swy7IVNnQE",1,Bullish
Onto Innovation stock price target raised to $50 from $40 at Benchmark,1,Bullish
Owens Corning upgraded at Wells after raising residential insulation prices,1,Bullish
"Owens Corning Upgraded On Strong Insulation, Roofing Potential",1,Bullish
Oyster Point Pharma initiated at overweight with $26 price target at JP Morgan,1,Bullish
"Paul Tudor Jones Sees the Potential for a Stock Market Explosion, to the Upside",1,Bullish
PennMac Financial rises to record as Piper gets more bullish,1,Bullish
Piper likes DexCom in premarket analyst action,1,Bullish
"Pixelworks, Inc. Just Reported And Analysts Have Been Lifting Their Price Targets",1,Bullish
PPG Industries stock price target raised to $113 vs. $105 at BofA Merrill Lynch,1,Bullish
Prothena upgraded to outperform from in line at Evercore ISI,1,Bullish
Purple Innovation initiated at overweight with $12 price target at KeyBanc Capital,1,Bullish
Quanterix maintained as outperform with $35 price target at Leerink,1,Bullish
Results: KLA Corporation Beat Earnings Expectations And Analysts Now Have New Forecasts,1,Bullish
RPM International stock price target raised to $79 vs. $75 at BofA Merrill Lynch,1,Bullish
S&P Global stock price target raised to $322 from $274 at Stifel Nicolaus,1,Bullish
Sanderson Farms stock price target raised to $159 from $150 at J.P. Morgan,1,Bullish
Schlumberger started at buy with $42 stock price target at Deutsche Bank,1,Bullish
Selvaag Bolig ASA Just Beat Earnings Expectations: Here's What Analysts Think Will Happen Next,1,Bullish
"SoftBank will have the ""last laugh"" with WeWork deal, one Bernstein analyst says https://t.co/qmfAPKICdp",1,Bullish
Sonoma Pharma maintained as buy with $9 price target at Benchmark,1,Bullish
Splunk upgraded to overweight at Morgan Stanley,1,Bullish
"Starbucks Stock Is a Buy, According to This Investment Bank",1,Bullish
Starbucks upgraded to overweight at J.P. Morgan after meeting with executives,1,Bullish
"Stifel Upgrades Parker-Hannifin On Potential Synergies, Industry Recovery Prospects",1,Bullish
"Stifel Upgrades Wendy's, Bullish On Breakfast And Digital Prospects",1,Bullish
"Syanptics raised on forecast, margin strength",1,Bullish
Synaptics stock price target raised to $40 from $32 at J.P. Morgan,1,Bullish
"Synopsys upgraded to overweight from neutral at JPMorgan, price target raised to $160 from $157",1,Bullish
TE Connectivity stock price target raised to $95 vs. $94 at SunTrust Robinson Humphrey,1,Bullish
Teekay Tankers upped two notches to Buy at BAML,1,Bullish
Texas Instruments stock price target raised to $125 vs. $122 at SunTrust Robinson Humphrey,1,Bullish
Twitter stock price target raised to $36.50 from $34.50 at Wedbush,1,Bullish
Twitter stock price target raised to $38 from $36 at SunTrust RH,1,Bullish
Twitter stock price target raised to $47 from $34 at Susquehanna,1,Bullish
"Twitter, Inc. Just Reported And Analysts Have Been Lifting Their Price Targets",1,Bullish
U.S. Well Services initiated at buy with $3.50 price target at Stifel,1,Bullish
Uber stock price target raised to $45 from $34 at MKM Partners,1,Bullish
Uber stock price target raised to $49 from $47 at BofA Securities,1,Bullish
Uber stock price target raised to $50 from $45 at Oppenheimer,1,Bullish
Uber stock price target raised to $52 from $50 at Wedbush,1,Bullish
Uber stock price target raised to $54 from $50 at Deutsche Bank,1,Bullish
UBS raises Peloton’s price target to $40,1,Bullish
UBS upgrades Hasbro on strong sales of Frozen II dolls into Black Friday https://t.co/23HWM60K7q,1,Bullish
UDR upgraded to overweight from sector weight at KeyBanc Capital,1,Bullish
Unisys stock price target raised to $21 from $18 at Sidoti & Co.,1,Bullish
UnitedHealth stock price target raised to $338 from $303 at CFRA,1,Bullish
Upgrades 11/25: $ARWR $CACI $CF $DECK $DKS $ENR $EQM $ETRN $FE $HAS $HLX $JD $KIM $LYFT $NTR $NVDA $ORAN $PROS $SNAP $WEN $WING $WRI $ZS,1,Bullish
Upgrades 4/7: $AMT $BHP $BK $CHH $ENI $EQNR $ETR $EXR $FCX $HOLX $HSIC $LOW $LSI $MAR $MAS $MGP $MHK $MXL $NGG $NWE… https://t.co/jXZNb22Cwb,1,Bullish
Vertex Pharmaceuticals stock price target raised to $248 from $240 at BMO Capital,1,Bullish
Vertical Research expects Allison Transmission to break out,1,Bullish
Voyager Therapeutics started at outperform with $26 stock price target at Oppenheimer,1,Bullish
Walt Disney stock price target raised to $143 from $141 at Imperial Capital,1,Bullish
"Wells Fargo analyst Dori Kesten lifted her rating on Marriott $MAR to overweight, noting that the hotel chain's sha… https://t.co/9TLXzYZjUs",1,Bullish
Wells still bullish on T-Mobile after unsurprising CEO change,1,Bullish
Westlake Chemical stock price target raised to $65 vs. $64 at BofA Merrill Lynch,1,Bullish
WestRock stock price target raised to $48 from $42 at BofA Merrill Lynch,1,Bullish
WestRock upgraded to buy from neutral at BofA Merrill Lynch,1,Bullish
Why Credit Suisse Sees the S&P 500 Gaining 10% in 2020,1,Bullish
Williams Cos. initiated as buy with $27 price target at SunTrust Robinson Humphrey,1,Bullish
"Workday added to Goldman's conviction list, stock gains",1,Bullish
Zendesk stock price target raised to $85 from $75 at Stifel Nicolaus,1,Bullish
Zendesk targets raised after 'solid' results,1,Bullish
$LB - MKM Partners puts a number on Victoria's Secret https://t.co/VSzHLqLBgE,2,Neutral
$WING - Baird returns to Wingstop bull camp https://t.co/KfPaweOVgo,2,Neutral
Analysts React To FCC Decision On Intelsat C-Band Spectrum Auction,2,Neutral
Arex Capital ramps up pressure on Zagg,2,Neutral
Aviation Capital Group Assigned ‘Baa2’ Rating by Moody’s https://t.co/kEKxNfJEgZ https://t.co/5hasUcG1ON,2,Neutral
"Benzinga's Top Upgrades, Downgrades For December 17, 2019",2,Neutral
"Benzinga's Top Upgrades, Downgrades For November 25, 2019",2,Neutral
BRP Group started at hold with $18 stock price target at Jefferies,2,Neutral
"BTIG resumes coverage on range of healthcare stocks, neutral on AbbVie",2,Neutral
Bull camp empty on Sally Beauty,2,Neutral
CA$10.60 - That's What Analysts Think Vecima Networks Inc. Is Worth After These Results,2,Neutral
"Chicken Soup for the Soul Entertainment, Inc. Third-Quarter Results: Here's What Analysts Are Forecasting For Next Year",2,Neutral
"Citron Research, owned by the prominent short seller Andrew Left, placed a $5 price target on $PTON  https://t.co/a5WT4knuVf",2,Neutral
"Coin Toss: Morgan Stanley Raises Tesla Bull Case To $500, Keeps Bear Case At $10 https://t.co/hjXizuPs7Z",2,Neutral
GDS Holdings Limited Just Released Its Third-Quarter Earnings: Here's What Analysts Think,2,Neutral
Global Automotive Tensioner Market 2019-2023 | Growing Adoption of Start-Stop System to Boost Growth | Technavio… https://t.co/xST0VP6IgS,2,Neutral
"Here are the biggest analyst calls of the day: Johnson & Johnson, Canopy Growth, Intelsat & more",2,Neutral
"Here are the biggest analyst calls of the day: Netflix, Nvidia, Lyft, Molson Coors, Snap & more",2,Neutral
"Here are the biggest analyst calls of the day: Netflix, Nvidia, Lyft, Molson Coors, Snap & more https://t.co/jzxbhHJwOu",2,Neutral
II-Vi Inc. initiated as neutral at Susquehanna,2,Neutral
LivePerson started at neutral with $40 stock price target at J.P. Morgan,2,Neutral
Miller Value Partners Likes These Two Stocks; Bearish on One,2,Neutral
MKM Partners puts a number on Victoria's Secret,2,Neutral
Morgan Stanley has a new favorite pick in the chip space,2,Neutral
MPLX initiated as hold with $28 price target at SunTrust Robinson Humphrey,2,Neutral
Oppenheimer calls out transformation of big-box retailer,2,Neutral
"Pipestone Energy Corp. Just Reported, And Analysts Assigned A CA$2.55 Price Target",2,Neutral
Royal Caribbean Cruises Ltd. Full-Year Results Just Came Out: Here's What Analysts Are Forecasting For Next Year,2,Neutral
"Spirit Airlines, Inc. Just Released Its Full-Year Results And Analysts Are Updating Their Estimates",2,Neutral
"Stock Market Update: NVIDIA shares upgraded, Netflix downgraded",2,Neutral
TJX Q3 FactSet consensus 66 cents,2,Neutral
"Top Analyst Upgrades and Downgrades: AbbVie, Biogen, Boeing, Etsy, Gilead, GoPro, Micron, Newmont, Peloton, Pfizer, Valero, Zynga and More",2,Neutral
Twilio Inc. Full-Year Results Just Came Out: Here's What Analysts Are Forecasting For Next Year,2,Neutral
Upgrades 2/4: $AMAL $CM $CMCSA $ELF $GDOT $LFUS $MLI $RRR $TD $TXRH $VLY $WW Downgrades 2/4: $ABG $AWK $CHKP $DEO… https://t.co/xscOdKUhfo,2,Neutral
US$50.08: That's What Analysts Think Weibo Corporation Is Worth After Its Latest Results,2,Neutral
Valaris started at hold with $4 stock price target at Deutsche Bank,2,Neutral
William Blair sees rivals pressing Viasat,2,Neutral
Aggressive Fed boost fails to stop sell-off #Samp;P500 #economy #MarketScreener https://t.co/p8lniQQTZt https://t.co/VsHuUI8mgj,0,Bearish
Bank of Ireland cuts key profit target as low rates take toll https://t.co/pWzgfDXDm3,0,Bearish
Bank of Nova Scotia : Scotiabank CEO expects 'somewhat elevated' loan losses for 3-4 quart... #BankofNovaScotia… https://t.co/OAXfDtrtAk,0,Bearish
Breakingviews - Fed's ultra-loose efforts will cast long shadow https://t.co/nktomiS4jW https://t.co/A5r5dgKIhX,0,Bearish
European banks slash $280bn from main US businesses https://t.co/Gwahc0Sc0F,0,Bearish
Europe's banks were only halfway through cleaning up more than $1 trillion of loans that turned sour in the last cr… https://t.co/a5XeRxCEVl,0,Bearish
"Eurozone banks' returns were already hurting before COVID-19, ECB says https://t.co/hDvBAwFDeG",0,Bearish
Fed Liquidity Drain Spoils Virus-Surge-Inspired Stock Buying-Panic | Zero Hedge https://t.co/wnLxXP4sHu,0,Bearish
Fed policymakers working to limit damage as pandemic puts U.S. economy on pause https://t.co/QwCihVGWly https://t.co/ZRbeFgfAdo,0,Bearish
Fed Report : Small-Business Sector Highly Vulnerable to Coronavirus Crisis--Update #FedReport #economy… https://t.co/AjGZqiRl5b,0,Bearish
"Fed Warns Virus Poses ‘New Risk’ to Global Growth, Markets",0,Bearish
Fed's Bullard: China to 'slow noticeably' in first quarter due to virus https://t.co/i1jKKq9kNi https://t.co/4Ug71D7IN6,0,Bearish
"Fed's corporate credit measures to limit buybacks, dividend https://t.co/4FrdSvMV8T",0,Bearish
Fed's Williams: Risks to U.S. economy still to the downside,0,Bearish
"Former Fed chief Bernanke sees bad year, no quick recovery #economy #MarketScreener https://t.co/YaN7qVv5aq https://t.co/zn3oEbjuL7",0,Bearish
"Janet Yellen says a V-shaped economic recovery ""is possible,' but she is ""worried that the outcome will be worse"" https://t.co/11FIumVTXC",0,Bearish
Lagarde Says ECB Running Out of Room to Fight Global Threats,0,Bearish
"Lagarde Says ECB's Options Limited by Low Rates, Low Inflation",0,Bearish
New #IMFBlog shows that long-lasting credit booms that featured rapid construction growth never ended well.… https://t.co/gMBiUS6z7J,0,Bearish
Overall Fed Temporary Liquidity Continues to Shrink #economy #MarketScreener https://t.co/UjqUoGk3L9 https://t.co/OVGpDhlZOb,0,Bearish
Schweizerische Nationalbank : Switzerland Loses Grip on World's Lowest Borrowing Costs -- ...… https://t.co/fuN3T0obd5,0,Bearish
Some officials worried about the bank's decision to drop self-imposed limits on the ECB's bond purchases https://t.co/elfM7nRACS,0,Bearish
"Thailand has a limited space to deliver a “strong dose” of monetary policy, central bank governor says as he cautio… https://t.co/WR3CYfD3hy",0,Bearish
The Federal Reserve's rescue of the overnight lending market appears to be having an unintended side effect: it's j… https://t.co/8Ko2fxHj7W,0,Bearish
UAE stimulus to help bank liquidity but may increase problem loans - Moody's #economy #MarketScreener… https://t.co/8rGhax4y8C,0,Bearish
UPDATE 2-China cbank warns high financial risks amid rising economic headwinds,0,Bearish
"Yellen Blames ""Enormous Debt And Buybacks"" For Coming Default Wave; Morgan Stanley Says It's All The Fed's Fault  https://t.co/Ed0jVBpmhZ",0,Bearish
"Fed Chair Powell: 'no reason' rising wages, job gains can't continue https://t.co/cCUifiy1YG https://t.co/pjXZLMl9Jf",1,Bullish
"Federal Reserve Chairman Jerome Powell said the U.S. economy is 'resilient,' even as he cited the potential threat… https://t.co/jdypDu2LhY",1,Bullish
Fed's 'bazooka' soothes dollar funding squeeze https://t.co/ZHKV5YcU5L https://t.co/gB2rZSnrcF,1,Bullish
Fed's Daly says U.S. economy well placed to weather storms https://t.co/46F3sPCsXW https://t.co/Hn3cXkJQhp,1,Bullish
Fed's Daly says US job market still has room to run https://t.co/nQOWWsXkh7,1,Bullish
Fed's Kaplan: Inflation Will Be Muted For Some Time (Radio),1,Bullish
Fed's Mary Daly says current interest rates put economy 'in a good place to weather the storms',1,Bullish
"Fed's Mester, upbeat on outlook, say central bank can watch and wait on interest rates",1,Bullish
Fed's Rosengren says he is 'optimistic' on economy,1,Bullish
Fed's Rosengren says U.S. unlikely to have economic downturn in 2020,1,Bullish
World Bank's Malpass upbeat on prospects for progress on debt relief #economy #MarketScreener… https://t.co/tILUoEQkYC,1,Bullish
"Commercial and industrial loans at all commercial banks fall to $2.345 trillion, down $7 billion from a week earlie… https://t.co/IO6JFnTMWX",2,Neutral
Czech interest rates could stay where they are for another year as global risks cloud the outlook for the export-or… https://t.co/bDhYKopjCM,2,Neutral
ECB bought record debt volumes last week in crisis fight #economy #MarketScreener https://t.co/08TD4PqNna https://t.co/5ct4SutY3Q,2,Neutral
Fed Chairman Jerome Powell says central bank 'watching carefully' as firms brace for wave of missed mortgage paymen… https://t.co/mBzYyHmCrW,2,Neutral
Italy's top bank unveils new lending measures as firms battle cash crunch https://t.co/ioNcxm5GzF https://t.co/7PFLksQXJP,2,Neutral
"The Fed may lower the rate on its support facility for money market funds, strategists say https://t.co/FrLrivydji",2,Neutral
$ECONX: Federal Reserve will establish facility to facilitate lending to small businesses via the Small Business... https://t.co/OCCUO9DX7c,2,Neutral
$XLF $FAS $FAZ - Fed revives TALF to bolster ABS market https://t.co/0rRXf0aqLC,2,Neutral
$XLF $FAS $FAZ - The Fed to establish term financing for small business loans https://t.co/4nTXbSxrHN,2,Neutral
.@WorldBank Group asks #G20 leaders to suspend debt repayments from poorest countries. This will help focus critica… https://t.co/VMcZWh4sop,2,Neutral
Asset Allocation Committee Outlook 2Q2020 | Contagion. https://t.co/3SLpGWc3KL #economy #markets #investing,2,Neutral
"Australia central bank pumps liquidity, proposes bond buys to ease financial conditions https://t.co/JkbAPjX6Yv https://t.co/GFYiDHmP2U",2,Neutral
"Australia plans an additional A$66 billion ($38.2 billion) in stimulus for the coronavirus-stricken economy, includ… https://t.co/7O2gkIusAO",2,Neutral
Bank of Israel expands its crisis QE with $13.6 billion in bond buying https://t.co/xEMWn1vjAO,2,Neutral
Brazil's central bank stepped in to prop up the currency https://t.co/yQBoa6mTqi,2,Neutral
Central Bank actions will contribute to easing the economic impact of the pandemic - Governor Gabriel… https://t.co/UhzEj1icQ3,2,Neutral
ECB makes it easier for banks to tap credit amid coronavirus crisis https://t.co/aUORNC7SON https://t.co/rrzy3Yv56J,2,Neutral
ECB to ease collateral requirements for banks looking to borrow #economy #MarketScreener https://t.co/rlYmLpiGKA https://t.co/9v3IP9D10o,2,Neutral
"eib: #MustRead➡️EIB Bank Lending #Survey for #CESEE shows optimistic opinion of the region, positive profitability… https://t.co/jtZoHHCmeB",2,Neutral
"Fed, saying aggressive action is needed, starts unlimited QE https://t.co/pbo30sSQ9Z",2,Neutral
Fed's Quarles says 2-3 weeks away from getting loans to mid-sized U.S. businesses through its newly created Main St… https://t.co/3R4DyktUJ0,2,Neutral
"Fed's Quarles: ""Main Street"" loans like two to three weeks off as details finalized https://t.co/pUobuzSFBj https://t.co/ZTGR5dNCBo",2,Neutral
Governments and central banks globally have pledged a dizzying $3 trillion-and counting. But companies are struggli… https://t.co/YrbmCS9ZX9,2,Neutral
"IMF encouraged by recovery in China, but pandemic could resurge https://t.co/UCjDmDNwoP https://t.co/Rua86ZJmMO",2,Neutral
Instant View: Fed launches unprecedented range of credit support https://t.co/3WQX0rnURD https://t.co/YAnONEz11p,2,Neutral
Italy announces guarantees for bank loans worth over 400 billion euros https://t.co/xmvuhapL8v https://t.co/lOpNKjwNeJ,2,Neutral
Mexico cuts its key rate for a 5th time amid economic stagnation https://t.co/HqpKAGRDt7 https://t.co/Jx7BHGv88y,2,Neutral
Mexico's central bank cut its key interest rate for a fifth straight decision https://t.co/xnfKe4SFXt,2,Neutral
Mexico's central bank cuts interest rates to three-year low https://t.co/0N0vaHBnQj,2,Neutral
"Powell Admits ""Low Rates Are Not A Choice Any More"", Says QE Will Be Used In Next Downturn | #FreeZeroHedge https://t.co/RFVxk9uMth",2,Neutral
Powell: Fed will use 'QE' aggressively to fight next recession https://t.co/me3x7SJac6,2,Neutral
SNB's sight deposit holdings rise by second-highest level in 12 months https://t.co/aUsTEz08h3 https://t.co/rMaW0F4suE,2,Neutral
"The Bank of Korea is taking unprecedented action in the face of coronavirus-not about the rate decision itself, but… https://t.co/CmxUuSBiab",2,Neutral
The Fed moved to bolster a new small-business lending program by allowing banks to turn those loans over to the U.S… https://t.co/Y2piO9HcrP,2,Neutral
The Fed's foray into corporate bonds and certain credit ETFs helping restore order between the two markets https://t.co/lkJuQCQEKV,2,Neutral
The U.K. is tapping fintechs and the Queen's Bank for its emergency lending program https://t.co/sJJTyjCVMa,2,Neutral
FOMC dot plot indicates a long pause https://t.co/F6wezJ7rlP,2,Neutral
"""In my time at the Fed, I've seen how changes in business and consumer confidence impact the economy as a whole,"" P… https://t.co/rZgYHFXsKk",2,Neutral
"""It's not really time yet to stimulate spending,"" former Fed Chair Ben Bernanke said today, adding that it will ""ha… https://t.co/iYSEFhCzGY",2,Neutral
"""The Committee also directs the Desk to continue conducting term and overnight repurchase agreement operations at l… https://t.co/1W8onnWjru",2,Neutral
"""the Committee directs the Desk to continue purchasing Treasury bills at least into the second quarter of 2020 to m… https://t.co/b1GHWeY0dy",2,Neutral
"""The Fed Can Lend To Anybody"": Watch Live As Bernanke Holds Virtual Discussion On US Economy https://t.co/oCbErkJi7h",2,Neutral
"""What we clearly see again is unelected central banks, having failed at their mandates, to pivot to politics to try… https://t.co/U4Ft0573Ro",2,Neutral
$RINF $IVOL - Fed's Daly discusses shifting focus to higher inflation https://t.co/4xmIHceCvh,2,Neutral
.@TimLampkin of @higherpurposeco says that being a part of the St. Louis Fed’s Community Development Advisory Counc… https://t.co/spGCRWBKVo,2,Neutral
@TimLampkin of @higherpurposeco says that being a part of the St. Louis Fed’s Community Development Advisory Counci… https://t.co/Ex5SCguwe4,2,Neutral
A Rate Cut From Russia?,2,Neutral
A WSJ primer on the central bank's novel $600 billion direct-loan program https://t.co/43O0vIETta,2,Neutral
An emerging priority for Powell Fed: The plight of the poor https://t.co/jP1T0yjdQ4 https://t.co/2DQRic3UvN,2,Neutral
"Applications for participation in the Fed's Commercial Paper Funding Facility must be submitted by Thursday, the Ne… https://t.co/DvwRfmIJXr",2,Neutral
"Argia Sbordone shared findings from ""Anchoring of Inflation Expectations"" at today’s joint New York Fed-European Ce… https://t.co/yXvQvWPXZm",2,Neutral
"Bank of Canada can buy corporate, municipal bonds if necessary #taux #MarketScreener https://t.co/38OhHeNmWA https://t.co/cowCcOVS13",2,Neutral
"Bank of Canada gets authority to buy corporate, municipal debt https://t.co/j9DJUMtl3D",2,Neutral
Bank of Canada’s Poloz Sees Era of Low Global Interest Rates,2,Neutral
Bank of England activates emergency liquidity measure https://t.co/FvgTR5d5eg https://t.co/FZWcMjZddZ,2,Neutral
Bank of England Governor Mark Carney offers his backing to a key plank of UK Prime Minister Boris Johnson's economi… https://t.co/r5qQSOrsPG,2,Neutral
"Bank of England Mark Carney is hanging up his hat. So what's next for the central bank leader?

@flacqua sits down… https://t.co/xxqMzXupmE",2,Neutral
Bank of Ireland : Gov Co - 7 KB #BankofIreland #Stock #MarketScreener https://t.co/lPLIZQTwme https://t.co/iFkjaIFL5u,2,Neutral
Bank of Ireland : Notification of Significant Shareholding - 99 KB #BankofIreland #Stock #MarketScreener… https://t.co/f4rdA0nB11,2,Neutral
Bank of Ireland : Pillar 3 Disclosures #BankofIreland #Stock #MarketScreener https://t.co/V8GNASXXiY https://t.co/An3gEqsXmw,2,Neutral
Bank of Ireland : to make branch network changes in response to COVID-19 #BankofIreland #Stock #MarketScreener… https://t.co/2rKs52jf1Y,2,Neutral
Bank of Jamaica : 14-Day Repo Auction Results #BankofJamaica #economy #MarketScreener https://t.co/UE7vS1tv6o https://t.co/efXjAe32Fg,2,Neutral
Bank of Jamaica 14-Day Repo Auction Results -10 February 2020 #Stock #MarketScreener https://t.co/wBnwfayNhV https://t.co/bQ3CSymjTi,2,Neutral
Bank of Jamaica 30-day CD Auction Press Release - 24 February 2020 #Stock #MarketScreener https://t.co/iRuPoA3LTD https://t.co/MjLqnkV6mj,2,Neutral
Bank of Japan : Accounts (March 20) #BankofJapan #Stock #MarketScreener https://t.co/Di0sVY7MoH https://t.co/GoCJarxay0,2,Neutral
Bank of Japan : Statistics on Securities Financing Transactions in Japan (Jan. 2020) #BankofJapan #economy… https://t.co/sD0oDaY7rX,2,Neutral
Bank of Japan : The Results of BIS International Locational Banking Statistics and Interna... #BankofJapan #Stock… https://t.co/z2dSe5N09a,2,Neutral
Bank of Mexico Makes Fifth Consecutive Rate Cut -- Update #economy #MarketScreener https://t.co/NfkbjZjf6D https://t.co/otogWpgEnu,2,Neutral
Bank of Nova Scotia : Acting Administrator Pilkerton's Statement on USMCA Agreement #BankofNovaScotia #Stock… https://t.co/jGxhlOVCTF,2,Neutral
Bank of Queensland : Trading Halt #BankofQueensland #Stock #MarketScreener https://t.co/P7JUKMwkZ1 https://t.co/AYwhOiYQbV,2,Neutral
Banks To Make Risk-Free Killing On Small Business Bailout: Fed Will Buy Payroll Loans Issued By Banks https://t.co/ujsbBPAq9K,2,Neutral
BoE's Haldane: We have not yet hit peak globalisation #economy #MarketScreener https://t.co/BAMp44H0w2 https://t.co/yUYhes88V2,2,Neutral
BOJ Seen Staying on Hold This Week After Abe Stimulus: Survey,2,Neutral
Brazil Caps Record-Breaking Easing Cycle With Final Rate Cut,2,Neutral
Canadian Banks Have Succulent Yields. https://t.co/QaD9D53X7f #economy #business #trading,2,Neutral
Central Bank of Philippines : Bangko Sentral ng Pilipinas Convenes the Financial Education...… https://t.co/mFmcU9A7EI,2,Neutral
Central banks must evolve to help governments fight coronavirus https://t.co/mfSJuTKUDm,2,Neutral
"Chair Powell presents the Monetary Policy Report to the Senate Committee on Banking, Housing, and Urban Affairs:… https://t.co/TAfePghHQO",2,Neutral
Chairman Jerome Powell speaks after Fed leaves interest rates unchanged https://t.co/lA3GN9o7em,2,Neutral
"China still has room for conventional monetary expansion, but its ability to deal successfully with a crisis depend… https://t.co/jR2R3VLkOo",2,Neutral
China to Price Existing Loans With New Benchmark Lending Rates #taux #MarketScreener https://t.co/PELmoyfWz4 https://t.co/Nq8pxwGr8U,2,Neutral
China’s Rate Cut Also An Insurance Policy As Hong Kong Crisis Worsens,2,Neutral
Chinese Media Stunner: China Will Be The Next Country To Cut Rates To Zero https://t.co/MQl6OREX0H,2,Neutral
Christine Lagarde Can Face Down the ECB Skeptics,2,Neutral
Cleveland Fed President Says Coronavirus Requires Careful Monitoring #economy #MarketScreener… https://t.co/YbgcgoxZPk,2,Neutral
Commerzbank told to speed up restructuring by ECB https://t.co/DfFV4bgnfi,2,Neutral
Coronavirus fears raise market expectations for Fed rate cut in March https://t.co/Z33zqdljVu by @bcheungz https://t.co/XwHo1ZlMR2,2,Neutral
Czechs’ Unexpected Rate Hike Lifts Koruna to Seven-Year High,2,Neutral
Dealers gobble up funding in Bank of Canada's first BAPF operation #economy #MarketScreener https://t.co/YmwzTi5reu https://t.co/uQPDBGe66r,2,Neutral
"Derby's Take: Even Post-Coronavirus, Swollen Fed Balance Sheet Will Remain https://t.co/5uPrJkM8xc",2,Neutral
Did The Fed's QEternity Just Kill A Fiscal Stimulus Deal?  https://t.co/a8f6L67zgl,2,Neutral
ECB keeps rates unchanged,2,Neutral
ECB's house price headache too big to solve,2,Neutral
ECB's new chief Christine Lagarde has a deal for bank policymakers - cut out the open dissent and she'll spend more... https://t.co/q8kkm1J7Cz,2,Neutral
Egypt's central bank governor appointed for second term -state media #economy #MarketScreener… https://t.co/D6r5mixdx5,2,Neutral
Emerging-economy central banks from India to Brazil still enjoy the firepower to shore up the global economy https://t.co/cTVUGNf4vM,2,Neutral
EU bank regulators lay out tougher doomsday stress test https://t.co/4DMWnZSihp,2,Neutral
European Central Bank keeps key deposit rate at -0.5%,2,Neutral
"Expect next round of virus stimulus by May, and somewhere in the $1.5 trillion neighborhood - FBN, citing Wall Stre… https://t.co/TIHDm8kJnl",2,Neutral
Explainer: How the Fed's latest move will get money to Main Street #economy #MarketScreener https://t.co/x3pgUHAqsa https://t.co/NtM1SzX2fR,2,Neutral
Exploration deepens into central bank digital currencies,2,Neutral
"Fed Adds $72.8 Billion to Markets, Balance Sheet Moves to $4.07 Trillion--Update #economy #MarketScreener… https://t.co/am5nGCnG5b",2,Neutral
Fed Aims a Half-Trillion Dollar Liquidity Hose at Year-End Risks,2,Neutral
"Fed bombards credit markets with limitless pledge, but investors barely respond https://t.co/KfTfB94OD1",2,Neutral
"Fed Chair Jerome Powell says  “Low rates are not really a choice anymore, they are a fact of reality' https://t.co/IblPVbnP0s",2,Neutral
Fed Chairman Jerome Powell puts lawmakers on notice that fiscal policy may need to play a bigger role countering do… https://t.co/gQ6Eee8hhs,2,Neutral
Fed Chairman Powell thought it was 'terrific' that a senator defended him against Trump https://t.co/VyMW1XR0OM,2,Neutral
"Fed Has Given Economy a Cushion and Should Cut Mid-Year, Economist Swonk Says",2,Neutral
"Fed Intervenes With $45.55 Billion Weekend Repo, But Overall Liquidity Ticks Down https://t.co/luXKbrLrXC",2,Neutral
"Fed is ‘super-glued’ to its seat until after the election, economists say after stellar jobs report https://t.co/WgE7fNtuQu",2,Neutral
Fed is now effectively the 'lender of last resort' to Main Street not just Wall Street https://t.co/acyqwv78jZ,2,Neutral
"Fed is watching virus effects, flags 'elevated' business debt in report",2,Neutral
Fed Monitoring Coronavirus Outbreak and Risks for Broader Disruptions -- 4th Update #economy #MarketScreener… https://t.co/KnkPKhBHHM,2,Neutral
Fed nominee Judy Shelton faces bipartisan concerns in Senate https://t.co/av7l6k1mk7,2,Neutral
Fed nominee Shelton gets bipartisan grilling in Senate https://t.co/lJXCmNEKuU,2,Neutral
Fed policymaker says more evidence needed for rate cut https://t.co/bmwrgql7zj,2,Neutral
Fed Preparing to Purchase New Small Business Payroll Loans https://t.co/iz5xKoWFwC,2,Neutral
"Fed Provides More Liquidity; Phase 1 Trade Deal, But No Corroboration On Jobs Report",2,Neutral
Fed Pumps $70.2 Billion in Short-Term Liquidity Into Markets #currency #MarketScreener https://t.co/H1YtUn9FoK https://t.co/Nrvkw9LLnm,2,Neutral
Fed Repo Action Oversubscribed in Clamor for Year-End Funds,2,Neutral
"Fed report: #OpportunityOccupations, jobs that don’t require a 4-yr #collegedegree & pay above the national annual… https://t.co/Elr1SXOcDD",2,Neutral
Fed says it will provide financing against new 'payroll protection' loans #economy #MarketScreener… https://t.co/A4ierJsls4,2,Neutral
"Fed says Powell met with Trump, Mnuchin on Monday at White House",2,Neutral
Fed sets up facility to create secondary market for new small business loans https://t.co/nu8LLQC4rJ,2,Neutral
Fed to beat a faster retreat from repo market https://t.co/jEGsYl2DvM,2,Neutral
Fed to establish facility to facilitate lending to small businesses via SBA's PPP by providing term financing backe… https://t.co/41GvG98U17,2,Neutral
Fed Unveils Major Expansion of Market -2- #economy #MarketScreener https://t.co/Flf1QDVuCH https://t.co/yzwBwPp89h,2,Neutral
Fed Unveils Major Expansion of Market Intervention -- 4th Update #economy #MarketScreener https://t.co/2bnBJUcxTD https://t.co/0RgMApfhO8,2,Neutral
"Fed warranty: will keep rates unchanged until 2021, or until there is a 5% drop in stocks, whichever comes first",2,Neutral
Fed: Powell stressed policy dependent on incoming information,2,Neutral
Fed’s Jerome Powell steered divided committee toward policy shift in effort to bolster economy  https://t.co/3PucAE0bbf,2,Neutral
Federal Reserve Bank of St. Louis President James Bullard said that the U.S. should declare a three-month break for… https://t.co/cAhdYJWnk9,2,Neutral
Federal Reserve Board announces termination of enforcement actions with Discover Financial... #Stock… https://t.co/sMoeOMo1N8,2,Neutral
Federal Reserve Chairman Jerome Powell came close to acknowledging that the central bank may not have the firepower… https://t.co/jl7rxYgzcW,2,Neutral
Federal Reserve Continues To Step Up. https://t.co/aCj2ASpOba #stocks #markets #economy,2,Neutral
Federal Reserve just saved the stock market from the worst of the coronavirus pandemic -it may be time to invest ag… https://t.co/nRWrlgdlEZ,2,Neutral
Federal Reserve lowers community bank leverage ratio https://t.co/SXUmdUzINW https://t.co/dyT4UYvJT2,2,Neutral
Federal Reserve Shows Specifically How Much Uncertainty Has Hurt the Stock Market,2,Neutral
Federal Reserve System publishes annual financial statements: https://t.co/TjqI5AXBCq,2,Neutral
Federal Reserve to backstop Payment Protection Program loans https://t.co/YTnMrTby81 by @bcheungz https://t.co/HiWgPrK4Su,2,Neutral
Fed's Bullard: Don't take the economy's temperature until July 1 https://t.co/qqv1J5MgAd,2,Neutral
Fed's Kaplan says revisiting some stress testing rules could help ease repo  pressures,2,Neutral
Fed's Kaplan Sees Risks to Outlook as 'Fairly Balanced',2,Neutral
"Fed's Kaplan Talks Economic Outlook, Trade and Credit Spreads",2,Neutral
Fed's Mester says policymakers want to prevent 'lasting damage' to the economy https://t.co/VYMW1cZvaW https://t.co/Mut4kwmdby,2,Neutral
Fed's Mester says she opposed recent series of rate cuts but called it a 'close call',2,Neutral
"Fed's Mester sees 'downside risk' from coronavirus, but does not want to cut rates https://t.co/P6XtdRcjNI",2,Neutral
"Fed's Mester sees U.S. economy performing well, coronavirus a 'big risk' #economy #MarketScreener… https://t.co/fHOfgB9n6R",2,Neutral
"Fed's Mester would have preferred no rate cuts in July, September",2,Neutral
Fed's Powell disputes notion that federal welfare programs are dissuading Americans from seeking work https://t.co/IpK9Fa1fOO,2,Neutral
Fed's Powell to update on economy Thursday in webcast statement #economy #MarketScreener https://t.co/w8Mog9t66T https://t.co/liSE7rRvh4,2,Neutral
Fed's Powell: U.S. economy 'resilient' but coronavirus a risk #economy #MarketScreener https://t.co/du44jHD8eC https://t.co/Y8Cv1f4Ksm,2,Neutral
Fed's Rosengren urges patience in considering policy changes,2,Neutral
Fed's Williams says interest rates policy is in a good place but 'not locked-in',2,Neutral
Finance ministers and central bank governors from the Group of 20 nations joined an emergency call on Monday https://t.co/61CFPU3q2M,2,Neutral
"Financial conditions are in the driver seat for investors and the Fed rate decisions, says Jeffrey Rosenberg of Bla… https://t.co/hDyPx6PZca",2,Neutral
Former Federal Reserve chairwoman Janet Yellen thinks America's banks should slam the brakes on dividends to make s… https://t.co/66zg0Sd0of,2,Neutral
Futures traders are no longer fully pricing in a quarter-point cut from the Federal Reserve next year after the U.S… https://t.co/iiGPzuKrF6,2,Neutral
Helicopter money is a valid tool for central bankers https://t.co/M0nfifXDoS,2,Neutral
Helicopter Money Might Be the ECB’s Best and Worst Options,2,Neutral
Hellenic Exchanges : Transactions by Eurobank Equities (regulated information - Law 3556/2... #HellenicExchanges... https://t.co/xpZ379riaL,2,Neutral
Hellenic Exchanges : Transactions by National Bank of Greece (regulated information - Law ... #HellenicExchanges… https://t.co/BpeiSxTRq5,2,Neutral
"Here is what the People’s Bank of China is really up to
https://t.co/FUmGGvzCam",2,Neutral
Honduras - DRM Development Policy Credit with a Catastrophe Deferred Drawdown Option (Cat DDO) #economy… https://t.co/ZsxtwAt8FS,2,Neutral
IMF African Department Director Abebe Aemro Selassie will be on @CNBCAfrica today at 5pm Lagos Time (12pm DC Time)… https://t.co/xMWhTEke42,2,Neutral
IMF and World Bank consider #Somalia eligible for debt relief on initial assessment. This is an important milestone… https://t.co/mnGkqZxsWb,2,Neutral
IMF to continue new-loan talks with Ukraine in coming weeks #economy #MarketScreener https://t.co/z7E36jR1i8 https://t.co/MQQ8AxnaGI,2,Neutral
"In ""Unprecedented"" Move To Ease Conditions, ECB Cuts Collateral Haircuts By 20%, Will Accept Greek Debt As Collater… https://t.co/SU2jKATE3I",2,Neutral
"In first #MENA emergency financing, the IMF approved US$745 million to support #Tunisia's efforts to address the hu… https://t.co/j5dfvZCBza",2,Neutral
India Unveils Steps for Bad Loan-Laden Banks to Boost Credit,2,Neutral
Indonesia’s central bank sounded a more cautious tone on interest rates https://t.co/XvYExp61ZH,2,Neutral
Inflation remains low and Fed Chairman Jerome Powell has as good as ruled out a rate increase unless price growth p… https://t.co/EMQ6vAOo55,2,Neutral
Interest rate conditions of the Magyar Nemzeti Bank effective from 8 April 2020 #economy #MarketScreener… https://t.co/LtgoxFiEBO,2,Neutral
"It may seem odd for the Federal Reserve to buy ETFs, but it's not unprecedented for a central bank -œ Japan did it f… https://t.co/Tm7u3av8zC",2,Neutral
"It was 7 years ago that Jerome Powell said ""we look like we are blowing a fixed-income duration bubble right across… https://t.co/eJHWtlyGo4",2,Neutral
"Italian banks ready new measures as economy stops, but debt goes on https://t.co/ZMrEl3ZDOL https://t.co/AB8Hpn3BLN",2,Neutral
"James Bullard, President of the Federal Reserve Bank of St. Louis, discusses the Federal Reserve's ""planned tempora… https://t.co/NEVONwysvh",2,Neutral
Japan panel warns against fiscal complacency amid low rates #taux #MarketScreener https://t.co/bgHBLjLZaW https://t.co/6F4t7RytXF,2,Neutral
Jerome Powell told lawmakers Tuesday that the Fed will never declare victory on one of its mandates: full employment https://t.co/lnEGDrhUln,2,Neutral
Kenya Cuts Rates After Scrapping Loan-Price Cap to Boost Growth,2,Neutral
Kenya’s central bank lowers interest rates for the first time in 16 months https://t.co/7SQ003stA9,2,Neutral
Kenya’s central bank lowers interest rates for the first time in 16 months https://t.co/yQpS4kMTOD https://t.co/ExAA5O8fT1,2,Neutral
Komileva: Central Banks Far from Normalizing,2,Neutral
Lagarde Says All the Blame Can’t Be Dumped on ECB Negative Rates,2,Neutral
Latin America Price Surprise Fails to Move the Dial on Rate Bets,2,Neutral
Lawmakers interviewed gave Fed Chairman Jerome Powell high marks for his unwillingness to be drawn into a spat with... https://t.co/hHopJ74bbw,2,Neutral
"Liquidity Warning: Fed Shrinks Overnight Repos By $20BN, Term Repos By $10BN | Zero Hedge https://t.co/NP2ocBHkvr",2,Neutral
LIVE NOW: Press conference with #FOMC Chair Powell: https://t.co/sh1FXgYlwr and https://t.co/FJa6TbkDMt,2,Neutral
LIVE: Fed Chair Jerome Powell delivers remarks at the decade's last FOMC meeting https://t.co/4wAYSuWpHF,2,Neutral
"LIVE: Fed Chair Jerome Powell speaks on today's decision to hold rates ▶️

https://t.co/Wfg74SaImY",2,Neutral
"Market participants submitted bids for nearly twice what was on offer in the Fed’s 42-day term repo operation, whic… https://t.co/qIqTKdQtpk",2,Neutral
Mexico's central bank defends autonomy as AMLO concern lingers https://t.co/9CKZZc3uxq,2,Neutral
"Monetary policy is in the 'right place', Fed's Williams says",2,Neutral
"Monetary Policy Statement - March 24, 2020 (24.03.2020) #Stock #MarketScreener https://t.co/BkGvDXrRZL https://t.co/DaEOwqXxuI",2,Neutral
Monetary Policy: Das’ Draghi Encore Comes With Risks,2,Neutral
"Monetary Policy: RBI Returns To A More Active Credit Policy To Boost Retail,  MSME Credit",2,Neutral
MPC Decision: MPC Keeps Rates On Hold Amid ‘Highly Uncertain’ Inflation Outlook,2,Neutral
N.Y. FED'S 42-DAY REPO OP. OVERSUBSCRIBED; $49.05B OF BIDS,2,Neutral
New BoE governor makes plea to Brussels on City access https://t.co/5X7rXAAsHG,2,Neutral
New developments added to @FedFRASER's COVID-19 timeline in the latest week: second historic rise in unemployment i… https://t.co/o4yYfNRbhA,2,Neutral
"New staff study by Kenneth Garbade examines the efforts of the Federal Open Market Committee to first control, and… https://t.co/seVxzGnVOu",2,Neutral
New York Fed opens registration for commercial paper funding facility https://t.co/K5ZI55Mei5 https://t.co/eUnLPyar0E,2,Neutral
New York Fed to further reduce repo support https://t.co/weKgRz0LMd https://t.co/UR8cWv9xZN,2,Neutral
New York Fed to start publishing SOFR averages in March https://t.co/O0sIXhkddG,2,Neutral
"New Zealand’s central bank doesn’t expect its new bank capital rules to present a headwind for the economy, which l… https://t.co/YXwseGIYHw",2,Neutral
Next BoE governor makes City access plea to Brussels https://t.co/3HVBMfL9Ze,2,Neutral
Norway's central bank governor warns politicians against meddling too much with the country's massive sovereign wea… https://t.co/H7bqZcQjoi,2,Neutral
Now available: Weekly data on the Assets and Liabilities of Commercial Banks in the United States: https://t.co/Q478LdiYLB #FedData,2,Neutral
"NY Fed Offers First Year-End Repo, Adds $93.5 Bln in Cash Banks Seek Liquidity
https://t.co/twaYHd2PDZ
@mdbaccardax",2,Neutral
Off the 'QT': Does Federal Reserve nominee Judy Shelton have a balance sheet problem? https://t.co/masWFSb9oB https://t.co/RyPS7DYCC3,2,Neutral
"Once we have more clarity about the new coronavirus outbreak, expect interest rates to rise, says Quicken Loans CEO… https://t.co/OOv4bsPKpX",2,Neutral
Orr May Signal Readiness to Cut Rates as Virus Hits New Zealand's Economy,2,Neutral
Parkmead : Bank of Jamaica 14-Day Repo Auction Announcement -25 November 2019 #Parkmead #Stock #MarketScreener… https://t.co/cMHuPB7ZFM,2,Neutral
"Patrick Harker, President of the Philly Fed, is due to speak now.",2,Neutral
PBOC Tells Property Speculators That ‘Homes Are For Living In’,2,Neutral
PBOC Will Resolve Risks Gradually as Downward Pressure on Chinese Economy Has Increased #economy #MarketScreener… https://t.co/wMzcC38OfV,2,Neutral
Peter Conti-Brown On The CARES Act And The Expanding Fed-Treasury Relationship In Response To COVID-19.… https://t.co/5rEILyYuNC,2,Neutral
"Powell's 'half-full' U.S. glass sturdy but still at risk for spills as Fed meets
https://t.co/HPxoBCxi3B https://t.co/NQqEENkR6e",2,Neutral
President Trump meets with Fed Chairman Powell to discuss economy,2,Neutral
Press release on the Monetary Council meeting of 7 April 2020 #economy #MarketScreener https://t.co/vSMuCNmMuE https://t.co/13ghOSot3X,2,Neutral
Property Lenders Surge After India Central Bank Eases Cash Rules,2,Neutral
QE Infinity: So It Begins. https://t.co/HppY8KK3fV #business #stocks #stockmarket,2,Neutral
Rate futures surge as coronavirus seen pushing Fed to ease https://t.co/Fi8x6k42Ap https://t.co/MPjtg6wicr,2,Neutral
Read the latest FOMC statement https://t.co/VCPbCo6m61,2,Neutral
"Regional Fed leaders favored holding rates steady for now, but that any worsening of novel coronavirus could affect… https://t.co/tcZzqWkz52",2,Neutral
Rise of the intangibles is pushing down on central bank rates - BoE's Haskel https://t.co/3gYMZ51yzI https://t.co/yFeH07V30c,2,Neutral
Robert Kaplan Says Fed Should Hold Barring ‘Material’ Change in Outlook,2,Neutral
"Russia Delivers Sixth Straight Rate Cut, Signals Further Easing",2,Neutral
"Russian and Romanian Rate Decisions, Commodity Chaos: Eco Day",2,Neutral
Saudi Arabian Monetary Agency : SAMA Licenses HalalaH and BayanPay Companies #SaudiArabianMonetaryAgency #economy… https://t.co/mCmqEEmaP0,2,Neutral
SBI Cuts MCLR-Based Lending Rates By 5 Basis Points Across Tenors,2,Neutral
Sizing Up the Fed's Historic Coronavirus Crisis Intervention #Samp;P500 #economy #MarketScreener… https://t.co/o4qzaZPUeG,2,Neutral
South African Reserve Bank : Regulatory relief measures and guidance to the banking sector...… https://t.co/kXm8dScZTn,2,Neutral
St. Louis Fed President Jim Bullard recommends declaring a  “National Pandemic Adjustment Period' and discusses thre… https://t.co/o942U7BKPI,2,Neutral
"Stock market live updates: Former Federal Reserve Chair Janet Yellen said the economy is in the throes of an ""absol… https://t.co/2xqOHCLmEe",2,Neutral
Stock Market Update: President Trump meets with Fed Chair Powell,2,Neutral
"Sweden's Riksbank underscores its commitment to zero interest rates, despite cutting its inflation forecast https://t.co/cqDzr8JVZ9",2,Neutral
"Swedish central bank set to keep rates steady on Feb. 12, and through 2021: Reuters Poll",2,Neutral
Thailand's central bank faces a fresh battle to contain the baht's strength,2,Neutral
The Bank of England is launching an extra weekly liquidity facility after banks' demand for cash soared at its regu… https://t.co/N8q2VXLg5u,2,Neutral
"The Bank of Israel extends its pause in interest rates, surprising most economists https://t.co/8lydT0Ph6e",2,Neutral
The ECB dived into the fight to save the economy with 34 billion euros of bond purchases last week https://t.co/JNSEDvs9lt,2,Neutral
The ECB ramped up its government bond buying program even before it boosted quantitative easing by an extra $805 bi… https://t.co/bYKZM2CTjP,2,Neutral
The ECB will accept junk-rated Greek government bonds as collateral as part of wide-ranging measures to ease lender… https://t.co/8Kx1J07gTl,2,Neutral
"The ECB will probably decide to take better account of home costs in its inflation measure, but there's unlikely to… https://t.co/Kg9elTbD90",2,Neutral
The Fed and the Treasury will start buying debt issued by banks that lend through the government's small businesses… https://t.co/ZE7SV2CCmR,2,Neutral
The Fed and Treasury Department are planning to launch a program to buy loans that financial firms make through the… https://t.co/DUUAXs3yzq,2,Neutral
"The Fed announced a massive second wave of initiatives to support the U.S. economy, many specifically targeting com… https://t.co/6wgz15jypX",2,Neutral
"The Fed announced new programs to help markets, the NYSE begins trading remotely today, and Trump activated the Nat… https://t.co/6QWlnqOWDy",2,Neutral
The Fed Faces a Housing Conundrum,2,Neutral
The Fed is going all in to try and ramp up the economy. Will it be enough? Insights via @CMEGroup https://t.co/BpEqm1utJ9,2,Neutral
The Fed is going all in to try and ramp up the economy. Will it be enough? Insights via @CMEGroup https://t.co/RxmrkDKQOa,2,Neutral
The Fed is going to buy ETFs. What does it mean? https://t.co/t0Gh4NVwfQ,2,Neutral
The Fed Is Now Buying Investment Grade Bond ETFs Like LQD  https://t.co/ZQC24DFN3L,2,Neutral
"The Fed is on hold for now, but it might not take much to change that",2,Neutral
The Fed may be about to get a lot more involved in the bond market (via @bopinion) https://t.co/WxC8AWRRaS,2,Neutral
The Fed plans to lend directly to companies outside the banking system. Former Fed Governor Narayana Kocherlakota s… https://t.co/WIJjtKBYJD,2,Neutral
The Fed Says 'Helicopter Money' Is Here. https://t.co/JRqmtSRtbf #stocks #business #stockmarket,2,Neutral
The Fed sidesteps a bickering Congress with sweeping rescue plan https://t.co/SBxYPhDR2q,2,Neutral
The Fed took the lid off QE. Here's how the central bank has been responding to the coronavirus crisis… https://t.co/z51VeD10Tb,2,Neutral
The Fed will create a new facility to help speed support to small businesses through the government's coronavirus s… https://t.co/M22EUfsoP9,2,Neutral
The Fed will launch a barrage of programs aimed at helping markets function more efficiently in the wake of the cor… https://t.co/kSh6hJKgyo,2,Neutral
The Fed’s interventions are aimed at ensuring that the financial system has enough liquidity and that short-term bo… https://t.co/cwaCeyj97h,2,Neutral
The Federal Reserve assured the nation that the Central Bank has an essentially limitless ability to provide liquid… https://t.co/43Z7zVmKtL,2,Neutral
The Federal Reserve Bank of New York added liquidity to financial markets Thursday in what is effectively a short-t… https://t.co/XWjrSLEXbj,2,Neutral
The Federal Reserve is signaling it will do whatever it takes to save the coronavirus-ravaged American economy from… https://t.co/EB9feds0vx,2,Neutral
"The Federal Reserve is wading into the $3.9 trillion municipal-bond market. 

But the central bank still has more l… https://t.co/CVR76uG6LQ",2,Neutral
The Federal Reserve on Monday announced a massive second wave of initiatives to support a shuttered U.S. economy https://t.co/24MqL6jTmM,2,Neutral
The Federal Reserve on Monday once again stepped in to shore up the lending market as it rolled out an array of pro… https://t.co/9U9ndPky3a,2,Neutral
The Federal Reserve on Monday rolled out an extraordinary array of programs to backstop an economy reeling from res… https://t.co/uCAEJ41Rzs,2,Neutral
"The Federal Reserve took more extraordinary measures to keep the economy from seizing up, but it can't soften the b… https://t.co/SsvXAyhVr3",2,Neutral
The Fed's Emergence as a Power Player Poses New Risks to Its Independence #economy #MarketScreener… https://t.co/hwe3xwwGma,2,Neutral
"The IMF has three main roles: economic policy advice, lending, and capacity development. How did we serve our 189 m… https://t.co/XreOyj15Bu",2,Neutral
The IMF is providing emergency financial assistance to member countries facing the economic impact of the #COVID19… https://t.co/Vu7rLIfpN7,2,Neutral
The IMF may launch a new program that could back up the Fed's campaign to keep dollars flowing in the global economy https://t.co/wOOa8e7wX6,2,Neutral
The IMF says that Uganda will spend as much as a fifth of government revenue on interest payments https://t.co/upwkLxCclO,2,Neutral
"The man about to become Britain's top central banker says the U.K. should be free to change its own rules, ahead of… https://t.co/K7CYXMDfaf",2,Neutral
"The New York Fed said it will shrink its repurchase agreement operations further, starting with Friday's overnight… https://t.co/eAhxhyAocY",2,Neutral
"The NY Fed said it accepted $25 billion in bids, from a total of $49 billion placed at the central bank  https://t.co/qmdK6LGP1t",2,Neutral
The quarterly handoff in Treasury shorts is riskier than normal https://t.co/BlFNMTJ4Pw,2,Neutral
The Russian government tapped its sovereign wealth fund to purchase the central bank's 50% holding in the country's… https://t.co/XNbtGWFcog,2,Neutral
"The St. Louis Fed is proud to assist @USTreasury in presenting Your Guide to America’s Finances, an annual snapshot… https://t.co/1VqagVX5ok",2,Neutral
The stricken Bank of Jinzhou will unload $21 billion of assets to the central bank for less than a third of theirÃ‚Â r… https://t.co/xGuCP9lBlH,2,Neutral
The target for the overnight interbank funding rate is decreased by 25 basis points #Stock #MarketScreener… https://t.co/pUpRxfyNco,2,Neutral
"The U.S. should declare a 3-month break for nonessential businesses, says St. Louis Fed president https://t.co/vsE3wjGyHk",2,Neutral
"The worst scramble for cash is happening in an opaque corner of the market, where the Fed has little control, write… https://t.co/1ZddVnhX3j",2,Neutral
"Today, the IMF Executive Board approved a disbursement of €176.5 million to #NorthMacedonia. This financial suppor… https://t.co/hloz3ZRGNH",2,Neutral
Traders are now trying to get ahead of the Fed's purchases https://t.co/UTF5phTB1V,2,Neutral
Traders Maintain Amount of Fed Easing Seen in 2020 After Jobs,2,Neutral
Trump doubles down on lower rates at Powell meeting,2,Neutral
"Trump says he talked about interest rates, dollar strength with Powell",2,Neutral
Tunisia eyes IMF talks in March on sixth review of loan deal -minister #economy #MarketScreener… https://t.co/9eio1gEMyk,2,Neutral
Turkey is trying to stop emergency loans intended to boost its economy during the coronavirus slowdown from fueling… https://t.co/EcSwShpQGl,2,Neutral
Two Regional Fed Chiefs Lay Out Aggressive Coronavirus Response -- Update #economy #MarketScreener… https://t.co/9OUm67AaSL,2,Neutral
Two top BOE officials suggested that the UK financial system's rules may have to diverge from the EU's after Brexit https://t.co/85NEJl6fLm,2,Neutral
"U.S. banks cram for Fed risk test, with ripple effects in repo #economy #MarketScreener https://t.co/Hvz8lXjRl0 https://t.co/Dg0f2nRHHP",2,Neutral
"U.S. Fed buys $427 million of mortgage bonds, sells none https://t.co/ezA4AiwOlC https://t.co/z4h3yRWGTj",2,Neutral
U.S. to Block Iran's Request to IMF for $5 Billion Loan to Fight Coronavirus -- Update #economy #MarketScreener… https://t.co/n3Crpty48r,2,Neutral
"U.S. Treasury, Fed working on 'Main Street,' municipal loan facilities - Mnuchin #economy #MarketScreener… https://t.co/xlHUAdkJG9",2,Neutral
UK banks' dollar demand rises to $3.555 billion: BoE repo operation https://t.co/D5YDDpaj13 https://t.co/licT21042C,2,Neutral
UK watchdog gauging how virus affects plan to retire Libor https://t.co/B1wWDKFasL https://t.co/3ZDXFQvGtE,2,Neutral
US Fed admits Libra has potential to ‘rapidly’ achieve mass adoption,2,Neutral
US Treasury To Ask For $200 Billion More In Small Business Loans https://t.co/MpQKXdG9Xt,2,Neutral
Vital conversations happen all around the Eighth Federal Reserve District. One of the ways we listen is through our… https://t.co/tsLMen6MSn,2,Neutral
Watch Fed Chairman Jerome Powell's news conference live https://t.co/AbOHHqlbeA,2,Neutral
Watch Live: Fed Chair Powell Avoid Admitting QE4 Has Begun & Repocalypse Is Imminent https://t.co/BlKwurqscz,2,Neutral
WATCH: Fed Chair Powell holds a press conference following the FOMC's unanimous decision to leave interest rates un… https://t.co/od2QG12LGo,2,Neutral
"'We know that there will be very likely some effects on the United States', said the Fed chairman Jay Powell about… https://t.co/eAeVR5GUm2",2,Neutral
Well laid plans at the Federal Reserve keep getting blown off course by the trade war (via @RichMiller28 &… https://t.co/ESn0p1N19h,2,Neutral
What the Fed meeting minutes could say about interest rates that Powell didn't say,2,Neutral
What to look for when Fed Chair Powell meets with Congress this week,2,Neutral
Will the Fed provide any stimulus to the U.S. economy? Look to the equities market for clues. Insights via @CMEGroup https://t.co/zk1s08F1zW,2,Neutral
"With coronavirus ravaging the US economy, the Federal Reserve may have to get creative. CNN Business'… https://t.co/wqKtHN3mVC",2,Neutral
"With latest moves, Fed becomes creditor in chief for U.S. business #economy #MarketScreener https://t.co/LjIQ3iMwmv https://t.co/CY4JHRFSxb",2,Neutral
World Bank could deploy $150 billion over 15 months in coronavirus battle - Malpass #economy #MarketScreener… https://t.co/lU5FmuUBUa,2,Neutral
World Bank Suggests Creating ‘Brand Northeast’,2,Neutral
"Yellen says the Fed doesn't need to buy equities now, but Congress should reconsider allowing it https://t.co/ms6Y9qvmUK",2,Neutral
Zimbabwe Central Bank Reverses Policy and Halves Key Rate to 35%,2,Neutral
"""I’ve owned the Apple Card for 3 months…this is why it sucks."" https://t.co/ngzSpdvFPK",0,Bearish
"""That's Not Safe! Somebody's Going To Die!"": Senator Markey Slams Tesla Autopilot At Commerce Committee Hearing https://t.co/PHvFLxKnQu",0,Bearish
"""We Totally Failed As A Business"": Unicorn Scooter Impales Investors After Company Goes Hooves-Up https://t.co/otp1fQAFgj",0,Bearish
"$300,000 Pilot Jobs Drying Up in China After Boeing Grounding",0,Bearish
$AAL - American halts flights to Mainland China https://t.co/zQIKTbqqUk,0,Bearish
$AMGN - Partial response in Amgen brain cancer study https://t.co/6sAXBkTCST,0,Bearish
$AXAS - Abraxas Petroleum: Poor Liquidity Points To A Chapter 11 May Be On The Horizon. https://t.co/bdKkXTKDOL… https://t.co/PG849ZPziP,0,Bearish
$AXAS - Abraxas Petroleum: Poor Liquidity Points To A Chapter 11 May Be On The Horizon. https://t.co/bdKkXTKDOLâ€¦ https://t.co/PG849ZPziP,0,Bearish
$BA - 737 MAX crisis claims job of Boeing's top communications official https://t.co/FwntvthN9F,0,Bearish
$CAT - Caterpillar sees more weak demand ahead as firms defer capital decisions https://t.co/CzAxE8TDL1,0,Bearish
$CBAY: CymaBay Therapeutics halts clinical development of Seladelpar based on initial histological findings observe… https://t.co/v8K1pQPrsK,0,Bearish
$CORV - FDA advisory committee thumbs down on Correvio's Brinavess for AF https://t.co/vLfvDUDw9v,0,Bearish
$CTSO: CytoSorbents says temporarily pausing enrollment of REFRESH 2-AKI study at the recommendation of its Data... https://t.co/6ibg4NhPh1,0,Bearish
$LJPC - La Jolla Pharma to reassess development of LJPC-401 https://t.co/sJITlHYGuz,0,Bearish
$LK - Citron and Muddy Waters at odds over Luckin Coffeee https://t.co/gkLLQ0bBQA,0,Bearish
$UBER - Uber CEO comments on London license loss https://t.co/ppLtG1r4lP,0,Bearish
$UN $UL - Unilever U.S. recalls some chicken products https://t.co/jLN7s2LAd7,0,Bearish
"“Vaping is taking us backward,” CVS Health CEO Larry Merlo says. “Something has to be done.” https://t.co/CwxbCtXvWW https://t.co/NBv10IejXx",0,Bearish
2020 Will Be Another Year of Pain for Tanger,0,Bearish
"After Growing 16% In 2 Years, Why Did Lowe’s Number Of Stores Decrease?",0,Bearish
Airbus : Boeing deliveries halved in first eleven months of 2019 #Airbus #Stock #MarketScreener… https://t.co/5Ux2IqpCAP,0,Bearish
Apple closing all China stores and offices,0,Bearish
"Apple saw China iPhone units fall in November, Credit Suisse says",0,Bearish
"As a reminder, JPMorgan remains the riskiest bank with the highest GSIB score of any bank and a 4.0% surcharge. https://t.co/8jTxnywzqM",0,Bearish
"As Liquidation Threat Looms, Jet Airways Bidders Still Not Ready",0,Bearish
Axonics launches $110M equity offering; shares down 3% after hours,0,Bearish
BlackRock admonishes Siemens for environmental actions,0,Bearish
Boeing deliveries halved in first eleven months of 2019 https://t.co/aNHnf3f89F https://t.co/LHeC37Q814,0,Bearish
Boeing Forced to Halt 737 MAX Production,0,Bearish
Boeing to suspend 737 Max production in January,0,Bearish
"Boeing, suppliers slip as Wall Street counts MAX halt costs",0,Bearish
"Boeing's halt to 737 MAX production could ding U.S. economy, jobs",0,Bearish
Breaking - United $UAL suspends flights to China as coronavirus outbreak continues,0,Bearish
Bristol-Myers' Opdivo + Yervoy disappoints in melanoma study,0,Bearish
Bumble Bee files for bankruptcy after $25 million fine for tuna price fixing https://t.co/nLaDnUUmKh,0,Bearish
"Bumble Bee Foods filed for bankruptcy, blaming its ""recent and significant legal challenges."" https://t.co/kFYH8KrLKA",0,Bearish
Burberry says coronavirus hurting luxury demand,0,Bearish
Burberry Says Viral Epidemic Devastates China Sales,0,Bearish
BW Group trims its stake in DHT Holdings,0,Bearish
California department to reject Sezzle's application for lending license in state,0,Bearish
Canadian National Laying Off Workers,0,Bearish
Carmakers close Chinese factories because of coronavirus,0,Bearish
China’s Coronavirus Set To Dampen Economic Growth In The United States,0,Bearish
Coronavirus reports hang over cruise line sector,0,Bearish
CORRECT: Tapestry estimates 2020 negative impact of $200 mln-$250 mln from coronavirus outbreak in China,0,Bearish
"CORRECTED-Nissan recalls nearly 400,000 vehicles over braking system defect (Nov. 16)",0,Bearish
Credit Suisse's Top Investor Wants Chairman to Follow CEO Out,0,Bearish
Delta and American airlines halt flights to China in response to coronavirus https://t.co/XtxOndVRIg,0,Bearish
"Delta has decided to temporarily suspend all flights from the US to China from February 6 through April 30, due to... https://t.co/vJLfdbPhvV",0,Bearish
Disney+ faces backlash over 'The Simpsons' aspect ratio,0,Bearish
DNA testing company Veritas Genetics is suspending American operations and cutting all U.S. staff after a financing… https://t.co/LZZNsdU41T,0,Bearish
Efforts to save South African Airways by placing it into bankruptcy protection hit a snag https://t.co/ptXgcTsac7,0,Bearish
Electrolux to incur $70 million charge for U.S. overhaul,0,Bearish
Expedia's Problems Run Deeper Than SEO Headwinds,0,Bearish
Facebook under fire as political ads vanish from archive: FT https://t.co/4gXYZZSiWR https://t.co/NIfMVvmsj3,0,Bearish
Factbox: Automakers close factories in China due to virus outbreak,0,Bearish
Finnair cancels 276 flights as unions join solidarity strike #FinnairOyj #Stock #MarketScreener… https://t.co/j4PMDAs2cI,0,Bearish
"Ford Recalls More Than 500,000 Pickups for Fire Risk",0,Bearish
Ford risks Mustang fan backlash with SUV: They'll need to pry gas-powered Mustangs from 'my cold dead fingers',0,Bearish
Frozen Wells Fargo Bonuses Show a Peril for Bankers After Crisis,0,Bearish
"FTC's Look Into Facebook A 'Negative Development,' Says RBC's Mahaney",0,Bearish
Gilead's Second CAR-T Treatment Suffers the Same Issues as Yescarta,0,Bearish
Goldman partner embroiled in 1MDB scandal exits bank - FT https://t.co/uiXjEqyc6e https://t.co/cV1UlIMIB4,0,Bearish
"Gulfport Energy to stop share buybacks, cut jobs; Houston to leave board",0,Bearish
Harvest Health becomes latest cannabis company to scale back a previously-agreed deal,0,Bearish
"Hexo's Q1 Report Could Be Ugly, Says Cantor Fitzgerald",0,Bearish
Honda may keep Wuhan plants closed longer due to outbreak: Nikkei,0,Bearish
"Hong Kong Airlines to cut 400 jobs, ask employees to take unpaid leave: SCMP",0,Bearish
"Hong Kong Airlines to cut 400 jobs, operations as coronavirus hits travel",0,Bearish
"Hyundai Motor, Kia Motors to keep Chinese factories idled until February 16",0,Bearish
IFA Irish Farmers Association : HAND IN LETTERS OF PROTEST TO MEAT INDUSTRY IRELAND AND MI... #IFA #economy… https://t.co/xxnZ8OgPnG,0,Bearish
"In a sharply worded letter, HP told Xerox it has “significant concerns about both the near-term health and long-ter… https://t.co/xYlMfujdGg",0,Bearish
"ING's Fourth-Quarter Results Were Quite Challenging, Says CFO",0,Bearish
J.C. Penney Again at Risk Of NYSE Delisting,0,Bearish
Jaguar Land Rover to cut output at two UK factories,0,Bearish
La Jolla Pharma to reassess development of LJPC-401,0,Bearish
La Jolla Pharmaceutical to reassess continued development of LJPC-401 based on clinical results,0,Bearish
Lifeblood of Amazon merchants threatened as coronavirus infects Chinese workers,0,Bearish
Loonie dips as Bank of Canada official points out uncertainties,0,Bearish
L'Oreal CEO says coronavirus will hamper sales in coming weeks,0,Bearish
L'Oreal Expects Short-Term Virus Hit,0,Bearish
Lowe's says it will shut 34 stores in Canada,0,Bearish
Luckin Coffee and Yum China hit again by coronavirus anxiety,0,Bearish
"Macy's says weather, soft tourism and weak performance at lower-tier malls weighed in Q3",0,Bearish
"Mitsubishi postpones SpaceJet delivery again, books $4.5 billion special loss",0,Bearish
"Nike to record $425 mln charge as it transitions brand business in Brazil, Argentina, Chile, Uruguay to distributor partnerships",0,Bearish
Nike Warns Coronavirus Is Presuring Sales in China,0,Bearish
Nintendo Switch Shipments to Japan Delayed by Coronavirus,0,Bearish
Nissan orders deep spending cuts - Reuters,0,Bearish
Novartis to cut 150 jobs at Shanghai site in shift to commercial development,0,Bearish
NTSB calls on Boeing to redesign thousands of 737s,0,Bearish
NTSB chair criticizes Uber's safety culture,0,Bearish
Nutrien : to Shut Down Rocanville Mine for Two Weeks Due to CN Strike #Nutrien #Stock #MarketScreener… https://t.co/7RnmPSYg3X,0,Bearish
Oracle’s Need for ‘Steep’ Sales Climb Leaves Street Cautious,0,Bearish
"Participation Of BSNL, MTNL In Spectrum Auction May Lead To Conflict Of Interest: Department Of Telecom ",0,Bearish
Peter Thiel Divides Facebook Internally Over Ad Policy (Radio),0,Bearish
PG&E loses half of financial backing for bankruptcy plan,0,Bearish
Pizza Hut's Struggling Turnaround Weighs on Yum Brands Results,0,Bearish
Protest forces AngloGold to suspend Guinea gold production,0,Bearish
Qualcomm Projects Uneven Sales Growth on Pickup of 5G,0,Bearish
Royal Mail Labor Trouble Throws Long-Term Targets Into Jeopardy,0,Bearish
Royal Mail Labor Troubles Put Long-Term Targets in Jeopardy,0,Bearish
Russia's Rusal faces tough market for aluminium even after sanctions dropped,0,Bearish
"S. African Airways Cuts Foreign, Local Routes to Stay Afloat",0,Bearish
Saputo Canadian Closures Show How Much Dairy Industry Is Hurting,0,Bearish
Sell-siders on board with Bristol-Myers Squibb's Q4 & outlook,0,Bearish
SoftBank Group Corp.’s massive investment in WeWork triggered a multi-billion-dollar writedown and a rare apology f… https://t.co/PogaY0B09Z,0,Bearish
"Some gamers accessing Google's new cloud gaming platform, Stadia, through a Chromecast Ultra dongle are reporting trouble… https://t.co/t6dCbMr0C3",0,Bearish
Sparkle fades as coronavirus risks wiping out luxury goods growth,0,Bearish
"Steel Giant to Axe 3,000 Jobs as Crisis Rips Through Europe",0,Bearish
Swiss investor adviser Ethos calls for Credit Suisse overhaul after spying,0,Bearish
Tesla Cybertruck debut drew ridicule online after the newly-unveiled model’s armored glass windows cracked like spi… https://t.co/3h9ch5lK1r,0,Bearish
Tesla Zealotry on Street Fades as Focus Shifts to Fundamentals,0,Bearish
Tesla's Return to Profitability Is Not Sustainable,0,Bearish
"Teva, Bausch Could Be Next to File for Bankruptcy",0,Bearish
"The reveal of the Tesla $TSLA #Cybertruck didn't go quite as expected... but moving on, there's a few specs you sho… https://t.co/wYnwjcjnEF",0,Bearish
"The Supreme Cannabis Company, Inc. Consensus Forecasts Have Become A Little Darker Since Its Latest Report",0,Bearish
Thiel driving FB division on political ads - WSJ,0,Bearish
"Three of the largest US airlines -- Delta, American and United -- have canceled more flights between the United Sta... https://t.co/fY9qG2bXpa",0,Bearish
TikTok looks to diversify users as U.S. pressure mounts,0,Bearish
"Toyota keeps China plant output stopped through February 16 as virus hits supply, logistics",0,Bearish
"Toyota, Honda Extend China Shutdowns as Virus Gathers Pace",0,Bearish
Trading on the News Adds a Risk Premium to Shares of American Micro Devices,0,Bearish
Trans Mountain expansion costs soars to C$12.6B - report,0,Bearish
TSB to axe at least 15% of branches in cost-cutting drive https://t.co/8c17g12zuC,0,Bearish
"TSB to close 82 branches, slash costs in strategy overhaul https://t.co/RWpUxn2xTH https://t.co/TUTUh0Au4G",0,Bearish
"TSB to cut 82 branches in strategy overhaul, up to 400 may go https://t.co/D9inDP0OOQ https://t.co/w2h4hTfFyz",0,Bearish
"Tullow to Cut 40% Jobs in Kenya, Focus on Investment Decision",0,Bearish
Uber co-founder Travis Kalanick has sold $1.5 billion worth of the company's stock this month https://t.co/ZLtMcVtFcp,0,Bearish
Uber co-founder Travis Kalanick sold $1.5 billion of the company's stock this month https://t.co/L5f47o9NnD,0,Bearish
Uber Loses License In London,0,Bearish
Uber Loses London License (Again) ,0,Bearish
Uber may be about to lose the right to operate in London https://t.co/PWXX1xSAOj,0,Bearish
"UBER SAYS AWARE OF APP NOT LOADING, WORKING TO RESOLVE IT",0,Bearish
Uber's license will not be renewed in London over safety concerns https://t.co/n6NCmvWaGt,0,Bearish
'Unfit' Uber loses London license over safety failures,0,Bearish
'Unfit' Uber stripped of London license #economy #MarketScreener https://t.co/wgqFijpV50 https://t.co/clmEwq2cJK,0,Bearish
Unilever : Recalls Some Lipton and Knorr Products Due to a Poultry Supplier's Recall #Unilever #Stock… https://t.co/FxpwjQYkXh,0,Bearish
United joins Delta and American in suspending flights between the U.S. and mainland China. United's flight suspensi... https://t.co/5ZtcJXzf7O,0,Bearish
UPDATE 1-Bristol-Myers misses main goal of late-stage skin cancer trial,0,Bearish
UPDATE 1-CymaBay Therapeutics scraps liver disease studies; shares plunge,0,Bearish
UPDATE 1-FDA declines to approve Adamis Pharma's Zimhi to treat opioid overdose,0,Bearish
Vans parent VF Corp. says 60% of China owned and partnered stores are closed over coronavirus,0,Bearish
"Vans parent VF Corp. says 60% of China stores are closed over coronavirus, to update guidance in May",0,Bearish
Vietnam's budget carrier VietJet Aviation JSC will suspend all of its fights to China February 1 amid the novel cor... https://t.co/nWRl3RDuIy,0,Bearish
Walmart Inc.’s Jet subsidiary is ending its fresh-food delivery business just a year after introducing the service… https://t.co/MpzLxKX3cW,0,Bearish
Walmart Pulls The Plug On Jet.com 'City Grocery Experience',0,Bearish
Walmart's Jet is ending its fresh-food delivery business just a year after introducing the service in New York City https://t.co/Y8sI7u2mmB,0,Bearish
"WATCH: Cosmetics maker Coty, faced with weak sales, is expected to start an auction process in December and consume… https://t.co/qSW2swob2C",0,Bearish
WeWork Layoffs: 10 Things to Know About the Upcoming Job Cuts,0,Bearish
WeWork set to lay off thousands - NYT,0,Bearish
WeWork’s Path to Survival Is Narrow and Perilous,0,Bearish
What went wrong at Tesla's Cybertruck launch? Hear from Bloomberg's Ed Ludlow @EdLudlow who was there https://t.co/chEHrylNx7,0,Bearish
"Why I'm Cutting Netflix -- and Millions of Americans Might, Too",0,Bearish
Why London Has Banned Uber — Again,0,Bearish
$PBR - Petrobras expects lower April production; makes oil discovery https://t.co/kSkaXkxlze,0,Bearish
$PSX $VLO $HFC - Phillips 66 cuts rates at Bayway refinery on weak cracks - S&P Global https://t.co/0sOtRQG5t5,0,Bearish
$XOM - Exxon's Baton Rouge refinery cuts production on low demand - Reuters https://t.co/xRIss6avLy,0,Bearish
Exxon is cutting billions of dollars in investments to keep its financial footing during the worst oil-price rout i… https://t.co/QoPqAc2J9a,0,Bearish
"WATCH: Exxon Mobil, the largest U.S. oil producer, said it will cut planned capital spending by 30% this year https://t.co/pewe0L13xG",0,Bearish
"Freddie Mac Prices $731 Million Multifamily K-Deal, K-F74  https://t.co/c31iovNuJy",0,Bearish
$AAPL - Apple forecasts 100M+ 5G iPhone sales - report https://t.co/QhkaVvX1fZ,1,Bullish
$AQST FDA approves Aquestive's ALS treatment https://t.co/7g7ZbrkoqF via @YahooFinance,1,Bullish
$AQST: Aquestive Therapeutics confirms FDA approval for Exservan Oral Film for the treatment of amyotrophic lateral… https://t.co/PIRPvqJ4s7,1,Bullish
$BA $EADSY $EADSF - Boeing reports 30 orders of 737 MAX in November https://t.co/zOOFn8b2ip,1,Bullish
$CNK - Cinemark Holdings (CNK) Presents At Southwest Ideas Investor Conference - Slideshow. Get more updates here:… https://t.co/vdvcgOsGLP,1,Bullish
$DIS $SNE - Disney now sees $110M-$120M for 'Frozen II' https://t.co/I59tzaKreO,1,Bullish
$DMPI DelMar Pharmaceuticals Presents Positive Interim Data of VAL-083 Demonstrating Favorable Outcomes...… https://t.co/5WbTTriTwV,1,Bullish
$HEPA Hepion Pharmaceuticals Successfully Advances to Next Dosing Level in Ongoing Multiple Ascending Dose Clinical Study of CRV431,1,Bullish
$ICPT: Intercept Pharma announces FDA acceptance of New Drug Application for obeticholic acid seeking accelerated... https://t.co/31L0KiSWEZ,1,Bullish
$IONS $AKCA $AKCA - Akcea and Ionis launches late-stage AKCEA-TTR-LRx study https://t.co/ybDZfFkp0Z,1,Bullish
$LDOS - Leidos bull positive on DoE contract win https://t.co/KCDOa63aHE,1,Bullish
$LMT - Lockheed Martin missile test goes off well https://t.co/gYVX1UzVqD,1,Bullish
$OYST: Oyster Point Pharma reports positive top-line results from the Phase 1 ZEN Study https://t.co/3fKa6WS85r,1,Bullish
$PAC - Grupo Aeroportuario Del Pacifico reports 10.1% rise in November traffic https://t.co/1tr3oiR6mE,1,Bullish
$PTCT: PTC Therapeutics announces that the FDA has granted priority review for the New Drug Application for... https://t.co/EIQ7MgrPSc,1,Bullish
$RADA - RADA Electronic announces $12.5M in new orders https://t.co/wEocrRMgtL,1,Bullish
$SGEN - Seattle Genetics earns drug approval in Canada https://t.co/Q1co2SGurS,1,Bullish
$TAK: Takeda Pharma presents long-term data for ALUNBRIG; demonstrates continued Superiority after two years https://t.co/RPW80FKq6S,1,Bullish
$TEVA - Teva inks early-stage drug research deals https://t.co/yqK6GHv0Ff,1,Bullish
$X $MT $TMST - U.S. Steel hikes HRC prices by $30/ton; steel stocks rise https://t.co/6iAnyB79Sa,1,Bullish
"A Closer Look At Asbury Automotive Group, Inc.'s (NYSE:ABG) Impressive ROE",1,Bullish
Ad Group Publicis Keeps Guidance in Sign That Worst May Be Over,1,Bullish
AECOM recognized with national award for U.S. Federal small business program excellence,1,Bullish
Airbus racks up strong January orders,1,Bullish
Amani Gold : Secures Gold Dealers License in Tanzania #AmaniGold #Stock #MarketScreener https://t.co/fUr63A7aVB https://t.co/AHlEWGRAtq,1,Bullish
Amazon Employees Surge Toward 1 Million,1,Bullish
Amazon says it signed up new Prime service members in record numbers in the U.K. this week when it aired Premier Le… https://t.co/SM7E7PiVsL,1,Bullish
Amazon to create 500 new jobs in Florida as it plans to open a distribution center,1,Bullish
Amazon to create 500 new jobs in Florida as part of plans to open a fulfillment center in Auburndale,1,Bullish
Amazon to create 500 new jobs in Mississippi as it builds a 2nd fulfillment center in the state,1,Bullish
Amazon to create 500 new jobs in Mississippi as it builds new fulfillment center,1,Bullish
AMD launches 7nm GPU for workstations; shares +4%,1,Bullish
Analysis: Popeyes Chicken Sandwich Translates To Surge In Foot Traffic,1,Bullish
Analysts positive on New Relic's investor event,1,Bullish
Apple Averted An iPhone Fiasco With Phase 1 Trade Deal,1,Bullish
Apple forecasts 100M+ 5G iPhone sales - report,1,Bullish
Apple Just Put the Swiss Watch Industry to Shame,1,Bullish
Apple's iPhone 11 'massive' success - Wedbush,1,Bullish
ArcelorMittal More Optimistic on Steel Demand Outlook for 2020,1,Bullish
ArcelorMittal sees 2020 steel pick-up as debt hits low,1,Bullish
"As Uber, GrubHub and Postmates battle over cities, Doordash is thriving in the suburbs https://t.co/U7tr1vKX5x",1,Bullish
Azul's January traffic rose 29.1%,1,Bullish
"Baidu Leads the Way in Innovation with 5,712 Artificial Intelligence Patent Applications  https://t.co/btciiZtLpZ",1,Bullish
"Blue Apron to offer 'diabetes-friendly' menus this month, stock rallies",1,Bullish
Boeing reports 30 new orders for the troubled 737 Max in November https://t.co/jGejqEi0oT,1,Bullish
Brazilian food delivery app iFood looks to grow in retail in 2020,1,Bullish
Canopy Growth gets Health Canada license for beverage facility,1,Bullish
"Canopy Growth Obtains Health Canada License For Beverage Facility, Now Has All 'Cannabis 2.0' Licenses",1,Bullish
China EV startup Byton receives California distributor license,1,Bullish
Cipla’s India Arm Will Show Market-Beating Growth In Next Few Quarters: CEO Vohra,1,Bullish
Coca-Cola Breaks Down a Record Quarter,1,Bullish
Conoco Plans Share Buyback That's Almost 50% of Market Value,1,Bullish
"Consensus is Being Reached Over Eskom Debt, Cosatu Says",1,Bullish
"CuriosityStream, a streaming service devoted to science and nature has quietly amassed 10 million subscribers, more… https://t.co/bh8ZZdSJWv",1,Bullish
Dana extends buyback program,1,Bullish
Deutsche Bank Plans Bigger Bonuses at Asset Management Division,1,Bullish
Dunkin' Brands Accelerates Growth Into 2020,1,Bullish
Electronic Arts Breaks Down a Record Quarter,1,Bullish
Eli Lilly to create 100 jobs in Indianapolis as it adds capacity to its technology center campus,1,Bullish
"Elon Musk says Tesla has 187,000 orders for its Cybertruck, less than 48 hours after the broken-glass reveal https://t.co/AtBQDgnjUP",1,Bullish
"Elon Musk says Tesla has amassed more than 200,000 orders for its Cybertruck, even after two windows unexpectedly s… https://t.co/KL1H0oIjfL",1,Bullish
"engage:BDR : 25 New Clients, Revenue Growth & Balance Sheet Improvements #engage:BDR #Stock #MarketScreener… https://t.co/bwNFFeO1w4",1,Bullish
Extreme Networks board authorizes $100 mln share buyback,1,Bullish
FDA accepts Bioepis' application for Avastin biosimilar,1,Bullish
"FDA Approves Sarepta's Second DMD Drug, Analyst Projects $500M-Plus Opportunity",1,Bullish
FDA OKs Zogenix's Fintepla for Dravet syndrome,1,Bullish
Ford invests more in Michigan,1,Bullish
"Ford to Add 3,000 Jobs at Michigan Plants, Invest $1.45 Billion",1,Bullish
"Ford to invest $1.45 billion in two Detroit plants, add 3,000 jobs",1,Bullish
Former ConsenSys executive says Bitcoin will increase ‘stability for the average person’,1,Bullish
Grupo Aeroportuario reports 10% increase in January traffic,1,Bullish
Hecla's Fourth Quarter Continues a Strong Second Half Of 2019,1,Bullish
Highlight 2019: Ruyi Group Records Strong Development and Growth,1,Bullish
"HollyFrontier OKs new $1 billion stock buyback program, to build new renewable diesel unit",1,Bullish
"HollyFrontier outlines new biodiesel project, to buy back $1B in shares",1,Bullish
HollyFrontier sets new $1 bln share repurchase program,1,Bullish
How Nordstrom Is Benefiting From Direct-to-Consumer Brands,1,Bullish
How Target has morphed into a model for avoiding the retail apocalypse https://t.co/pfetquaLsu,1,Bullish
How the Rise of At-Home Fitness Services Could Benefit Lululemon Athletica,1,Bullish
Imagination TV announces new share buyback program,1,Bullish
"India Business Will Show Market-Beating Growth In Next Few Quarters, Says Cipla CEO",1,Bullish
Invora™ Herbicide Receives EPA Federal Approval,1,Bullish
"JUST IN: For the first time since January, orders for Boeing’s troubled 737 Max airplanes incrementally rose last m… https://t.co/myUZbIwzbP",1,Bullish
Karuna Therapeutics 'cautiously optimistic' about schizophrenia drug results in next trial: CEO https://t.co/p4vsl99X3m,1,Bullish
Kazia Announces Positive Interim Efficacy Data From GDC-0084 Phase Ii Studyin Glioblastoma Released at SNO Conferen… https://t.co/Bn7gXP51EJ,1,Bullish
Kodak Is Having a Comeback Moment as Oscars Embrace Film,1,Bullish
L’Oreal Expects to Outperform Rivals Amid Temporary Virus Hit,1,Bullish
"Lincoln Eyes Growing Market for $50,000 Rides: Auto Show Update",1,Bullish
Matinas Rides Amarin's Coattails as Vascepa Wins FDA Panel Vote,1,Bullish
"McDonald's could be the key to $1 billion in sales for Beyond Meat, UBS says https://t.co/Yszf0Gfz93 by @heidi_chung https://t.co/ToTuDKhmBI",1,Bullish
McDonald's could sell over 250 million Beyond Meat burgers in U.S. annually: UBS https://t.co/MzJGYLg3yr https://t.co/xutRTYhqcI,1,Bullish
"Medical Properties Trust, Inc. Completes 2019 With Record $4.5 Billion in Acquisitions for 64% Growth Rate and Delivers Market-Leading Shareholder Returns",1,Bullish
Merck and Bayer's vericiguat successful in late-stage heart failure study,1,Bullish
Merck's Keytruda OK'd in Europe for first-line HNSCC,1,Bullish
'Merge Magic!' helps Zynga top bookings estimates,1,Bullish
Milestone’s Expansion Continues; Opens Big Spring Facility in Northern Midland Basin,1,Bullish
"Musk suggests Tesla has 187,000 orders for Cybertruck - tweet #ElonMusk #baron #MarketScreener… https://t.co/cFon5dnm1m",1,Bullish
Netflix Inc.’s internal data suggests the streaming giant hasn’t been hurt yet by the launch of rival services from… https://t.co/wz2tbKruNf,1,Bullish
Nokia Results Beat Provides Some Relief to Tested Investors,1,Bullish
NXP Semi will resume buybacks,1,Bullish
Osram Has a Robust Start to Fiscal Year 2020,1,Bullish
Palantir Wins New Pentagon Deal With $111 Million From the Army,1,Bullish
Prothena (NASDAQ:PRTA) Is In A Good Position To Deliver On Growth Plans,1,Bullish
"Ram is making moves in the truck wars, with U.S. sales roughly tripling in the last 10 years. Watch the full video… https://t.co/P5wtyDXN3p",1,Bullish
Report: Apple's Fortunes In China Turn Around After iPhone 11 Launch,1,Bullish
"Roku Leads In Subscriber Battle With Apple, Amazon",1,Bullish
Saint-Gobain North America Announces Largest Renewable Energy Deal in Company’s 354-Year History,1,Bullish
Sanofi eyes more growth this year as it narrows focus,1,Bullish
SB Financial announces extension of share repurchase program,1,Bullish
Scorpio Tankers' Bugbee buys 2K call option contracts for $450K,1,Bullish
Seattle Genetics earns drug approval in Canada,1,Bullish
"Smart Timing for a ""Grand Theft Auto"" Sequel Could Deliver Huge Gains for Take-Two Interactive",1,Bullish
"SocGen CEO: Confident We Can Improve Net income, Profitability in 2020",1,Bullish
Spotify Adds Most Subscribers Ever in Fourth Quarter,1,Bullish
Spotify's More Confident Than Ever in Its Podcast Strategy,1,Bullish
Stock Market Update: ConocoPhillips forecasts $50 billion free cash flow over ten years,1,Bullish
StoneCo allayed some investor concerns over competition with solid growth https://t.co/2JD5cA71d1,1,Bullish
"SunExpress exercising options to buy 10 additional Boeing 737 MAX 8 planes, valued at $1.2 bln",1,Bullish
SurveyMonkey CEO: Our data shows Uber could raise prices because 'people are addicted' to app https://t.co/51xhXDlTSf,1,Bullish
Swedish gearmaker Ericsson expects 2.6 billion 5G subscriptions by end of 2025 https://t.co/WLnBwVZiaq https://t.co/3vB1JqvJ2L,1,Bullish
Takeda Announces 18-Month Data from Pivotal Phase 3 Trial of Dengue Vaccine Candidate Met All Secondary Endpoints… https://t.co/ljQtGsqLWy,1,Bullish
Target has morphed into a model for how to avoid the retail apocalypse https://t.co/LY3p19otVo,1,Bullish
"Tesla Cybertruck Hits 200,000 Orders Just Days After Botched Launch",1,Bullish
"Tesla’s Cybertruck doesn’t look street legal, but pre-orders are pouring in https://t.co/pOSWuIscRN",1,Bullish
Tinyclues Announces Major Growth in 2019,1,Bullish
Toyota in Growth Mode Defies Slowdown in Global Vehicle Demand,1,Bullish
"Tri Global Energy Maintains Lead in Texas Wind Energy Development Projects, Launches Expansion into New States",1,Bullish
Twitter's First Billion-Dollar Quarter,1,Bullish
U.S. grants Huawei 90-day extension of business license,1,Bullish
"U.S. interest positive for Ericsson, says top owner Cevian",1,Bullish
Uber To Profit From Better Pricing Environment: Singh (Radio),1,Bullish
Uber's new roadmap to profitability draws Wall Street praise,1,Bullish
Unilever sees Lipton as still attractive,1,Bullish
UPS resorted to asking temp workers to use their own cars to keep up with a record-breaking holiday season https://t.co/PXeXSNB6UA,1,Bullish
"Very Optimistic About 2020, Says Bank Albilad CEO",1,Bullish
Visa R&D Arm Develops a Blockchain System That Could Replace Financial Data Aggregators,1,Bullish
Volaris reports 18.4% growth in January traffic,1,Bullish
Volkswagen reveals exotic-sounding ID. Space Vizzion electric wagon at Los Angeles Auto Show,1,Bullish
Walmart announced that it plans to open 500 new stores in China over the next five to seven years. That would more… https://t.co/jRIRz4x6hi,1,Bullish
Walmart has announced that it plans to open 500 new stores in China over the next five to seven years. That would m… https://t.co/u6Y0TKU2Ss,1,Bullish
Walmart Marks A Five-Year Streak Of Quarterly Sales Gains And Turns To A Robotic Future,1,Bullish
"Wearables Sales Surge, Bolstering Apple Stock",1,Bullish
"Wetherspoon plans new pubs around Britain, creating 10,000 jobs https://t.co/2VCkehRW9s https://t.co/naZskECdpp",1,Bullish
"Wetherspoons plan to create 10,000 jobs met with scepticism https://t.co/6UCEHfW6T1",1,Bullish
What is Yandex? Here's a look at the company that's beating Google in Russia. https://t.co/zEFylkETf0 https://t.co/VOzL5jGbRK,1,Bullish
Why Disney+ is the only service that can rival Netflix,1,Bullish
Why Popeyes foot traffic soared in the third quarter: RPT,1,Bullish
Why Profits From Amazon's Cloud Business Could Be About to Soar,1,Bullish
Wynn Resorts confident on post-virus recovery,1,Bullish
Wynn Resorts expected to bounce back strong,1,Bullish
$CPST - Eagle Ford producer orders another Capstone C800S https://t.co/dhi3LiIgx7,1,Bullish
$CVX - Chevron prepares to restart oil output on Saudi-Kuwaiti border https://t.co/j8kjIXSngt,1,Bullish
Commodities trader Trafigura reports a record year in oil and metals https://t.co/8l4XoE7kMC,1,Bullish
$KOS - Kosmos inks Greater Tortue LNG supply deal with BP https://t.co/0a3CT4hQP6,1,Bullish
$NVEE - NV5 receives $34M LNG contract https://t.co/il2wdWhMGB,1,Bullish
$PBR: Petrobras Brasileiro on new oil discovery in Campos Basin https://t.co/oBbU68VkXm,1,Bullish
Brasileiro S A Petrobras : Petrobras on new oil discovery in Campos Basin  #Stock #MarketScreener… https://t.co/z4Cv2zQSqv,1,Bullish
$AAPL - india confirms iPhone exports https://t.co/6ccIWkfSML,2,Neutral
$AGIO: Agios Pharma presents new phamacodynamic and response data from both cohorts of perioperative study of... https://t.co/BLj4lmvnRJ,2,Neutral
$ALXN said that it will maintain an active dialogue with shareholders and welcomes constructive impact” https://t.co/nPMG69yiLb,2,Neutral
$ALXN: Alexion Pharma issues statement in regards to discussions with Elliott Management https://t.co/YmM7bRuzgm,2,Neutral
$ASMB - Assembly Biosciences (ASMB) Presents At Jefferies Global Healthcare Conference - Slideshow. Get more info o… https://t.co/MtfizeNa33,2,Neutral
$AXL - American Axle & Manufacturing (AXL) Investor Presentation - Slideshow. Subscribe to Seeking Alpha for more:… https://t.co/QBilGNkYMD,2,Neutral
"$BA - Boeing debuts first 737 MAX 10, largest version of embattled plane https://t.co/6OsMio0V0J",2,Neutral
"$BA CORRECTION: 737 MAX 10 makes debut at Renton, Washington Factory - Bloomberg",2,Neutral
"$BABA - Alibaba, Manchester United sign streaming pact https://t.co/720C8lT1zj",2,Neutral
$BAYRY: Bayer AG submits application to EMA for use of rivaroxaban in children with venous thromboembolism https://t.co/zhjz5RLwZ8,2,Neutral
$BIIB - Biogen (BIIB) Presents Aducanumab Phase 3 Topline Results - Slideshow. Read more and get updates on any sto… https://t.co/FOEG9uCja1,2,Neutral
$BMY - Bristol-Myers Squibb (BMY) Presents At American Society Of Hematology Annual Meeting - Slideshow. Get more u… https://t.co/4zuofGIzKQ,2,Neutral
$BMY - Bristol-Myers Squibb Prescribed For The Newborn Portfolio. Keep reading: https://t.co/MjOY8vsnmo #investing #markets #stocks,2,Neutral
$BMY $XLRN - No Ad Com review for Bristol-Myers' luspatercept for MDS https://t.co/YTvakZMTT3,2,Neutral
$BRKS - Brooks Automation (BRKS) Investor Presentation - Slideshow. Get more updates here: https://t.co/5agFZ1mXOh… https://t.co/1zs7gcr8uR,2,Neutral
$CARA - Cara Therapeutics (CARA) Investor Presentation - Slideshow. Follow this and any other stock on Seeking Alph… https://t.co/OPyNnK4rN7,2,Neutral
$COP - ConocoPhillips (COP) Investor Presentation - Slideshow. Keep reading: https://t.co/iSocNAQhv9 #investing #markets #finance,2,Neutral
$CREG - China Recycling completes warrant exchange offer https://t.co/UYsq59ThYE,2,Neutral
$CRSP - Crispr Therapeutics (CRSP) Investor Presentation - Slideshow. Keep reading: https://t.co/oloYgHLePX #business #investing #trading,2,Neutral
$CS - Credit Suisse power struggle mounts - Bloomberg https://t.co/rn1V98jRFH,2,Neutral
$CVX - Chevron CEO planning major cost-cutting initiative - Reuters https://t.co/22rLMaOW3N,2,Neutral
$CWBHF - Charlotte's Web announces underwritten offering https://t.co/sztUW2bVmi,2,Neutral
$DAN - Dana (DAN) Presents At Barclays Global Automotive Conference - Slideshow. Read more: https://t.co/Qjy5FqzFQy… https://t.co/pYliENEAnG,2,Neutral
$DCP - DCP Midstream (DCP) Presents At RBC Capital Markets Midstream Conference - Slideshow. Read more and sign up… https://t.co/PIQchMtrNZ,2,Neutral
$DVAX - Dynavax Technologies (DVAX) Investor Presentation - Slideshow. Keep reading: https://t.co/0PSKHmnw4g #finance #trading #stockmarket,2,Neutral
"$DVN $DOW - Devon Energy, Dow to jointly develop Oklahoma shale acreage https://t.co/eCS90hUh92",2,Neutral
"$EC: Ecopetrol plans to invest an expected $4.5-5.5 bln in 2020, 25% to 53% higher than the estimated 2019 figure... https://t.co/20Fue6Os6N",2,Neutral
$EHTH - eHealth: Another Prescription For A Healthy Beat And Raise. https://t.co/y6x6CCuKH7 #trading #finance #markets,2,Neutral
$ENB $ENB $CVE - Enbridge says Mainline plan opponents stalling for time https://t.co/tRuhfNl8if,2,Neutral
$EPD - Enterprise Products Partners (EPD) Presents At RBC Capital Markets Midstream Conference - Slideshow. Follow… https://t.co/1mXgfJmOF2,2,Neutral
$EPR - EPR Properties sells Charter School portfolio for $454M; lowers FFO guidance for 2019 https://t.co/M3AcW52osx,2,Neutral
$FATE: Fate Therapeutics presents new preclinical data for FT819 https://t.co/3Y3QOyRYbZ,2,Neutral
$FB - Facebook built app for real-time face recognition - report https://t.co/MFOuEHJp1Z,2,Neutral
$FLOW - SPX Flow (FLOW) Presents At 7th Annual Industrials Conference - Slideshow. Follow this and any other stock… https://t.co/6HrSH9bKz0,2,Neutral
$FOX $FOXA - Fox sells out Super Bowl ad slots early https://t.co/ZluO3PcXxY,2,Neutral
$GEL - Genesis Energy (GEL) Presents At RBC Capital Markets Midstream Conference - Slideshow. Sign up for updates o… https://t.co/HLgr9igXC2,2,Neutral
$GOOG - Alphabet's Loon closer to Kenya launch https://t.co/UbTp3i4Zte,2,Neutral
$GOOG $GOOGL - Google Cloud Print ending next year https://t.co/YoXNBo5hQ2,2,Neutral
$GS - Goldman teams with startup to explore quantum computing - WSJ https://t.co/imM34FiRog,2,Neutral
$GTX - Garrett Motion (GTX) Presents At Barclays Global Automotive Conference - Slideshow. Get more info on Seeking… https://t.co/3atvLsDx1g,2,Neutral
"$HPQ: HP sends letter to Xerox (XRX), reiterates rejection of proposal https://t.co/ndq3aAwthD",2,Neutral
$IPPLF - Inter Pipeline to spend $935M on Heartland polypropylene plant https://t.co/7xumG0ldPI,2,Neutral
$ISR - IsoRay to offer total solution in head and neck cancer https://t.co/IDVbpH0SkQ,2,Neutral
$JELD - Jeld-Wen Holding (JELD) Presents At 7th Annual Industrials Conference - Slideshow. Keep reading:… https://t.co/HBFMzKUVj8,2,Neutral
$KGC - Kinross Gold (KGC) Presents At 23rd Annual Western Institutional Investor Conference - Slideshow.... https://t.co/3GHkbeYsRj,2,Neutral
$KRTX - Karuna Therapeutics (KRTX) Presents At Piper Jaffray Healthcare Conference - Slideshow. Read more and get u… https://t.co/rOH5m2Aw6q,2,Neutral
$KZR Kezar Life Sciences Highlights Therapeutic Potential of Protein Secretion Inhibitors at the 61st American Soci… https://t.co/jFFu7R9I6T,2,Neutral
$LASR - nLIGHT (LASR) Investor Presentation - Slideshow. Subscribe to Seeking Alpha for more:… https://t.co/08AyOeTPAD,2,Neutral
$LDOS - Leidos wins DoE contract https://t.co/DACUA3kFd3,2,Neutral
$LJPC: La Jolla Pharm says will reassess continued development of LJPC-401 (synthetic human hepcidin) based on... https://t.co/Su3WyKkyFN,2,Neutral
$LK calls @BlackBox_Team https://t.co/f0cvVLxwvW,2,Neutral
$LMT - Lockheed Martin (LMT) Presents At 7th Annual Industrials Conference - Slideshow. Subscribe to Seeking Alpha… https://t.co/T5tYeGIq7H,2,Neutral
"$LSCC - Lattice unveils FPGA platform, products https://t.co/XvIDUz9rch",2,Neutral
"$LYFT - Lyft Has 99 Problems, But This Ain't One. https://t.co/I9yToDTye5 #markets #stockmarket #stocks",2,Neutral
$M - Macy's to test new concept https://t.co/GDPbKYfu65,2,Neutral
$MCD $BYND - Sky-high projection on McDonald's P.L.T sales https://t.co/G9y6kNSm6A,2,Neutral
$MMLP - Martin Midstream Partners (MMLP) Presents At RBC Capital Markets Midstream Conference - Slideshow. Get more… https://t.co/yQtP60wVl0,2,Neutral
$MNTA - Momenta Pharma launches $200M stock offering https://t.co/twgG4AQ1jx,2,Neutral
$MRNA trademark - WUHAN CORONA VAX https://t.co/0Dd4ke2Jar,2,Neutral
$MSFT $WORK - MSFT's Teams joins Slack on Linux https://t.co/a3EPajypRW,2,Neutral
$OC - Owens Corning wins spot on Goldman's Conviction List https://t.co/LVtTiJR5T9,2,Neutral
$OCUL - Ocular Therapeutix (OCUL) Presents At Jefferies Global Healthcare Conference - Slideshow. Sign up for updat… https://t.co/7etAotM3V4,2,Neutral
$OKE - ONEOK (OKE) Presents At RBC Capital Markets Midstream Conference - Slideshow. Continue reading:… https://t.co/MCuoODzYHH,2,Neutral
$OMCL: Omnicell highlights strategic priorities and long-term financial targets at investor & analyst day https://t.co/BVifWUzbXK,2,Neutral
"$OPTT in the recent conference call, CEO said, No need to raise funds.",2,Neutral
$ORN - Orion Group Holdings (ORN) Investor Presentation - Slideshow. Get more info on Seeking Alpha:… https://t.co/x6ZUXNNMNg,2,Neutral
"$PHUN Mobile advertising company Phunware(PHUN) has landed President Trump's re-election campaign as a client, the… https://t.co/6JgNZIRAoe",2,Neutral
$PJC - Piper Jaffray Companies (PJC) Investor Presentation - Slideshow. Subscribe to Seeking Alpha for more:… https://t.co/h5HaVMCEwe,2,Neutral
$PLMR - Palomar Holdings (PLMR) Investor Presentation - Slideshow. Get more info on Seeking Alpha:… https://t.co/4E7LREWtAm,2,Neutral
$POOL - Pool (POOL) Presents At 2019 Stephens Nashville Investment Conference - Slideshow. Keep reading:… https://t.co/5l8I5uc2Gu,2,Neutral
$PRA - ProAssurance (PRA) Investor Presentation - Slideshow. Get more info on Seeking Alpha:… https://t.co/gdhx94cy81,2,Neutral
$PRTA - Prothena (PRTA) Investor Presentation - Slideshow. Read more and get updates on any stock!… https://t.co/sUP1UgLUhE,2,Neutral
$PURA - Puration updates on revenue target https://t.co/nevy68Z1Oy,2,Neutral
$R - Ryder System (R) Investor Presentation - Slideshow. Keep reading: https://t.co/C8ZZUcOTeE #economy #finance #stocks,2,Neutral
$REGN - Regeneron Pharmaceuticals (REGN) Presents At Jefferies Global Healthcare Conference - Slideshow. Subscribe… https://t.co/VGncSdz2a0,2,Neutral
$RES - RPC (RES) Presents At Southwest Ideas Investor Conference - Slideshow. Follow this and any other stock on Se… https://t.co/xKaSMZtqMp,2,Neutral
$RGEN - Repligen (RGEN) Investor Presentation - Slideshow. Get more updates here: https://t.co/kK62YD35wd #markets #stocks #investing,2,Neutral
$RUTH - Ruth's Hospitality Group (RUTH) Investor Presentation - Slideshow. Read more: https://t.co/GvQdcldSVo #economy #stockmarket #stocks,2,Neutral
$RVNC: Revance Therapeutics submitted a BLA to the FDA for DAXI in the treatment of moderate to severe glabellar... https://t.co/G43keJ8eQ2,2,Neutral
$SAEX - SAExploration gets Nasdaq non-compliance letter https://t.co/AbMzoKMQWL,2,Neutral
$SFTBF $SFTBY - SoftBank backs Brazilian e-commerce software startup https://t.co/Yjla5Ixrye,2,Neutral
$SGEN: Seattle Genetics: Health Canada has approved the supplemental New Drug Submission that expands the use of... https://t.co/rHk5Gxvlyv,2,Neutral
$SLCA - U.S. Silica (SLCA) Presents At 2019 Stephens Nashville Investment Conference - Slideshow. Read more and get… https://t.co/8MsW0aJ30K,2,Neutral
$SM - SM Energy (SM) Presents At 2019 Stephens Nashville Investment Conference - Slideshow. Read more and get updat… https://t.co/w15JWT01on,2,Neutral
$SPPI - Spectrum Pharmaceuticals (SPPI) Investor Presentation - Slideshow. Sign up for updates on Seeking Alpha!… https://t.co/EeU3d0DygX,2,Neutral
$SRI - Stoneridge (SRI) Presents At 2019 Stephens Nashville Investment Conference - Slideshow. Read more and get up… https://t.co/yZF3pgAoWM,2,Neutral
$SSL: Sasol comments on results for half year ending 31 December 2019 https://t.co/aXAt2U6hFn,2,Neutral
$SYBX another good one for next week. Webcast Presentation at the Piper Jaffray 31st Annual Healthcare Conference. https://t.co/cSQmmvGkRN,2,Neutral
$TACT - TransAct Technologies (TACT) Investor Presentation - Slideshow. Sign up for updates on Seeking Alpha!… https://t.co/3ntClA6ZLL,2,Neutral
"$TCCO insane, halted again...... Just 1.85M shares float, exaclty like $MYSZ lets see if we get good news to see also a big pop. Im long.",2,Neutral
$TECK $RGLD - Strike ends at Teck Resources' Andacollo mine in Chile https://t.co/1uMUHsrz32,2,Neutral
$TEN - Tenneco (TEN) Presents At Barclays Global Automotive Conference - Slideshow. Follow this and any other stock… https://t.co/GIiv33HlVR,2,Neutral
$TITN - Titan Machinery (TITN) Presents At 2019 Stephens Nashville Investment Conference - Slideshow. Get more info… https://t.co/n2mtTU4lCn,2,Neutral
$TRGP - Targa Resources (TRGP) Presents At RBC Capital Markets Midstream Conference - Slideshow. Sign up for update… https://t.co/s6lPhegpvA,2,Neutral
$TRLFF - True Leaf lands license for medical cannabis production https://t.co/uTR4ltiJma,2,Neutral
"$TRNX Taronis Provides Summary of Shareholder Town Hall .. Taronis Fuels generated record fourth quarter unaudited,... https://t.co/iy6qCngjJz",2,Neutral
$TRP - TC Energy (TRP) Investor Presentation - Slideshow. Subscribe to Seeking Alpha for more:… https://t.co/SjTmkjUpWn,2,Neutral
$TRTN - Triton International Ltd. Issuing Its Fourth Preferred Stock For The Past Year. https://t.co/dKJNrLoymo... https://t.co/t98dnEuAdv,2,Neutral
$TXN - Texas Instruments (TXN) Management Presents at UBS Global TMT Conference - Transcript. Continue reading:… https://t.co/F0LilKlKy8,2,Neutral
$UCBJF $UCBJF $ABBV - UCB's bimekizumab tops Humira in late-stage psoriasis study https://t.co/LHT1Kd1aTu,2,Neutral
$UNG $UGAZ $DGAZ - Freeport LNG launches commercial operations https://t.co/HLhVyhEFXZ,2,Neutral
$VG - Vonage Holdings (VG) Investor Presentation - Slideshow. Sign up for updates on Seeking Alpha!… https://t.co/QVdBVi8ycw,2,Neutral
$VIPS - Vipshop announces business cooperation with SF Holding https://t.co/ZovfVIdE2E,2,Neutral
$VIVE - Viveve Medical prices unit offering https://t.co/10BKUtJ8Cy,2,Neutral
$VMD - Viemed Healthcare (VMD) Investor Presentation - Slideshow. Follow this and any other stock on Seeking Alpha!… https://t.co/73LaruXZgL,2,Neutral
"$VMW - VMware, Inc. (VMW) Presents at Raymond James Technology Investors Conference (Transcript). Follow this and a… https://t.co/VeYNnau4xL",2,Neutral
$VNDA - Vanda Pharmaceuticals (VNDA) Presents At Stifel Healthcare Conference - Slideshow. Subscribe to Seeking Alp… https://t.co/7AISZPTUE0,2,Neutral
$VSTM - Verastem submits marketing application in Europe for Copiktra https://t.co/mQYcMbts2u,2,Neutral
$WERN - Werner Enterprises (WERN) Presents At 2019 Stephens Nashville Investment Conference - Slideshow. Get more u… https://t.co/QIHwSaT3Wn,2,Neutral
$WINMQ $UNIT - Windstream works to block Uniti call for summary judgment https://t.co/ilBCnJChum,2,Neutral
$WKHS Workhorse Says New Loan Will Cover Electric Truck Production $DUK $GM $UPS https://t.co/qrNMz6mxbT via @benzinga,2,Neutral
$WTER - Alkaline Water (WTER) Presents At Southwest Ideas Investor Conference - Slideshow. Read more and get update… https://t.co/p9Mhc99pnP,2,Neutral
$WXXWY - WuXi Vaccines to Build a $240M manufacturing facility in Ireland https://t.co/Xf71YnsM17,2,Neutral
$ZIOP: ZIOPHARM presents clinical data for controlled IL-12; reinforced favorable safety profile and initial data https://t.co/oQuq157aoP,2,Neutral
“I think it’s a time of great transformation in retail right now.” @stitchfix CEO Katrina Lake discusses how the co… https://t.co/gQgzOBNaUg,2,Neutral
“Oh my f---ing god:” Elon Musk is stunned as Tesla truck's shatterproof windows break https://t.co/ErdHvY9jh5 via @luxury,2,Neutral
 100 million investment: AGRANA opens second wheat starch plant at site in Pischelsdorf (...… https://t.co/6lZoMyTy3H,2,Neutral
3 Different Share Sales From the Company and Insiders Weigh on Roku,2,Neutral
3 Reasons OrganiGram Should Bounce Back Big Time in 2020,2,Neutral
"3M is exploring a sale of its drug delivery systems unit, which could fetch about $1 billion https://t.co/vTe9IF8sz4",2,Neutral
5 Things to Know About Canopy Growth's Q3 Report,2,Neutral
737 MAX grounding benefits no one - Airbus,2,Neutral
7-Eleven pilots first cashierless store,2,Neutral
AbbVie : Form 8.3 -  #AbbVie #Stock #MarketScreener https://t.co/QPZhKPWGjF https://t.co/AS7H0SkVG8,2,Neutral
About 200 Google employees demonstrated outside the company’s San Francisco office Friday to protest the internet g… https://t.co/FZoqyx7Q9D,2,Neutral
Acreage Open Its First Cannabis Cultivation Facility In The Pacific Northwest,2,Neutral
Actinogen Medical : ACW 2019 AGM Chairman's Address #ActinogenMedical #Stock #MarketScreener https://t.co/4Vmdlri3vj https://t.co/1oIlWv19U5,2,Neutral
Activision Blizzard Plans to Release Several Video Game Remakes in 2020,2,Neutral
Adocia Announces Its Financial Calendar for 2020,2,Neutral
ADS CEO news takes analysts by surprise,2,Neutral
Advocacy Group Fighting Restrictions On CDLs For The Hearing-Impaired,2,Neutral
ADX Energy : General Meeting Results of Meeting #ADXEnergy #Stock #MarketScreener https://t.co/fjTDZA1DuU https://t.co/V1RPmQymMO,2,Neutral
AEO Inc. Reaffirms Commitment to Sustainability,2,Neutral
"AEP seeking wind, solar energy in PJM",2,Neutral
Aeromexico reports Januaryr traffic results,2,Neutral
"After 3 major tech investments this year, welcome to McDonald’s 2.0. https://t.co/RwK72Nm0sY",2,Neutral
"After cutting 4,000 jobs, GM is hiring, but not for traditional gasoline-powered vehicles",2,Neutral
Agati Fund : NTA Estimate - $0.1975 #AgatiFund #Stock #MarketScreener https://t.co/3FKyrRUzCE https://t.co/6Zu7vETcrU,2,Neutral
Ahold Delhaize share buyback update,2,Neutral
Air Astana says signs letter of intent for 30 Boeing 737 MAX,2,Neutral
Airbus emissions-free regional jet in the making,2,Neutral
Alacer Gold : Corrected - Significant Extension of Ardich Mineralization #AlacerGold #Stock #MarketScreener… https://t.co/URcTa4Cai4,2,Neutral
Albemarle CEO sees strong long-term lithium demand,2,Neutral
Alibaba closing books early in Hong Kong,2,Neutral
Alibaba global offering prices at ~2.8% discount,2,Neutral
Alibaba prices Hong Kong listing to raise as much as $12.9 billion,2,Neutral
"Alibaba sets price for Hong Kong listing, making it the world's biggest so far this year",2,Neutral
Alibaba to pioneer paperless listing in break with Hong Kong norm - CIO New Zealand,2,Neutral
Alibaba will raise up to $12.9 bln in Hong Kong listing -sources,2,Neutral
Alibaba's books close early in $13.4 billion Hong Kong listing: sources,2,Neutral
Alibaba's books close early in $13.4 bln Hong Kong listing -sources,2,Neutral
Alkem Labs Gets Three Observations From U.S. FDA For St. Louis Facility,2,Neutral
Alkermes submits NDA for ALKS 3831 for schizophrenia and bipolar I disorder,2,Neutral
Allbirds co-CEO Joey Zwillinger calls out Amazon for releasing a private-label shoe that looks nearly identical to… https://t.co/xg7CCdEjSQ,2,Neutral
Alliance Trust : Net Asset Value #AllianceTrust #Stock #MarketScreener https://t.co/luL6V5KzTr https://t.co/DzrqfRpBru,2,Neutral
"Allied Wallet Reaches 1,000 Live Merchants in Thailand",2,Neutral
Altice USA places i24NEWS on AT&T nets,2,Neutral
Altria to Host Webcast From the Consumer Analyst Group of New York Conference,2,Neutral
"Amazon $AMZN, for the first time, directly links comments by @realDonaldTrump to the award of the contract to Micro… https://t.co/vuQvHTMP3M",2,Neutral
Amazon and Goldman Sachs Wade Deeper Into Financial Services,2,Neutral
Amazon Announces First Iowa Fulfillment Center,2,Neutral
"Amazon Announces First-Ever ‘Amazon Future Engineer Teacher of the Year Awards,’ Awarding Seven All-Star Teachers $25,000 Prize Packages for Exemplar Work with Students Across the Country",2,Neutral
Amazon Cites Speed in Cutting Off FedEx Ground for Holiday Shipping,2,Neutral
Amazon Continues to Make Stealth Moves Into Healthcare,2,Neutral
"Amazon Invests Over Rs 2,500 Crore Into Amazon Seller Services, Amazon Data Services India",2,Neutral
Amazon pushes cloud revolution into its second phase https://t.co/ZzKVROnsl8,2,Neutral
Amazon Says More Than 99.9% of Customer Page Views Do Not Receive a Patent Infringement Claim $AMZN https://t.co/dsZBJP6Wzt @benzinga,2,Neutral
Amazon set to open new grocery stores next year,2,Neutral
"Amazon sites could be added to ""Notorious Markets"" list https://t.co/D4yF7dMZzO https://t.co/2kkqzvUdVl",2,Neutral
Amazon Teams Up With China Upstart for Black Friday Sale,2,Neutral
Amazon To Open Chinese Store As US Consumer Fades Into Darkness https://t.co/wfxhGTKHwe,2,Neutral
Amazon wants to expand its cashierless ambitions with supermarkets and pop-up stores https://t.co/S1wyJlzH5Z,2,Neutral
Amazon's Record 2019 in 7 Metrics,2,Neutral
American Airlines : Update on China Flights #AmericanAirlines #Stock #MarketScreener https://t.co/eAIZEfMItx https://t.co/mwyp2ShN5h,2,Neutral
American Express offers sign-up bonuses to lure new merchants into accepting its cards,2,Neutral
"Amipure, the Ultimately Clean K-Beauty Skin Care Brand Launches in the U.S.",2,Neutral
Amplitude Healthcare Acquisition prices $100M initial public offering,2,Neutral
Andaz Brand Debuts in Dubai With the Opening of Andaz Dubai The Palm,2,Neutral
Anglo Australian Resources NL : Exploration Update for Mandilla Gold Discovery #AngloAustralianResourcesNL #Stock… https://t.co/QRvualHOf5,2,Neutral
Anna and Elsa deliver $127 million for Disney in ‘Frozen II’ https://t.co/lz1rHMtp3P,2,Neutral
Another Google Worker Says She Was Fired for Labor Advocacy,2,Neutral
Antares Pharma inks deal with Idorsia Pharma,2,Neutral
Apple breaks ground for Austin expansion,2,Neutral
"Apple breaks ground on new $1 billion Austin campus, as President Trump is set to arrive for tour",2,Neutral
"Apple canceled the premiere of ""The Banker"" from the AFI festival as it looks into unspecified ""concerns"" about the… https://t.co/AAkmr1m0mN",2,Neutral
Apple Contractor Tells Employees to Stay Home as Coronavirus Cases Nearly Triple,2,Neutral
Apple delaying the theatrical release of “The Banker” after one of the movie’s producers was accused of assault by… https://t.co/rqPyMuLZob,2,Neutral
Apple has 'deep concerns' Chinese-born ex-employees could flee country with trade secrets https://t.co/lybSDAYibb v… https://t.co/quM3HRynDB,2,Neutral
"Apple is using a new app to get volunteers for research on hearing, heart disease and women's health. https://t.co/h0lcGnHyqy",2,Neutral
Apple plans event to honor apps and developers,2,Neutral
Apple to Dodge $150-Per-IPhone Levy If Trump Delays Tariffs,2,Neutral
"Apple's new Austin campus, which is expected to open in 2022, will initially house 5,000 employees, with the capaci… https://t.co/iyTNo40Aqp",2,Neutral
Applied DNA Announces Issuance of U.S. Patent Protecting its CertainT® Platform in Man-Made Cellulosic Fibers and Materials,2,Neutral
Arbor Realty Trust : Funds a $12.7M Freddie Mac SBL Portfolio in Northern New Jersey #ArborRealtyTrust #Stock… https://t.co/ISwt7PW94n,2,Neutral
Arconic Inc. Board of Directors Approves Separation of Company,2,Neutral
ARK Invest ETFs Focus on Disruptive Companies,2,Neutral
Armour Energy : Kincora Project Work Program Update #ArmourEnergy #Stock #MarketScreener https://t.co/hopwye7dAZ https://t.co/UFH7dvJHa8,2,Neutral
"As Boeing Halts Max Line, Airbus Can’t Make Jets Fast Enough",2,Neutral
"As the streaming market grows more crowded, Comcast's CFO suggested that the cable giant is considering a different… https://t.co/YJMrc9d2RT",2,Neutral
Ashok Leyland Ties Up With lClCl Bank For Vehicle Loans,2,Neutral
Asset management giant Vanguard enters PE market with HarbourVest team-up,2,Neutral
AssetOwl : AGM- Results of meeting #AssetOwl #Stock #MarketScreener https://t.co/bzvh8IVU6B https://t.co/i2CIzRydLj,2,Neutral
Asterion nears final close for debut fund after raising €901m,2,Neutral
Aston Martin Lagonda Global Holdings Plc secured a 500-million-pound ($656 million) lifeline to restore the balance... https://t.co/sWgwapaP3K,2,Neutral
"At Ford, $37 billion in the bank and strapped for cash https://t.co/SDSQF3awn5",2,Neutral
"At Hermès, a $67 Lipstick Could Hint at Big Ambitions",2,Neutral
"AT&T CEO talks 'Friends' reunion, Elliott intervention",2,Neutral
Atlas Arteria : successfully completes institutional offer #AtlasArteria #Stock #MarketScreener… https://t.co/WTUKVvQmYh,2,Neutral
ATSG Launches New Website https://t.co/Jnonz0ecWt https://t.co/dAi0UQ2ZEY,2,Neutral
Audax Renovables S A : The Company sells a wind farm located in the province of Cádiz #AudaxRenovablesSA #Stock… https://t.co/hLODFPbfns,2,Neutral
Audi : customer team wins Formula E season opener #AUDI #Stock #MarketScreener https://t.co/EMsluCp49r https://t.co/jFm2rbyiHw,2,Neutral
"AudioCodes : Nov 25, 2019 | AudioCodes Announces Royalty Buyout Agreement with the Israel ... #AudioCodes #Stock… https://t.co/VrDJVCbDaC",2,Neutral
Aurora Cannabis : Jordan Cove Energy Project Planning Document Available for Public Review #AuroraCannabis #Stock… https://t.co/CorDTf09EK,2,Neutral
AusQuest : Drilling Commences at Balladonia in WA #AusQuest #Stock #MarketScreener https://t.co/mnDFWyXcYW https://t.co/WzlahKg7bF,2,Neutral
Austar Gold : Extension of voluntary suspension #AustarGold #Stock #MarketScreener https://t.co/vheerRsXzI https://t.co/5JFrjWs7u6,2,Neutral
Australia's Jetstar to cut capacity in January as pilots dispute drags on,2,Neutral
"Auto Expo 2020: Now, Volkswagen Says India’s Electric Vehicle Market Isn’t Viable Yet",2,Neutral
Avaya and the International Avaya Users Group Honor Customer Innovation at Avaya ENGAGE 2020,2,Neutral
Aveo : Schemes - Final Election Results #Aveo #Stock #MarketScreener https://t.co/rhxFZ6jXXD https://t.co/yPXDpS763e,2,Neutral
Avita Medical : Change in substantial holding from MS #AvitaMedical #Stock #MarketScreener https://t.co/mYwLr0k9V2 https://t.co/h5gFaMEz3H,2,Neutral
Axonics prices stock offering at $22,2,Neutral
Axovant's AXO-AAV-GM1 an Orphan Drug in U.S. for GM1 gangliosidosis,2,Neutral
B2B software investor Osage seeks $135m for Fund V,2,Neutral
BAE Systems to Provide Intelligence Analysis for Defense Intelligence Agency,2,Neutral
Bain Capital nears deal for Italian IT services firm Engineering: sources #economy #MarketScreener… https://t.co/U9Yj5ti8eN,2,Neutral
BankFinancial Corporation Extends Share Repurchase Program  https://t.co/fCzGlh29Vj,2,Neutral
"Barra Makes Case For GM to Lead the Future of Cars, But the Market Isn’t Buying",2,Neutral
Barrick gearing for more asset sales while considering more copper,2,Neutral
Battelle To Develop Coal-to-Foam Program,2,Neutral
Baxter International : Gets NYSE Notice Regarding 10-Q Filing #BaxterInternational #Stock #MarketScreener… https://t.co/9j9axtYLE9,2,Neutral
Bellerophon to reverse split shares 1:15,2,Neutral
Beyond Meat enters France,2,Neutral
Big lead for Airbus at Dubai Airshow,2,Neutral
Biggest challenges CEO Bob Iger could face in 2020,2,Neutral
Biggest ever Baltic private equity fund hits final close,2,Neutral
BioArctic teams up with Eisai to further characterize Alzheimer's candidate BAN2401,2,Neutral
BlackRock : Energy and Resources Income Trust Plc - Net Asset Value(s) #BlackRock #Stock #MarketScreener… https://t.co/ZB7ErkO8nJ,2,Neutral
BlackRock Frontiers Investment Trust : Net Asset Value(s) #BlackRockFrontiersInvestmentTrust #Stock #MarketScreener… https://t.co/Af8ZoSZ6Km,2,Neutral
BlackRock Income and Growth Investment Trust : Net Asset Value(s)  #Stock #MarketScreener https://t.co/80teyeCgQy https://t.co/of2ZX4atd8,2,Neutral
BlackRock North American Income Trust : Net Asset Value(s)  #Stock #MarketScreener https://t.co/8w1inFr6iT https://t.co/zeDpRsHu3e,2,Neutral
Blackstone chips in $400m for gene therapy JV with Ferring,2,Neutral
Blackstone to invest $400 million in gene therapy venture with Ferring,2,Neutral
Blackstone to Name Jain as Senior Managing Director in India,2,Neutral
"Blackstone's Motel 6 Owes 2,000 Guests for Giving Names to Immigration Officials",2,Neutral
Blades boss Wilder 'drained' by VAR controversies #economy #MarketScreener https://t.co/HNnogLdXMa https://t.co/C6htUkzpci,2,Neutral
Boeing asked to redesign 737 planes after deadly 2018 flight: RPT,2,Neutral
Boeing board meets as company considers 737 MAX production changes,2,Neutral
Boeing close to winning order for 737 MAX from Turkey's SunExpress: sources,2,Neutral
Boeing mulls trimming or suspending 737 MAX production - WSJ,2,Neutral
Boeing scraps for deals at Dubai Air Show,2,Neutral
Boeing to give Southwest board 737 MAX update this week,2,Neutral
"Boeing unveils largest version of its embattled 737 Max plane, despite crisis https://t.co/khaAnu5uPW",2,Neutral
Boeing Weighs Cutting or Halting 737 MAX Production: WSJ,2,Neutral
"Boeing, Airbus kept in suspense over big Dubai jet deals",2,Neutral
Boeing's Embattled Max Gets Key Win in First Post-Grounding Deal,2,Neutral
Bombardier Global 7500 Aircraft Receives Prestigious 2019 Ontario Professional Engineers Award - GlobeNewswire,2,Neutral
"Booz Allen Hamilton to Host Conference Call to Discuss Third Quarter Fiscal 2020 Results on Friday, January 31, 2020",2,Neutral
"Botswana Sells Rights to Kill Elephants for $43,000 Per Head",2,Neutral
Boyd Gaming pulls off financing move,2,Neutral
BREAKING NEWS: AccendoWave Digital Drug Opioid Alternative Releases Home-Use Product https://t.co/O89txp8upn https://t.co/FlW06XoXQV,2,Neutral
Brierley Unveils New Branding,2,Neutral
Britain's Aston Martin talking to investors as reviews funding,2,Neutral
"Britain's Aviva to retain Singapore, China operations",2,Neutral
British Airways agrees pay deal to end strikes https://t.co/sJelgqJFhA,2,Neutral
Brookside Energy : Next Sycamore Well Delivers Another Stunning Result #BrooksideEnergy #Stock #MarketScreener… https://t.co/5vgnXN1Yao,2,Neutral
Burger King says it never promised Impossible Whoppers were vegan https://t.co/oZCnoupsYV https://t.co/lauoccNH0n,2,Neutral
BW Talks with Verizon CEO Hans Vestberg (Podcast),2,Neutral
ByteDance beats Baidu in digital ad revenue,2,Neutral
Cadbury Candy Maker Sees ‘No Stopping of Growth’ in Demand,2,Neutral
"Cadillac has big changes ahead, including new model names and electrification by 2030",2,Neutral
Calgon Carbon Corporation Announces Global Price Increase for 2020  https://t.co/i7pooa6dWY,2,Neutral
"Calyxt Achieves 2020 Soybean Contracted Acreage Goal of 100,000 Acres",2,Neutral
Can Activision Blizzard Repeat Its Strong Year In 2020?,2,Neutral
Can Ford Bounce Back in 2020?,2,Neutral
"Canada's De Havilland inks order for 20 turboprops; bets on Middle East, Africa",2,Neutral
Canadian National Railway on watch amid strike,2,Neutral
Canadian provinces on board with AbbVie's Skyrizi,2,Neutral
Cannabis company Acreage secures financing that will not dilute terms of Canopy deal,2,Neutral
Cannabis company Neptune Wellness to amend and restate processing agreement with Canopy Growth,2,Neutral
Capstone Turbine wins flare gas project order from Ecopetrol,2,Neutral
Carpetright : Form 8.5 (EPT/RI) - Carpetright PLC #Carpetright #Stock #MarketScreener https://t.co/uLEuVewtTs https://t.co/J8n92NhB8i,2,Neutral
Carvana Brings The New Way to Buy a Car™ to Utah,2,Neutral
Cases Involving Rs 3.75 Lakh Crore Disposed Of At IBC Pre-Admission Stage,2,Neutral
Caterpillar celebrates 90th NYSE anniversary,2,Neutral
cbdMD’s CBD PM and CBD Freeze Awarded 2020 Product of the Year,2,Neutral
"CDPQ teams with Piramal again, launches $300m Indian private credit platform",2,Neutral
"Central GST Collection At Rs 3.26 Lakh Crore In FY20, Says Anurag Thakur",2,Neutral
CFOAM : Update on the proposed strategic transaction with CONSOL #CFOAM #Stock #MarketScreener… https://t.co/MoqAVpJ7kj,2,Neutral
ChargePoint and NATSO Launch Collaborative to Significantly Expand EV Charging Along Nation’s Highways and in Rural Communities,2,Neutral
China Feihe : EXCHANGE NOTICE - RESUMPTION OF TRADING #ChinaFeihe #Stock #MarketScreener https://t.co/lmfATX6ZEX https://t.co/SOvZMfAhDb,2,Neutral
China International Marine Containers : ANNOUNCEMENT OF POLL RESULTS OF THE SECOND EXTRAOR... #Stock… https://t.co/IqA6b94iSv,2,Neutral
China Threatens Germany With Retaliation If Huawei 5G Is Banned,2,Neutral
China Threatens Retaliation Should Germany Ban Huawei 5G,2,Neutral
China Zheshang Bank : ARTICLES OF ASSOCIATION  #Stock #MarketScreener https://t.co/qt8NIXZAOS https://t.co/JkKXJv9cYl,2,Neutral
"China's Chip Quest Is All Heart, Not Enough Brain",2,Neutral
Chuck Akre's Biggest Transactions for the 3rd Quarter,2,Neutral
Chuy's Holdings to trim underperforming stores,2,Neutral
Citi launches high-yield online checking,2,Neutral
Clipper Logistics : Form 8.5 (EPT/NON-RI) #ClipperLogistics #Stock #MarketScreener https://t.co/rNkBoMQKT1 https://t.co/M8aGFKBxvM,2,Neutral
Clover : Results of 2019 CLV Annual General Meeting #Clover #Stock #MarketScreener https://t.co/U4JCQnvZcR https://t.co/PeFdXBAgq1,2,Neutral
Co’s that have issued #guidance in the last 30 days https://t.co/AjoAUkKrVG $SJM $HIBB $ATKR $AES $IIIV $GPS $OOMA… https://t.co/Gv6PJfhehU,2,Neutral
Cobalt Blue : Chairman's Address to Shareholders #CobaltBlue #Stock #MarketScreener https://t.co/GViLjGmUzH https://t.co/jb8sBXZ8YD,2,Neutral
Cobham : Form 8.5 (EPT/NON-RI) #Cobham #Stock #MarketScreener https://t.co/OdUzXXcPZF https://t.co/cQYH9403XJ,2,Neutral
Coca-Cola marrying one hit and one miss to create new flavor for Coke,2,Neutral
Cofinimmo : BlackRock - Transparency notification #Cofinimmo #Stock #MarketScreener https://t.co/FB0q5gsYqs https://t.co/uPMHoDp7zw,2,Neutral
Coima Res S p A : Acquisition of Microsoft's Headquarters in Milan Porta Nuova completed  #Stock #MarketScreener… https://t.co/L6AfpqzkWe,2,Neutral
"Columbia Care, NewLake Capital Enter $35M Sale-Leaseback Agreement",2,Neutral
Comtech Telecommunications Corp. Awarded $1.2 Million Contract for Military Ka-band TWTAs,2,Neutral
Comtech Telecommunications Corp. Receives $1.3 Million Contract for Military Ku-band TWTA Systems,2,Neutral
Consumer engagement drives Sydney gas network charges draft decision: AER #economy #MarketScreener… https://t.co/P4eS9yOemy,2,Neutral
Bank Of Baroda To Exit Trinidad And Tobago,2,Neutral
"Container Service Returning To Portland, Oregon",2,Neutral
Continental Announces Investment of New Automotive Manufacturing Location in Texas,2,Neutral
Continental pares back ahead of emissions crackdown,2,Neutral
Continual Technological Advancements Land Innovator In FreightTech 25,2,Neutral
Cool Planet to Explore Strategic Options With Carbon Negative Fuels Technology,2,Neutral
CoolSys Opens New Southern California Training Center for Its Technicians,2,Neutral
Corbus Pharma completes patient enrollment in mid-stage lenabasum study for CF,2,Neutral
Cosmo Energy : FY2019 2Q Financial Results Explanatory Meeting -Q&A (PDF/297K)  #Stock #MarketScreener… https://t.co/61ShLibmmQ,2,Neutral
"Costco is selling special avocados that stay ripe for twice as long, thanks to this Bill Gates-backed start-up. 🥑… https://t.co/pgAyWvKAm9",2,Neutral
Coziron Resources : Multi-Commodity Potential at Shepherds Well Project #CozironResources #Stock #MarketScreener… https://t.co/cARGG7KToa,2,Neutral
Credit Suisse Chairman Says He Has a Lot of Shareholder Support,2,Neutral
Credit Suisse’s Top Investor Wants Chairman to Follow CEO Out,2,Neutral
Credit Suisse's Giant Repair Job Is Only Just Beginning,2,Neutral
Crowd Media : CEO's AGM Presentation #CrowdMedia #Stock #MarketScreener https://t.co/jLVjlZKLqQ https://t.co/1rg9EX36y6,2,Neutral
Cybersecurity experts launch Crosspoint Capital Partners,2,Neutral
CYL: Joint Venture with St Barbara on Drummartin project #StBarbara #Stock #MarketScreener https://t.co/XpAPQX0LAj https://t.co/GChQDreykw,2,Neutral
Cynata Therapeutics : CYP Files Application to Commence Phase 2 CLI Clinical Trial #CynataTherapeutics #Stock… https://t.co/WcFhiKZF2S,2,Neutral
Dallas’ Imaginuity Ranks 16th on 2019 Dallas 100 https://t.co/FxT5vSjvYX https://t.co/amRGOJDO5k,2,Neutral
Damaged Tyson beef plant set to reopen,2,Neutral
Danaos Corporation announces $55M equity offering,2,Neutral
Danish Transport Giant Girds for ‘Chaotic’ U.K.-EU Negotiations,2,Neutral
Data443 Announces New Trading Symbol  https://t.co/CcH9VQUzQq,2,Neutral
David Rolfe Adds 2 Tech Stocks to Portfolio in 3rd Quarter,2,Neutral
Delayed debut for all-electric Ferrari,2,Neutral
Demonstrator contract for Franco-German fighter jet project expected by Jan,2,Neutral
Dicerna inks deal with Novo Nordisk for liver-related cardio-metabolic diseases,2,Neutral
Did Amazon finally have its iPhone moment? @JimCramer talks one-day shipping and what it meant for #StockoftheDay... https://t.co/zfeRpY7NNk,2,Neutral
Dimerix : Holds Pre-IND Meeting on DMX-200 With FDA #Dimerix #Stock #MarketScreener https://t.co/O0AKK9FS38 https://t.co/vcut3h8fJJ,2,Neutral
Direct Lenders Stay in Vogue as Fundraising Tops $23 Billion,2,Neutral
Disney is giving us Baby Yoda toys for Christmas https://t.co/5sFXnLp63J,2,Neutral
Disney Is Ready to Drop a Bomb on Netflix in This Huge Market,2,Neutral
Disney sees $100M 'Frozen 2' debut; Rosenblatt boosts target,2,Neutral
Disney Streaming Boss Kevin Mayer: App Architecture to Blame for Disney Plus Stumbles - Nasdaq,2,Neutral
Disney+ to debut late March in France in exclusive deal with Canal+,2,Neutral
DOMTAR CORPORATION COMMUNIQUE LES RÉSULTATS PRÉLIMINAIRES DE SON QUATRIÈME TRIMESTRE ET DE SON EXERCICE 2019,2,Neutral
"Dragon Seats Enters Partnership to Provide Custom, Heated Benches for XFL’s DC Defenders",2,Neutral
Dragonfly collaborates with Abbvie for autoimmune diseases and oncology,2,Neutral
Duke Energy prices 25M equity offering,2,Neutral
Dunkin' Teams with Beyond Meat Ambassador Snoop Dogg for Clothing Line,2,Neutral
Duxton Broadacre Farms : Changes relating to buy-back - Appendix 3D #DuxtonBroadacreFarms #Stock #MarketScreener… https://t.co/6IoVwrIEHz,2,Neutral
Dynatrace Announces Pricing of Follow-On Offering By Selling Stockholders https://t.co/RU85lpY5mQ https://t.co/JOOMOIKPeo,2,Neutral
"EasyJet seeks to ""do the right thing"" offsetting emissions, critics say fly less",2,Neutral
EBay eliminates sneaker selling fees for first time,2,Neutral
ECA Marcellus Trust I Announces Receipt of Notice from NYSE Regarding Continued Listing Standards,2,Neutral
Ecolab Named to CDP Water Security A List for Sustainable Water Management,2,Neutral
Ekso launches upgraded cloud platform to support use of exoskeleton,2,Neutral
Electric-Car Onset Leaves Lubricant Industry Facing Kodak’s Fate,2,Neutral
Eli Lilly : Reyvow Migraine Treatment Available for Prescription Use #EliLillyand #Stock #MarketScreener… https://t.co/8l20k7DcPy,2,Neutral
"Elon Musk says Tesla has 146,000 orders for its Cybertruck, less than 48 hours after the broken-glass reveal https://t.co/yzgK4mbBTB",2,Neutral
elumeo : to close its site in Rome (pdf) #elumeo #Stock #MarketScreener https://t.co/3x3PYyHfKB https://t.co/ZUs0WizSz9,2,Neutral
Embraer sells six jets at Dubai Airshow - Day 2,2,Neutral
Emerson’s New Virtual Reality Simulation Improves Workforce Safety and Speeds Training,2,Neutral
Emirates announces $16 billion order for 50 Airbus A350 planes,2,Neutral
Emirates close to buying 30 Boeing 787 in fleet compromise deal -sources,2,Neutral
Emirates Pares Back Wide-Body Airbus Order Amid Fleet Review,2,Neutral
Encana shareholder to vote against move out of Canada,2,Neutral
Encounter Resources : AGM Chair Address and Presentation #EncounterResources #Stock #MarketScreener… https://t.co/kptkwzjKfZ,2,Neutral
Endologix Announces Preliminary Financial Results and Conference Call for Fourth Quarter and Full-Year 2019,2,Neutral
Energy Pipeline Firm Takes $4 Billion Private Equity Buyout,2,Neutral
E-Porsche auf Eispiste: Das Rennsport-Comeback des Porsche-Erben,2,Neutral
EPR Properties sells Charter School portfolio for $454M; lowers FFO guidance for 2019,2,Neutral
Equinor broadens scope of carbon targets to match rivals,2,Neutral
Equinox Wins Silver Lake Funds to Help Take Aim at Peloton,2,Neutral
Ericsson Pulls Out of Biggest Mobile Event Due to Virus,2,Neutral
Ericsson Pulls Out of Biggest Mobile Industry Event Due to Virus,2,Neutral
Ericsson withdraws from MWC on coronavirus worries,2,Neutral
"Eskom, which accounts for two-fifths of South Africa’s greenhouse-gas emissions, leads the country’s biggest emitte… https://t.co/eC3HUwQDgf",2,Neutral
"ESR Cayman : PARTIAL EXERCISE OF THE OVER-ALLOTMENT OPTION, STABILIZING ACTIONS AND END OF STABILIZATION PERIOD… https://t.co/za2DQn3iV7",2,Neutral
"Estre Ambiental : to Hold its Annual General Meeting on December 20, 2019 #EstreAmbiental #Stock #MarketScreener… https://t.co/AFFuNakugw",2,Neutral
Eudonet annonce un chiffre d’affaires récurrent en hausse de 32% pour l’année 2019,2,Neutral
Europe Pushes on With Gigafactory Plan to Rival Tesla,2,Neutral
Europe Pushes on With Gigafactory Plan to Rival Tesla and China,2,Neutral
Exclusive: China's BAIC raising Daimler stake to unseat Geely as top shareholder - sources,2,Neutral
Exclusive: China's mobile giants to take on Google's Play store - sources,2,Neutral
"Exclusive: Fearing Huawei curbs, Deutsche Telekom tells Nokia to shape up",2,Neutral
Executives at SoftBank are looking for a way to reduce the size of a $3 billion offer for WeWork stock as part of i… https://t.co/4kqz2W0yhz,2,Neutral
Exelon : Initial Statement of Beneficial Ownership #Exelon #Stock #MarketScreener https://t.co/3h1IS0vjXb https://t.co/Oy6iFfT8bE,2,Neutral
Expanded use of J&J's Darzalex OK'd in Europe,2,Neutral
Ex-Stanhope Capital execs land $600m in launch of new firm Eighteen48 Partners,2,Neutral
Extraordinary/ Special General Meeting::Voluntary #Shinvest #Stock #MarketScreener https://t.co/vuSekbMzhb https://t.co/dAHCFxPXHG,2,Neutral
Exxon and Chevron Targeted by Climate-Activist Shareholder Group,2,Neutral
"Facebook Bans All Content On Vaccine Awareness, Including Facts About Vaccine Ingredients https://t.co/uwwXUaxFCY",2,Neutral
Facebook co-founder eyes direct listing for Asana https://t.co/d2k631l6Ac,2,Neutral
Facebook Is Not Making A Key Public Relations Point,2,Neutral
Facebook is resisting Attorney General William Barr's calls to delay rollout of encryption technology across its pl… https://t.co/k2SzZ2zsLi,2,Neutral
Facebook rejects AG Barr's request to stop encryption plans for messaging apps https://t.co/Tkyy7abxUi,2,Neutral
"Fake doctors, misleading claims drive OxyContin China sales",2,Neutral
Fantasia : FURTHER INFORMATION IN RELATION TO THE CO-OPERATION AGREEMENT WITH SHENGYUAN  #Stock #MarketScreener… https://t.co/NkBhcbaRvs,2,Neutral
Fat Prophets Pty : FPP Non-Renounceable Rights Issue #FatProphetsPty #Stock #MarketScreener https://t.co/JkAT9QHgBz https://t.co/dQoC6XqvKv,2,Neutral
FDA extends action date for Blueprint's avapritinib,2,Neutral
FDM : AFL-CIO Endorses USMCA After Successfully Negotiating Improvements #FDM #Stock #MarketScreener… https://t.co/Ja3PJ0uKZB,2,Neutral
FDM : Beyer Statement On Announced USMCA Agreement #FDM #Stock #MarketScreener https://t.co/wCCSVghill https://t.co/ghfv2COBGO,2,Neutral
FedEx pension plan will close to new hires as company bumps up 401(k) match,2,Neutral
Fiat Chrysler is in the process of two crucial negotiations at the same time. It needs each set of talks to go well… https://t.co/6aU0faZuf3,2,Neutral
Fiat looks to thread the needle with UAW deal,2,Neutral
Fiera Milano : and allestimenti Benfenati sign a business partnership to maximise synergies #FieraMilano #Stock… https://t.co/qcUBTf8snL,2,Neutral
Fletcher Building : Notice of on-market share buyback #FletcherBuilding #Stock #MarketScreener… https://t.co/Fvme3Y97pD,2,Neutral
FMCSA Increases Random Drug Testing Rate To 50%,2,Neutral
"For a time, Uber helicopter rides from Manhattan to JFK Airport were cheaper than its cars https://t.co/Q2f8n7dJQL",2,Neutral
Forager Funds Management Pty : Indicative NAV COB 22/11/2019 #ForagerFundsManagementPty #Stock #MarketScreener… https://t.co/zNYWZlWYdu,2,Neutral
Ford and McDonald's are turning coffee waste into car parts https://t.co/uIP4HPHyn9 https://t.co/qKnCKGMXrk,2,Neutral
Ford confirmed its new electric SUV will be called the Mustang Mach-E ahead of a debut event in Los Angeles. More d… https://t.co/DDZ2cDhzRz,2,Neutral
Ford is mortgaging its future on the value of its past,2,Neutral
Ford Mustang Mach-E: The first all-electric Ford is here,2,Neutral
Ford releases first electric car - a Mustang SUV,2,Neutral
"Ford reveals new electric SUV, Mustang Mach-E",2,Neutral
Ford to nearly halve its 2018 before interest and taxes loss in China https://t.co/SULE0vdZhE https://t.co/mZcVGtnFRN,2,Neutral
"Form 8.3 - The Vanguard Group, Inc.: Just Eat plc #JEOL #Stock #MarketScreener https://t.co/8L1jtGW1Jo https://t.co/4MYhJInOKz",2,Neutral
"Former Celadon Employees, Drivers Describe Chaos After Abrupt Bankruptcy Filing",2,Neutral
Former PayPal CFO has bank account closed without warning,2,Neutral
Fox Says Super Bowl Ads Sold Out at Record $5.6 Million Each,2,Neutral
Fox Sports has sold out its inventory of Super Bowl ads https://t.co/wpGQ9cClj4,2,Neutral
Foxconn delays return to Shenzhen facility,2,Neutral
FPT Industrial signs MoU with Microvast,2,Neutral
French Connection : Form 8.5 (EPT/RI) (pdf) #FrenchConnection #Stock #MarketScreener https://t.co/5nuRSLzSEC https://t.co/Gt8EWF8Omq,2,Neutral
From the Beltway to Bondi — Our @Nasdaq employees around the world are committed to hours of service with… https://t.co/leYgfCIHxS,2,Neutral
'Frozen 2' Sets Another Box Office Record For Disney This Year,2,Neutral
Funko opens new store in Hollywood,2,Neutral
Gaige Keep: A Former Marine Sergeant-Turned-Marketing Guru Sheds Light On Building A Personal Brand,2,Neutral
Galileo Mining : Copper - Gold Drilling Underway at Norseman Prospects #GalileoMining #Stock #MarketScreener… https://t.co/QbtwRsIFEP,2,Neutral
Galp Energia SGPS : Who Pays the Tax on Imports from China? #GalpEnergiaSGPS #Stock #MarketScreener… https://t.co/QnLyXcgLUr,2,Neutral
Garmin : Response Team Rescues Imperiled Animals in the Backcountry #Garmin #Stock #MarketScreener… https://t.co/jjLkp0gVRG,2,Neutral
Gartner Guides Light After Ending 2019 on a High Note,2,Neutral
Gazprom proposes one-year gas transit deal with Ukraine,2,Neutral
GE may not be crushed by Boeing's 737 Max production halt,2,Neutral
General Motors to invest $1.5 billion in Missouri plant,2,Neutral
Generate Capital raises $1bn of LP capital for infra investment,2,Neutral
GHO Capital pulls in €975m to close Europe’s ‘largest healthcare fund’,2,Neutral
Global Investments : Daily Share Buy Back Notice #GlobalInvestments #Stock #MarketScreener https://t.co/f9AFWThVVF https://t.co/sjBHtwCINn,2,Neutral
Global Self Storage starts rights offering,2,Neutral
Goldman expands company research as other retrench - Bloomberg,2,Neutral
Goldman Sachs invests over $100M in ‘Launch with GS’,2,Neutral
Goldman Sachs unveils internal campaign on use of gender identity pronouns #economy #MarketScreener… https://t.co/DlaISiZU1l,2,Neutral
GoldON Resources : Grants Incentive Stock Options #GoldONResources #Stock #MarketScreener https://t.co/NSJSFEXYPN https://t.co/w9eP0xA6r1,2,Neutral
"Goldrea Negotiating Land Package Deal in Dixie Lake, Ontario  https://t.co/rldbTOfhYL",2,Neutral
Google Assistant launches personalized news playlists,2,Neutral
Google employees demonstrated outside the company’s San Francisco office Friday to protest the internet giant’s rec… https://t.co/pgD27oIPWc,2,Neutral
"Google has announced new limits on political advertising, but the decision raises broad questions about what types… https://t.co/ML0m6zOtF6",2,Neutral
"Google launched its cloud gaming service Stadia this week, but is it any good? https://t.co/IElF2d1BUY",2,Neutral
"Google Maps seeks business, transit reviews in new look as it turns 15",2,Neutral
Google rolls out interpreter to mobile,2,Neutral
Google wants Cloud dominance by 2023 - report,2,Neutral
Google Workers Rising Up After Employees Are Fired,2,Neutral
Grayscale Bitcoin Trust files registration statement with SEC,2,Neutral
Great Wall Motor and BMW move forward with JV,2,Neutral
"Greenlane Renewables Signs New $7.0 Million System Supply Contract with the Renewable Natural Gas Company, a Leader in Landfill Gas to RNG Projects",2,Neutral
"Greenleaf Foods, SPC, and Purple Carrot Partner to Deliver New Plant-based Protein Options to Customers Nationwide",2,Neutral
"Grifols : December 6, 2019 Grifols presents its latest Alzheimer's clinical trial data #Grifols #Stock… https://t.co/Dnt4oYb4SP",2,Neutral
Grubhub founder: ‘I am not staying up at night dreaming about consolidation’,2,Neutral
GS Acquisition : Vertiv Announcement Call Presentation #GS #Stock #MarketScreener https://t.co/AB1CLG5Hfa https://t.co/St0OvagWyy,2,Neutral
GS Acquisition : Vertiv Investor Presentation #GS #Stock #MarketScreener https://t.co/IJRFVMfzWQ https://t.co/PyBD2UBrlD,2,Neutral
GSX Techedu announces public offering by selling shareholders,2,Neutral
Guggenheim Partners LLC : GGM November 2019 Section 19a-1 Letter #GuggenheimPartnersLLC #Stock #MarketScreener… https://t.co/k9wynCnbDb,2,Neutral
H.I.G. Realty Partners Lends $33.1 million on Denver Metro Industrial/Flex Office Portfolio,2,Neutral
"Halliburton layoffs driven by 'stark reality' of energy pricing, CFO says",2,Neutral
Hallmark Pulls Gay-themed Ads,2,Neutral
"Hallmark Pulls Kissing Brides, and Netflix, DeGeneres Push Back",2,Neutral
Hallmark Pulls Wedding Ads Featuring Two Brides Kissing,2,Neutral
Hancock Capital collects $380m for sixth mezzanine fund to follow debut co-invest vehicle close,2,Neutral
Harbor Capital Advisors Launches Six New Harbor Funds https://t.co/hMB4nbWKhZ https://t.co/PffVsEZfXE,2,Neutral
Has The Global Slowdown Affected Ford’s South America’s Volumes?,2,Neutral
Hawaiian Airlines reports January traffic,2,Neutral
Hawaiian Electric aims to be 100% renewable energy by 2045 Watch an energy focused #NYSESlice interview with… https://t.co/A4gAYCbTQo,2,Neutral
Heard on the Street: Tiffany accepts a sparklier proposal https://t.co/CXZo603aGo,2,Neutral
Here’s the Deal: A Sneak Peek at Amazon’s Biggest Cyber Monday Deals Weekend Ever,2,Neutral
Here's How Disney+'s 28.6 Million Subscribers Compare to Netflix,2,Neutral
Here's what @ElonMusk's '200K' tweet is likely hinting at when it comes to the Tesla $TSLA Cybertruck https://t.co/6Me6AP1CCJ,2,Neutral
Here's what WeWork must do to stay alive https://t.co/FCwWmKD3zq via @bopinion,2,Neutral
Hermes GPE raises $603.5m for PEC IV alongside $1bn BTPS mandate,2,Neutral
Herro Says He's Committed to Credit Suisse But Rohner Should Quit,2,Neutral
Hexagon Resources : Shareholders Approve Rare Earth Investment #HexagonResources #Stock #MarketScreener… https://t.co/u3JbQwdgFt,2,Neutral
"Hexo Reported Unlicensed Cannabis, Schedules It For Destruction",2,Neutral
HIG continues busy fundraising year by closing $3.1bn mid-market buyout vehicle,2,Neutral
Highlight: 'When you look at what Amazon has built... it's this infrastructure and this user base... that allows them t... https://t.co/VuiDadXgcf,2,Neutral
Highwoods Properties : SCHEDULE 13G #HighwoodsProperties #Stock #MarketScreener https://t.co/bdcgJzRYno https://t.co/o3ZStbEDGQ,2,Neutral
HKScan Corporation: SHARE REPURCHASE 25.11.2019 #Stock #MarketScreener https://t.co/OGGSEI9W1K https://t.co/QE44vMzmLn,2,Neutral
"Horizon Media Study Finds Instagram’s Move to Hide Likes is Somewhat of a Collective Shrug, but with a Glimmer of H… https://t.co/gxnZp3H5lh",2,Neutral
How Comcast and Charter Have Used Cellphone Services to Sell Wifi,2,Neutral
How Huawei became a U.S. government target https://t.co/K1hHx6Uw5b,2,Neutral
"How Much Does Costco Spend On Selling, General And Administrative Expenses?",2,Neutral
How T-Mobile CEO John Legere Changed the Industry,2,Neutral
Hoxton Ventures ups goal for sophomore fundraise after powering towards initial target,2,Neutral
"HP Is Playing Hard To Get, But Its Rejection Could Lead To Proxy Wars",2,Neutral
HP Sends Letter to Xerox  https://t.co/ceqjDE3fK7,2,Neutral
HSBC Bank USA rolls out real-time payments to business clients,2,Neutral
HSBC cashes in some chips on Rockwell Automation,2,Neutral
HSBC Plans Third Overhaul in a Decade With Investors Seething,2,Neutral
Huawei gets 90-day extension for doing business with U.S. companies,2,Neutral
Huawei gets reprieve to do business with US companies: Exclusive,2,Neutral
Huawei granted 90-day extension to do business with U.S. companies,2,Neutral
"Hundreds of Nike employees march to protest its treatment of women, reports https://t.co/iuqjWaEFen",2,Neutral
Hyderabad Metro Rail Becomes The Second-Largest Operational Metro Network In The Country,2,Neutral
i3 Energy : Price Monitoring Extension #i3Energy #Stock #MarketScreener https://t.co/LbE6Xm8iZX https://t.co/ST9Mdc8Bmi,2,Neutral
IBM Has Its Head In The Clouds,2,Neutral
"IBM: one free cloud (and a free ton of copper) with every purchase of cloud

what happens to AWS margins now?",2,Neutral
"ICYMI: Actually, Teslas are among the *least* stolen vehicles. https://t.co/xm4JaVF88s",2,Neutral
IDG Energy Investment : VOLUNTARY ANNOUNCEMENT INVESTMENT REGARDING MOBILITY SERVICES PLAT... #IDG #Stock… https://t.co/32MT3bB1OC,2,Neutral
IGL: Strategic Acquisition of Salmat Marketing Solutions #Salmat #Stock #MarketScreener https://t.co/I2ddCrNdik https://t.co/bgGx6OKoTE,2,Neutral
Ilkka-Yhtymä Oyj: Johdon liiketoimet #Stock #MarketScreener https://t.co/Je2UYbTKuP https://t.co/CLCJGNePOA,2,Neutral
Impossible Dream? Uber Aims At Profitability In 2020,2,Neutral
"In a High-Stakes Labor Showdown, McDonald’s Has Allies in the White House",2,Neutral
"In this #CNBCClassic clip, Jeff Bezos explained his ambitious vision for Amazon in a 1999 interview: ""There’s no gu… https://t.co/mxAWKJvdVb",2,Neutral
India Asks IndiGo to Gradually Ground Unmodified A320neo Planes,2,Neutral
India’s aviation regulator asks an airline to ground one unmodified Airbus A320neo for every new addition to its fl… https://t.co/9N4YSMliaG,2,Neutral
"Insiders Know Best? What Employee Ratings Reveal About Aurora Cannabis, Canopy Growth, and Cronos Group",2,Neutral
Instagram is willing to pay for celebrities’ IGTV production costs — as long as they avoid politics or elections https://t.co/kqBu6ZwK1g,2,Neutral
Instagram Stories Already Generates 10% of Facebook's Ad Revenue,2,Neutral
Intel : and MediaTek Partner to Deliver 5G on the PC #Intel #Stock #MarketScreener https://t.co/HlvJPpOWGC https://t.co/XlXcj71XjG,2,Neutral
Intel : Autonomous Driving / Mobileye #Intel #Stock #MarketScreener https://t.co/tWTAmiT4c2 https://t.co/kmHBJumvdc,2,Neutral
Intel and MediaTek Partner on 5G Laptops for 2021,2,Neutral
Intel director acquires $5M in shares,2,Neutral
"Internet Society Foundation Announces $300,000 in Grants for Projects That Promote the Benefits of the Internet",2,Neutral
Interpublic CEO on competing with tech companies,2,Neutral
Intertek : launches Cyber Assured #Intertek #Stock #MarketScreener https://t.co/uDrw45pqXr https://t.co/ahw2QkSvPe,2,Neutral
InVivo Therapeutics launches equity offering,2,Neutral
IPG Team Selected as Global Marketing Agency for LATAM Airlines  https://t.co/keAVow1kX2,2,Neutral
"iPhone Maker Foxconn Makes Masks For Chinese Employees, Forces Them To Return To Work",2,Neutral
IPhone Maker Foxconn Warns Staff to Keep Away From Shenzhen Base,2,Neutral
Iridium Communications Extends Its Internet of Things Coverage Globally,2,Neutral
IRS investigators scrutinize Bitcoin ATMs and kiosks,2,Neutral
Is Amazon $AMZN grocery in the trial-and-error stage? https://t.co/wdNqRCAV1s,2,Neutral
Italy’s newest attempt to rescue failed airline Alitalia has one main objective: rope in German carrier Lufthansa https://t.co/JyuSAwUSLc,2,Neutral
J&J launches innovative study for expanded use of Invokana,2,Neutral
J&J retests baby powder days after asbestos finding,2,Neutral
J.C. Penney redesigns its denim brand for size inclusivity,2,Neutral
Jacobs wins cyber crime and training contract,2,Neutral
James A. Balfanz Named CEO of City Year  https://t.co/grrygcvywi,2,Neutral
Japan’s Friendship Ties Programs JENESYS 2019 ASEAN Inbound Program 23rd Batch,2,Neutral
Jarvis Securities : Director's Interest #JarvisSecurities #Stock #MarketScreener https://t.co/JWKcET9MXw https://t.co/ma4z6I1Bxb,2,Neutral
Jasper Therapeutics Launches with $35 Million Series A Financing to Develop and Commercialize Innovative Conditioni… https://t.co/QiiqQYWBXX,2,Neutral
Jatenergy : Letters to Securityholders - Rights Issue #Jatenergy #Stock #MarketScreener https://t.co/MX24abcdO4 https://t.co/fIU7fwFauZ,2,Neutral
Jeff Bezos & Blue Origin satellite launch protest sustained by GAO,2,Neutral
JEOL : Form 8.3 - https://t.co/erBSsYuL00 #JEOL #Stock #MarketScreener https://t.co/Lt8CXiXJDy https://t.co/yVehgWa695,2,Neutral
JEOL : Form 8.5 (EPT/RI)- Just Eat plc AMENDMENT #JEOL #Stock #MarketScreener https://t.co/EzlnPgve80 https://t.co/Ymcgw5V8l8,2,Neutral
JetBlue Founder Says New ‘Breeze Air’ on Track to Fly This Year,2,Neutral
Jones Lang LaSalle Incorporated : JLL closes $15.15M sale of Charlotte-area retail buildin...… https://t.co/qyJtU6T2lW,2,Neutral
JPMorgan restructures ETF sales,2,Neutral
Juiced Bikes Scorpion Is An E-Bike With A Motorcycle Spirit,2,Neutral
Just Eat advises shareholders not to accept Prosus offer https://t.co/J9oWmkpJtW https://t.co/728Y7yTIci,2,Neutral
Just Eat rejects raised offer from Prosus https://t.co/XHrs4GAofC https://t.co/v10dKf23AA,2,Neutral
Just Eat urges shareholders to shun Prosus and stick with Takeaway deal,2,Neutral
Karankawa Wind Farm Achieves Commercial Operation,2,Neutral
Karelian Diamond Resources : Notice of meeting #KarelianDiamondResources #Stock #MarketScreener… https://t.co/kMhX3UU9b3,2,Neutral
KBR wins $23.7M contract,2,Neutral
"KFC is offering what's sure to be the hottest commodity of the season: a hunk of flammable, chicken-scented bliss k… https://t.co/kCXhrwbWAp",2,Neutral
KLX Energy to implement cost cuts amid 'abrupt deterioration',2,Neutral
Korian and Omedys Develop the First Neighborhood Teleconsultation Network in France,2,Neutral
"Kroger wants to bring in shoppers by offering the freshest greens -- so fresh your kale, parsley or cilantro will b… https://t.co/EDeNh3Igdt",2,Neutral
L BRANDS MEETING WITH BANKS TO CONSIDER ALTERNATIVES: THE DEAL... to the Victoria Secret show?,2,Neutral
"L&T, IdeaForge Sign Pact For Unmanned Systems",2,Neutral
L1 Long Short Fund : Net Tangible Asset Backing #L1LongShortFund #Stock #MarketScreener https://t.co/1NANQdyHCU https://t.co/4wvBuRi1pL,2,Neutral
Landmark Partners pulls in $296m for sophomore infra fundraise,2,Neutral
Larry Ellison Hits the High Seas With Endeavor in Sailing Deal,2,Neutral
Latrobe Magnesium : Community Briefing for Latrobe Valley Magnesium Plant #LatrobeMagnesium #Stock #MarketScreener… https://t.co/Ve0JkYHFVY,2,Neutral
"Layoffs Loom as Canadian Rail Strike Hits Chemicals, Farmers",2,Neutral
LCI Industries lands Polyplastic,2,Neutral
"Lee Enterprises plans quarterly call and webcast December 12, 2019  https://t.co/ruv27WLIPv",2,Neutral
Legrand : Total Number of Shares and Voting Rights https://t.co/qrhAoTn3Z5 https://t.co/jZh8h52WOX,2,Neutral
LHV : Loans of existing Danske Bank clients were transferred to LHV Pank #LHV #Stock #MarketScreener… https://t.co/bUPHzBuSMf,2,Neutral
LIC Chairman MR Kumar Says There’s Hardly Any Stress To Impact Insurer’s Valuation,2,Neutral
Lithium Americas to give up control of Argentina project,2,Neutral
Lithium Consolidated : AGM Voting Clarification #LithiumConsolidated #Stock #MarketScreener https://t.co/p7a4RAogT6 https://t.co/qru0JbYXod,2,Neutral
Lockheed awarded $3.3B to support satcom network,2,Neutral
Lockheed's LM-100J scores FAA certification,2,Neutral
Looking Through The Smoke To Altria’s Future,2,Neutral
"Loss of Trust Led to Thiam's Exit, Credit Suisse Says",2,Neutral
Low & Bonar : Form 8.5 (EPT/RI) - Low & Bonar PLC #LowBonar #Stock #MarketScreener https://t.co/ju6ZpIZD4Z https://t.co/mIgY63sHYY,2,Neutral
Lowe's scheduled to report Q3 results before Wednesday's open,2,Neutral
LSU Quarterback Joe Burrow Wins Heisman Trophy in Landslide Vote,2,Neutral
"LSU Quarterback Joe Burrow Wins Heisman Trophy, AP Reports",2,Neutral
Luckin Coffee buzzing and looking to the future,2,Neutral
Luckin Coffee's Impressive Growth And Retail Model Could Dethrone Starbucks In China,2,Neutral
Lyft pulls electric scooters from major cities,2,Neutral
Macquarie : Ceasing to be a substantial holder for ELD #Macquarie #Stock #MarketScreener https://t.co/VBoCq46a73 https://t.co/L2eqF8hx9E,2,Neutral
"Made in the new Shanghai Gigafactory, these Teslas have a starting price of 355,800 yuan ($50,623), making them abo… https://t.co/P9PkKIpvwA",2,Neutral
Magmatic Resources : Appendix 3B #MagmaticResources #Stock #MarketScreener https://t.co/0yolhdScTL https://t.co/UUAn1nIln4,2,Neutral
"Mahathir Shows No Sign of Handover of Power, Choice of Successor",2,Neutral
Maire Tecnimont (BIT:MT) Use Of Debt Could Be Considered Risky,2,Neutral
MAJOR TRANSACTION: SINGAPORE MRT TEL CONCESSION AGREEMENT #Stock #MarketScreener https://t.co/Zr8li1uwiL https://t.co/8lfAflCGp8,2,Neutral
Malaysia's Mahathir clarifies comments on AirAsia,2,Neutral
Marathon Patent stockholders approve share issuance for miner purchases,2,Neutral
Marchex to Attend at Roth Corporate Access Event https://t.co/l9kObTTJFR,2,Neutral
Markel Takes the Long-Term View After Another Impressive Year,2,Neutral
Markforged Achieves ISO 27001 Certification,2,Neutral
Marrone Bio Innovations : Control Invasive Mussel Biofouling to Improve Plant Availability...… https://t.co/W6mG1AUeRz,2,Neutral
Mazda issues recall over Takata airbag inflators again,2,Neutral
McDonald : Statement of Changes in Beneficial Ownership #McDonalds #Stock #MarketScreener https://t.co/wenQ4xK31f https://t.co/UhFOTIt5dx,2,Neutral
McDonald’s is expected to launch a crispy chicken sandwich in the beginning of next year and Telsey Advisory Group… https://t.co/VEzN1thrUs,2,Neutral
McDonald's Tells Investors to Expect More Cash Returns,2,Neutral
McEwen Mining plans stock offering; size not disclosed,2,Neutral
McEwen Mining prices public offering at $1.325/unit,2,Neutral
MDU Resources outlines five-year $2.9B capex plan,2,Neutral
"MEC Resources : Takeovers Panel makes no interim order, meeting to proceed #MECResources #Stock #MarketScreener… https://t.co/4xZZdesCFj",2,Neutral
MedAdvisor : Lapsing of Hook Options & Appendix 3Y #MedAdvisor #Stock #MarketScreener https://t.co/wvYCXWn47T https://t.co/NxsdR97hBR,2,Neutral
Mediaset Espana Comunicacion S A : announces an Extraordinary Shareholders Meeting to be h... #Stock… https://t.co/PIweWD4Gm6,2,Neutral
Memebox Rebrands to MBX and Names New Executive Team,2,Neutral
Merit Medical : Launches ReSolve Mini&trade; Locking Drainage Catheter #MeritMedical #Stock #MarketScreener… https://t.co/vwM769hibZ,2,Neutral
Metal Bank : Managing Director's Presentation to Shareholders #MetalBank #Stock #MarketScreener… https://t.co/xgnjVQORWf,2,Neutral
Metminco : 1st Hole at Chuscal Intersects Impressive 350m Gold Interval #Metminco #Stock #MarketScreener… https://t.co/aUSyAHMHHg,2,Neutral
"MGA Entertainment knows that LOL Surprise toys are creating massive amounts of plastic waste, and now they're tryin… https://t.co/HbsmDO26VD",2,Neutral
MGE Energy Issues December 2019 &apos;Interim Report&apos;,2,Neutral
MHI Selected for Inclusion in All Four GPIF ESG Investment Indices for a Second Consecutive Year,2,Neutral
MICROmega : Sebata - empowerment transaction #MICROmega #Stock #MarketScreener https://t.co/DTjCG1iCeU https://t.co/slUU3Dauaa,2,Neutral
"Micron Analysts Expect Lukewarm Q1, But Project Coming Inflection In Memory Pricing",2,Neutral
"Microsoft is pushing back the launch of its new Surface Earbuds, meaning it will miss the crucial 2019 holiday shop… https://t.co/BNKhQQE930",2,Neutral
Microsoft just launched its new #HoloLens2 augmented reality headset. While it's not quite ready for store shelves… https://t.co/xNW4bldQUc,2,Neutral
Microsoft updates terms on data privacy amid EU probe,2,Neutral
"Microsoft, Baker Hughes announce artificial intelligence partnership for oil and gas industry… https://t.co/xAwr4V7LSJ",2,Neutral
Minsheng Education : (i) CAPITAL INVESTMENT OF 51% EQUITY INTEREST IN WENDA ELECTRONICS WH... #MinshengEducation… https://t.co/SIMCeMuhNH,2,Neutral
MLM: Nornico Royalty Agreements to be assigned to AUZ #AustralianMines #Stock #MarketScreener… https://t.co/F1TFTWRqaJ,2,Neutral
Mobile TeleSystems Public Joint Stock : MTS Unveils Refreshed Strategy at Investor Day  #Stock #MarketScreener… https://t.co/gqkWCVJInX,2,Neutral
Molson Coors takes stake in beverage incubator,2,Neutral
MongoDB : Form 10-Q #MongoDB #Stock #MarketScreener https://t.co/tLsvOzwqVv https://t.co/s5QRA9xSQt,2,Neutral
Monmouth Real Estate boosts credit facility to $300M,2,Neutral
Moskovskiy Kreditnyi Bank : CREDIT BANK OF MOSCOW will hold a conference call on 9M 2019 r...… https://t.co/iQAMBTdSxj,2,Neutral
Mustang Sally will no longer be driving the iconic muscle car in 2019. Ford will use the name 'Mustang' for their n… https://t.co/tQQFgeNtTY,2,Neutral
"NanoViricides : Annual Meeting of Shareholders to be Held on Saturday, December 7th, 2019 ... #NanoViricides #Stock… https://t.co/Ba3EqsY9YG",2,Neutral
National Presto Industries : Form 10-Q #NationalPrestoIndustries #Stock #MarketScreener https://t.co/BWSEG4iQzw https://t.co/f6MP9CDJmp,2,Neutral
NBC says it has topped $1 billion in national ad sales for 2020 Summer Olympics https://t.co/LCjUNDPRW7,2,Neutral
Neptune amends and restates processing agreement with Canopy,2,Neutral
Neptune Wellness and Canopy Growth agree to amend terms of cannabis processing deal,2,Neutral
Nestle India Accused Of Making Rs 90 Crore Undue Profit By Not Passing On GST Rate Cut Benefits,2,Neutral
Nestle Passes on Dessert as Its CEO Skips Straight to Coffee,2,Neutral
Netflix is moving its Latin American headquarters to Mexico City and staffing up in the office https://t.co/DQ38ohiJ5u,2,Neutral
"Netflix is spending $420 million to produce more local content in India, CEO Reed Hastings says https://t.co/hLvByYprxG",2,Neutral
New Hope reports Q1 activities report,2,Neutral
New Jersey-Docked Royal Caribbean Ship Screened for Virus,2,Neutral
New McDonald's CEO rallies the troops,2,Neutral
New Sports : FURTHER DELAY IN DESPATCH OF CIRCULAR #NewSports #Stock #MarketScreener https://t.co/J4c98CCFUC https://t.co/ZHr7Tl82R8,2,Neutral
New U.S. airline expected to launch late this year,2,Neutral
Newron nabs RPD tag in U.S. for sarizotan for Rett syndrome,2,Neutral
Newsom rejects PG&E bankruptcy plan,2,Neutral
NexOptic Shareholders Support all Resolutions at its Annual and Extraordinary General Meeting  https://t.co/4R4lQYA45E,2,Neutral
"NHB Tweaks Rs 30,000 Crore Liquidity Infusion Facility For Housing Finance Companies",2,Neutral
Nike employees protest treatment of women as company reopens building named for disgraced coach… https://t.co/rPPiUgm4r3,2,Neutral
Nike executive on the future of retail and what's next for her company,2,Neutral
Nike gets into the medical footwear game,2,Neutral
Nike to take $425 million charge to move brand business in South America to distributors,2,Neutral
"Nike will no longer sell its items directly to Amazon, as it looks to revamp its retail strategy by selling just to… https://t.co/QjsmkcJrap",2,Neutral
"NIKE, Inc. Announces Strategic Distributor Partnerships In Brazil, Argentina, Chile and Uruguay",2,Neutral
Nike's Alphafly will also avoid Olympic ban,2,Neutral
Nintendo Is Playing the Long Game in China,2,Neutral
NIO’s $100 Million Fundraise Falls Short for Cash-Needy Carmaker,2,Neutral
"No, Boeing Isn’t Ruining Trump's 3% Growth Target",2,Neutral
Noble Corp. notes little action in latest fleet status report,2,Neutral
"Nodal Exchange Successfully Completes Migration of U.S. Power Open Interest from Nasdaq Futures, Inc.",2,Neutral
Nomura : ING working on digital assets custody technology - sources #Nomura #Stock #MarketScreener… https://t.co/aGUZ5zHbeu,2,Neutral
Nomura Instinet loses confidence in Extended Stay America,2,Neutral
"Nordea Bank CEO on Earnings, Reorganization, Negative Rates",2,Neutral
Nordstrom : Hiring for the Holidays #Nordstrom #Stock #MarketScreener https://t.co/hdLTJb6ngi https://t.co/iUZFqs0PBM,2,Neutral
Northrop Grumman : to Advance Integrated Air and Missile Defense Battle Command System #NorthropGrumman #Stock… https://t.co/Do9RynComN,2,Neutral
Northzone pulls in $500m for oversubscribed Fund IX close,2,Neutral
Nostrum Oil & Gas : Form 8.5 (EPT/RI) - Nostrum Oil & Gas PLC  #Stock #MarketScreener https://t.co/mCzAsQ07aq https://t.co/DRiYCxZr2J,2,Neutral
"Not appropriate to compare energy stocks to tobacco, Chevron CEO says",2,Neutral
"Notable Insider Buys In The Past Week: Enterprise Products Partners, PBF Energy, Sage Therapeutics",2,Neutral
Nova Leap Health Corp. to Present at the ii6 Summit in Toronto  https://t.co/I7ra07OEKW,2,Neutral
Novartis completes certification of initial sites in Ontario for Kymriah,2,Neutral
Novo Nordisk : Disclosure of transaction data #NovoNordisk #Stock #MarketScreener https://t.co/oyT5Qb1elj https://t.co/knhuhL46gH,2,Neutral
NOVONIX : BTS WINS DISCOVERY AWARD FOR INNOVATION #NOVONIX #Stock #MarketScreener https://t.co/5LFiyMFnpZ https://t.co/FK3utLMx9e,2,Neutral
NPN: NASPERS LIMITED - Statement regarding Just Eat PLC circular #Naspers #Stock #MarketScreener… https://t.co/Vgjjai5iVd,2,Neutral
NTSB wants Boeing to redesign 737s after deadly 2018 Southwest accident,2,Neutral
"Nu Oil and Gas : Holdings in Company Nov 25, 2019 #NuOilandGas #Stock #MarketScreener https://t.co/GQy3Z5SU7e https://t.co/GX24VxqKsR",2,Neutral
"Number of movies on Netflix: 2014: 6,494 2019: 3,849 Number of TV titles: 2014: 1,609 2019: 1,784 https://t.co/B0H11sJAfM",2,Neutral
"Number of shares and voting rights of ADOCIA as of November 30, 2019 https://t.co/v2s9T4YGb0",2,Neutral
Nuro Self-Driving Car Scores Federal Regulator Approval(Radio),2,Neutral
NYSE-Listed $PINS is making it easier to shop from small businesses with their new feature: The Pinterest Shop,2,Neutral
Oaktree Specialty Lending NAV treads water in Q4,2,Neutral
Ocean Grown Abalone : Results of Meeting #OceanGrownAbalone #Stock #MarketScreener https://t.co/c1IHVfDZdH https://t.co/DjXh9ai2EK,2,Neutral
Ocean impact investment fund reaches $92m second close,2,Neutral
Ocean Wilsons : 3Q19 Conference Call Transcript #OceanWilsons #Stock #MarketScreener https://t.co/GdpPjjdttw https://t.co/3pHhy9I1pZ,2,Neutral
Oi S A : Material Fact - Reply to B3 Official Letter (276 Kb) #OiSA #Stock #MarketScreener https://t.co/sDkgnjdksi https://t.co/sCnZpVfe0L,2,Neutral
ON Semiconductor to Demonstrate Intelligent IoT Technologies Including Advanced Audio Processing at CES 2020,2,Neutral
One American CEO's tortuous path to surviving Trump's trade wars (via @brianreports) https://t.co/YaBXi1K287,2,Neutral
OneWater Marine Inc. Prices Initial Public Offering,2,Neutral
OneWater Marine prices initial public offering,2,Neutral
OPG Power Ventures : Result of AGM & Appointment of Non-Executive #OPG #Stock #MarketScreener… https://t.co/5qR8q62Xqd,2,Neutral
Orchard's OTL-200 nabs accelerated review in Europe for rare nerve cell disorder,2,Neutral
Orsted : 195 A/S Notification Of Manager's Transaction #Orsted #Stock #MarketScreener https://t.co/sl8DGYFU97 https://t.co/xjBdiUR4dC,2,Neutral
"Our Person in the News is Sundar Pichai, the new CEO of Google's parent company Alphabet. This week, the tech execu… https://t.co/2Dx45Bkcgf",2,Neutral
Our Take On The Brink's Company's (NYSE:BCO) CEO Salary,2,Neutral
"Over 92,000 Employees Of BSNL, MTNL Opt For VRS Scheme",2,Neutral
Oyster Point Pharma Announces Positive Top-Line Results From the Phase 1 “ZEN” Study of Its Lead Nicotinic Agonist… https://t.co/BxjTFgnZOP,2,Neutral
Pacific Star Network : Chairman's and CEO's Address to Shareholders #PacificStarNetwork #Stock #MarketScreener… https://t.co/IIwVxTvbxL,2,Neutral
PagSeguro Digital : Form 13-D #PagSeguroDigital #Stock #MarketScreener https://t.co/BKLxy0c1Fj https://t.co/LlsrePMNUL,2,Neutral
Panasonic and KOSÉ Set to Commence Verification Test for Personalized Proposals Utilizing Snow Beauty Mirror… https://t.co/yfyjGLjZui,2,Neutral
Patrick Industries outlines succession plan,2,Neutral
Pembina's Kinder Morgan deal cleared by Canadian competition regulator,2,Neutral
"PennyMac Mortgage Investment Trust (NYSE: PMT) celebrates PMT's 10th anniversary of listing. Stanford L. Kurland, E… https://t.co/zWLarL2v0m",2,Neutral
PepsiCo's New Coffee Drink Offers Twice As Much Caffeine,2,Neutral
Perfect Corp. Reveals ‘2020 Global Color Trend Report’,2,Neutral
Performance Food Group Company to Participate in the 2020 CAGNY Conference,2,Neutral
Personal Assets Trust : Issue of Equity #PersonalAssetsTrust #Stock #MarketScreener https://t.co/YVEU1Yn7qp https://t.co/T8cTQ8XMba,2,Neutral
"Personal Data Protection Bill Fails To Deliver On The Promise Of Privacy, Experts Say",2,Neutral
Petratherm : Lapse of Unlisted Options #Petratherm #Stock #MarketScreener https://t.co/1S5teIM1R6 https://t.co/Fve14sBM45,2,Neutral
Pfizer- A Stealth Blockbuster in Heart Drugs,2,Neutral
PG&E boss says it wasn’t fully ready for California outages,2,Neutral
PG&E Faces a Sprint to Fix Restructuring After Governor’s Rebuke,2,Neutral
PG&E Faces a Sprint to Fix Restructuring After Governor's Rebuke,2,Neutral
PG&E Is Dubious of Fire Victim’s Claim for a 500-Pound Emerald,2,Neutral
PG&E Plays Its $13.5 Billion Hole Card,2,Neutral
"PG&E, fire victims waive deadline for governor's OK of reorganization plan",2,Neutral
Pharmaron Beijing : An announcement has just been published by the issuer in the Chinese s... #PharmaronBeijing… https://t.co/En8DrmZYTm,2,Neutral
Ping An Securities : WITHDRAWAL OF PROPOSED SHARE CONSOLIDATION AND PROPOSED CHANGE IN BOA... #PingAnSecurities… https://t.co/wcKsyFyqDV,2,Neutral
Pinterest launches a small business shop ahead of the holidays https://t.co/KJn0FHYIAQ,2,Neutral
Pioneer Resources : Inferred Resource Estimate for Cade Lithium Deposit #PioneerResources #Stock #MarketScreener… https://t.co/35C6UqN55x,2,Neutral
"PMC Bank Depositors Held After Protest, CM Assures Help To All ",2,Neutral
"PNB Under-Reported Bad Loans By Rs 2,617 Crore In FY19",2,Neutral
Popeyes says firing 7 employees for Wisconsin brawl was only first step,2,Neutral
PORR : starts into 2020 with successful EUR 150 million hybrid issue #PORR #Stock #MarketScreener... https://t.co/ZaVCLMDGUg,2,Neutral
Powerhouse Ventures : Chairman's Presentation to AGM #PowerhouseVentures #Stock #MarketScreener… https://t.co/A79D2GffH7,2,Neutral
Powerlong Real Estate : PROPOSED SPIN-OFF AND SEPARATE LISTING OF POWERLONG COMMERCIAL MAN... #PowerlongRealEstate… https://t.co/iu7KuQFwEn,2,Neutral
Prime Mining Comments on Recent Promotional Activity  https://t.co/ar4M0A11v5,2,Neutral
Primoris scores $30M of industrial awards,2,Neutral
"Private Equity Won Big on Lululemon, and It’s Not Done Yet",2,Neutral
Pro Pac Packaging : 2019 Annual General Meeting Presentation #ProPacPackaging #Stock #MarketScreener… https://t.co/aoWpKrk3PR,2,Neutral
Professional Holding prices initial public offering,2,Neutral
Profile & Software A E : Announcement 9631/2019 (no English translation available)  #Stock #MarketScreener… https://t.co/paZCY9mp4a,2,Neutral
Prosus N : Statement regarding Just Eat PLC (Just Eat) circular #ProsusNV #Stock #MarketScreener… https://t.co/CbQZdHJmTe,2,Neutral
Prudential to Deepen Presence in China Market; Asia CEO Nicandrou,2,Neutral
"Public Comment Period on a Proposed Publication of SOFR Averages and a SOFR Index Extended to January 10, 2020 → https://t.co/stAMV5WAIP",2,Neutral
"Public Sector Banks Collect Rs 1,996 Crore As Minimum Balance Penalty In FY19",2,Neutral
Publix Commits to $4 Billion in Food Donations to Alleviate Hunger,2,Neutral
PutWrite Strategies Offer a Buffer Against Losses | NASDAQ https://t.co/WX1cg8svBO,2,Neutral
"Qantas challenges Airbus, Boeing to offer better deal on ultra-long haul jets",2,Neutral
Qantas Passengers Evacuated After Hydraulic Issue With Plane,2,Neutral
Qualcomm forecasts 450 mln in global 5G phone sales in 2021,2,Neutral
Qualcomm provides three-year targets,2,Neutral
"Rak Bank CEO on Earnings, Margins, M&A",2,Neutral
Rare Element Resources Successfully Completes Pilot Plant,2,Neutral
Read the police report from the incident in which a Tesla Supercharger caught fire at a Wawa store in New Jersey ea… https://t.co/MK9NpSHC79,2,Neutral
Real Gold Mining : UPDATE ON THE PROCEEDINGS REGARDING GUANGFA BANK ACCOUNTS #RealGoldMining #Stock #MarketScreener… https://t.co/aRmvOBbpUc,2,Neutral
Record Year for the Iberchem Group With the Completion of Two Acquisitions in Flavors and 19% Growth in Revenues,2,Neutral
"Record-Breaking ""Frozen 2"" Debut Propels Disney Past an Important Milestone",2,Neutral
Red Hill Iron : Amended Appendix 3B #RedHillIron #Stock #MarketScreener https://t.co/RsiaN2QDD0 https://t.co/l74DHS967n,2,Neutral
Reebok joins plant-based trend with vegan sneakers,2,Neutral
REG Blending Partner Becomes Boston’s Official Heating Oil Provider,2,Neutral
Reliance Global executes contract on 260-unit apartment property,2,Neutral
Renascor Resources : Expiry of Unlisted Options #RenascorResources #Stock #MarketScreener https://t.co/zX9UuLOB1Z https://t.co/em7Rvh6Evk,2,Neutral
Renault : New Espace Dimensions & Technical datas #Renault #Stock #MarketScreener https://t.co/SrLtTA4uCf https://t.co/NAYMtBoIVw,2,Neutral
Renault : New Renault Espace - Press kit EN #Renault #Stock #MarketScreener https://t.co/LJGDhIY4Wq https://t.co/bqpAjq0NCk,2,Neutral
Renishaw : Sir David McMurtry awarded James Watt Gold Medal #Renishaw #Stock #MarketScreener https://t.co/vz7lfPYFtt https://t.co/uI9jWfgViM,2,Neutral
Replacing Pratt engines in IndiGo fleet by end of January a challenge - CEO,2,Neutral
Report: 43% of investors interested in bitcoin are women https://t.co/RrvQys6ZVd by @readDanwrite https://t.co/q96etM9iQQ,2,Neutral
Report: Emirates Pilots Unaware Engines Idle in 2016 Crash,2,Neutral
Report: FreightCar America Closing Roanoke Plant,2,Neutral
ResApp Health : 2019 Letter to Shareholders #ResAppHealth #Stock #MarketScreener https://t.co/N7U1dIMU1r https://t.co/W8BNTavukW,2,Neutral
Researchers designed a thumb-sized patch — containing 50 million stem cells — that can be implanted onto a heart at… https://t.co/3SvlVbbpK3,2,Neutral
Resonant prices underwritten equity offering,2,Neutral
Response to SGX Queries #ChinaJishan #Stock #MarketScreener https://t.co/vIjUzZeHBo https://t.co/71R36VYZUe,2,Neutral
Ress Life Investments A/S: Ress Life Investments A/S publishes performance and portfolio data for 2019 #Stock... https://t.co/xBufthvnya,2,Neutral
Restaurant Brands International : Burger King says it never promised Impossible Whoppers w...â€¦ https://t.co/lglPK2jij4,2,Neutral
Resumen: SFL publica los resultados de 2019,2,Neutral
Retirement Portfolio With Many Sector And Global Funds. https://t.co/G0aDmuRZaR #stocks #finance #investing,2,Neutral
Reunion Gold Announces Change in Fiscal Year-End  https://t.co/w6lAuHY5lY,2,Neutral
Revealing The True Extent Of Exxon’s Natural Gas Blow Out,2,Neutral
"RevoluGROUP Canada Inc. Correction RedCHAPINA DA For RevoluPAY®, Update RevoluVIP Car Rentals And Cruises  https://t.co/coBgIidf2f",2,Neutral
Ridley : Managing Directors address to shareholders #Ridley #Stock #MarketScreener https://t.co/fjoLUsOYUK https://t.co/UXVKthM3qK,2,Neutral
Rio Tinto’s Giant Mongolia Project Dealt Another Blow,2,Neutral
RLH updates on asset sale,2,Neutral
RoboSense erhält Zertifizierung nach IATF 16949,2,Neutral
RoboSense Obtains IATF 16949 Certification,2,Neutral
Roche Presents Spinal Muscular Atrophy Drug Data,2,Neutral
Ronson Development : Report no 71 Purchase of own shares #RonsonDevelopment #Stock #MarketScreener… https://t.co/PLe8coXt0V,2,Neutral
Royal Dutch Shell plc Transaction In Own Shares #RoyalDutchShell #Stock #MarketScreener https://t.co/DNVHVucNPD https://t.co/M7c24H5Rts,2,Neutral
RPT-UPDATE 2-Alibaba to price shares at HK$176 in $12.9 bln Hong Kong listing - sources,2,Neutral
RRD Partners with Microsoft Store to Boost In-Store Marketing Efforts,2,Neutral
Ryanair Is a Polluting Airline. There's No Hiding That Fact,2,Neutral
SAExploration gets Nasdaq non-compliance letter,2,Neutral
Salarius Pharma files for equity offering,2,Neutral
Salesforce Conference Interrupted by Immigration Protesters,2,Neutral
Salesforce on watch as DreamForce event ramps up,2,Neutral
Salesforce to use Amazon AI technology to improve call center services,2,Neutral
"Salesforce, Amazon taking on RingCentral",2,Neutral
"Samenvatting: Japanse NEDO en Panasonic behalen ‘s werelds hoogste conversie-efficiëntie van 16,09% voor grootste zonnecelmodule met Perovskite per gebied",2,Neutral
San Jose Water Files Application for Investment in Advanced Metering Infrastructure https://t.co/epwLO7RJwJ,2,Neutral
"Santana Minerals : Petrology Confirms Nickel, Cobalt and Copper Sulphides- Laos #SantanaMinerals #Stock… https://t.co/iFuAAs9x2O",2,Neutral
Sappi : joins Cepi in the 4evergreen alliance to boost the contribution of fibre-based pac... #Sappi #Stock… https://t.co/k9qn8c1Ls2,2,Neutral
SASA Polyester Sanayi A.Ş. Selects INVISTA PTA Technology,2,Neutral
SASA聚酯选用英威达PTA技术,2,Neutral
Schwab aims for more than survival with $26bn Ameritrade deal https://t.co/gjv4BA3ZiE,2,Neutral
Schwab bulks up for fee war with $26bn TD Ameritrade deal https://t.co/LHKK0AMbRF,2,Neutral
"Science, tech investor Kairos Ventures launches second fundraise of the year, could collect up to $250m",2,Neutral
Sears' Eddie Lampert looks to regain full ownership of Sears Hometown and Outlet Stores,2,Neutral
SeaSpine teams up with 7D Surgical to integrate product offerings,2,Neutral
SEBI Issues Performance Benchmarking Guidelines For Alternative Investment Funds,2,Neutral
Sensus Recognized for Innovation at Smart Utility Summit,2,Neutral
SFL publiceert recordresultaten voor 2019,2,Neutral
SGS : Helps Uruguay Customs Detect Major Drug Smuggling Operation #SGS #Stock #MarketScreener… https://t.co/d9Xs6eTJYD,2,Neutral
Shelf Drilling : USDA's Recommendations for a Safe Thanksgiving #ShelfDrilling #Stock #MarketScreener… https://t.co/sLa64XAoNX,2,Neutral
Shell pushes to power with plans for first big solar plant,2,Neutral
Shell to continue search in renewables after losing Eneco tender https://t.co/QIPyFGvOWd https://t.co/H4xKLYjdvO,2,Neutral
"Sherwin details $600M plan for new HQ, R&D center",2,Neutral
Shree Minerals : Golden Chimney Exploration Update #ShreeMinerals #Stock #MarketScreener https://t.co/yzgeROuSyy https://t.co/6loiAtgU0u,2,Neutral
Sienna Cancer Diagnostics : Key Terms of CEO/Managing Director Employment Contract #SiennaCancerDiagnostics #Stock… https://t.co/g0J3hXxRYg,2,Neutral
"SIIC Environment : to Build 3,800 tonnes per day Waste Treatment Project in Shanghai, PRC #SIIC #Stock… https://t.co/sUL4Oigfu7",2,Neutral
Sino Harbour : VOLUNTARY ANNOUNCEMENT-INCREASE IN SHAREHOLDINGS BY A SUBSTANTIAL SHAREHOLDER #SinoHarbour #Stock… https://t.co/96y1qXs4Fb,2,Neutral
Skanska : Co-creating solutions to reduce the industry's carbon footprint #Skanska #Stock #MarketScreener… https://t.co/9nyStnrT3l,2,Neutral
Skyworks : Statement of changes in beneficial ownership of securities #Skyworks #Stock #MarketScreener… https://t.co/LDfZBIMju4,2,Neutral
Smart Cannabis Cultivators are Leveraging Natural Gas to Cut HVAC Costs up to 80%,2,Neutral
Soapbox: A small business with some big partners,2,Neutral
SocGen Pledges Higher Returns After Dropping Profit Target,2,Neutral
SocGen Pledges Higher Returns After Signaling It May Miss Target,2,Neutral
Societatea Energetica Electrica : Current report &ndash; BoD member renunciation &ndash; 1...… https://t.co/X5zMjjyNqM,2,Neutral
"SoftBank combining Yahoo Japan, Line Corp",2,Neutral
SoftBank launched a long-awaited $3 billion tender offer for WeWork stock https://t.co/gpotD3TlHu,2,Neutral
SoftBank launches robotic vacuum in U.S.,2,Neutral
Softbank leads $140 million funding round for Brazil start-up VTEX #economy #MarketScreener https://t.co/6SyhuFXK6o https://t.co/B8LV7okcVa,2,Neutral
SoftBank Said to Go Ahead With WeWork Stock Tender Offer:Reuters https://t.co/ai9OYBibdD,2,Neutral
SoftBank to Create Japan Internet Giant to Battle Global Rivals,2,Neutral
SoftBank to go ahead with WeWork stock tender offer this week #economy #MarketScreener https://t.co/MQFbUV0mnl https://t.co/l4UmkBixZV,2,Neutral
SoftBank unveils a $184 million initiative to accelerate AI research https://t.co/0tsvtEjk1R,2,Neutral
SoftBank-backed Paytm raises $1 billion in fresh funding https://t.co/lYCXkrozmW https://t.co/988P07IWob,2,Neutral
Software Acquisition prices $130M initial public offering,2,Neutral
Sophos : Form 8.5 (EPT/RI)Sophos Group plc_Replacement #Sophos #Stock #MarketScreener https://t.co/hz8AM6PHyY https://t.co/PEDqE4XEWt,2,Neutral
Sorrento Therapeutics : Simplified registration form #SorrentoTherapeutics #Stock #MarketScreener… https://t.co/lhFzM5cjVe,2,Neutral
Sotherly Hotels Inc. Announces Relocation of Corporate Headquarters  https://t.co/xn5xjkNDq1,2,Neutral
Sourcewater Launches DirtWork AlertTM Satellite Intelligence for Permian Basin Sitework,2,Neutral
"South African Airways Cuts Foreign, Local Routes to Stay Afloat",2,Neutral
Southern : Georgia Power Says Final Containment Ring Placed at Vogtle Unit Nuclear Project #Southern #Stock… https://t.co/r6JYUmOlcG,2,Neutral
Spence Mullis Named Community Banker of the Year  https://t.co/SkrzZxjwMg,2,Neutral
Spill contained at Shell's Puget Sound refinery,2,Neutral
Spoiling Tesla’s Rally Could Come Down to Upcoming Catalysts,2,Neutral
Spot on once again! #ES_F $SPY guidance matters when it comes to taking individual trades.. https://t.co/b7vjQOiHxO,2,Neutral
"Spotify, the world’s most popular paid music streaming service, will suspend political advertisements in 2020. More… https://t.co/6RAq8rN8cx",2,Neutral
Spotify-Backer Northzone Raises $500 Million for New Investments,2,Neutral
Sprout Social goes public,2,Neutral
Square's Getting Serious About E-Commerce,2,Neutral
Standard Life Aberdeen : Form 8.3 - Cobham plc #StandardLifeAberdeen #Stock #MarketScreener https://t.co/ZfOZ5EbPiV https://t.co/2ldrO4Rjvw,2,Neutral
Stein Mart looks for edge with jewelry,2,Neutral
Stride Property : HY20 Interim Report and Results #StrideProperty #Stock #MarketScreener https://t.co/XLYNhr5bs9 https://t.co/zWeNrM8gAO,2,Neutral
Strike On Tuesday Looms For Canadian National After Teamsters Sends Notice To Company,2,Neutral
Sunni Waqf Board To Meet On Tuesday To Discuss  Ayodhya Review Plea Filing,2,Neutral
SunPower launches 22M-share public offering,2,Neutral
SunPower selected to build JFK Airport solar project,2,Neutral
SunPower to offer 22 mln common shares to the public,2,Neutral
Sutter Rock Capital Corp. Announces Expiration and Final Results of Modified Dutch Auction Tender Offer to Repurcha… https://t.co/E3GKssFpdX,2,Neutral
Svante and Chevron Technology Ventures Launch Study for Carbon Capture Pilot Unit,2,Neutral
Sweden says U.S. interest in Ericsson logical for 5G capability,2,Neutral
TAAL Announces Appointment of Auditor https://t.co/1fH6gwlJRh,2,Neutral
Tachyum CEO Dr. Radoslav Danilak Discusses ‘Bringing Slovakia to the Forefront of the Digital Age’ at CEO Forum,2,Neutral
Taco Bell dives into the fried chicken wars with its Crispy Tortilla Chicken https://t.co/aKjYzVl9jv by @heidi_chung https://t.co/lv0Iv2cHQz,2,Neutral
"Taco Bell wants you to take its tacos, stick them in a blender and serve them as bisque on Thanksgiving… https://t.co/htgMaQulDq",2,Neutral
Taiwan Fund : Announces Share Repurchases under its Discount Management Policy from Novemb... #TaiwanFund #Stock… https://t.co/pP2MXVbsOk,2,Neutral
Target steps up same-day delivery options,2,Neutral
"Tata Steel plans to cut up to 3,000 European jobs",2,Neutral
TD sees no rate hikes by G-10 central banks next year,2,Neutral
Teledyne to Present at the Cowen Aerospace/Defense & Industrials Conference,2,Neutral
Telenor says Huawei will still play role in 5G rollout,2,Neutral
Telix Pharmaceuticals : Webcast of CEO presentation to Jefferies Conference #TelixPharmaceuticals #Stock… https://t.co/byNSIkQ6op,2,Neutral
Tencent In Talks to Form Consortium for Universal Music Group Stake,2,Neutral
Tensions are mounting between Credit Suisse Chairman Urs Rohner and CEO Tidjane Thiam ahead of a board meeting next... https://t.co/MgIdMvc4TQ,2,Neutral
Terna S p A : and consumer associations work together to strengthen collaboration and dial... #TernaSpA #Stock... https://t.co/WlKey5gvh5,2,Neutral
Tesco Asks Thai Tycoons for Next-Round Bids for Asia Unit,2,Neutral
"Tesla Chief Executive Elon Musk unveils the company’s electric Cybertruck, venturing into the pickup truck market,… https://t.co/ZmEo7wtHTQ",2,Neutral
Tesla Cybertruck: 5 important questions about the polarizing EV https://t.co/71KKuvkr2q,2,Neutral
Tesla just unveiled its first electric pickup: The Cybertruck. The truck boasts 300 miles of range and will come wi… https://t.co/uuFv0hiumU,2,Neutral
Tesla Remotely Removed Autopilot From A User's Car Without Telling Them: Report,2,Neutral
Tesla Set to Bulk Up the World’s Largest Lithium-Ion Battery,2,Neutral
Tesla unveiled a new electric pickup truck called Cybertruck yesterday. But the truck’s futuristic design polarized… https://t.co/e70Lm0m1dy,2,Neutral
Tesla: How Much Is Hype and How Much Is Real?,2,Neutral
Tesla's Autopilot could save millions of lives — but it will also kill some people first. More @BW… https://t.co/UuIyidmZ5O,2,Neutral
Tesla's Cybertruck has arrived and it looks nothing like any pickup truck you've ever seen. But a demonstration of… https://t.co/QeXN1M7oSE,2,Neutral
"Tesla's demo of its first electric pickup didn't go quite according to plan. The ""Tesla armor glass"" windows shatte… https://t.co/8Ysj4aMSfa",2,Neutral
"Tesla's made-in-China cars will qualify for subsidies there, a potential boon for the company https://t.co/7jDzEbGCsP",2,Neutral
Teva inks early-stage drug research deals,2,Neutral
"Teva, drugmakers in talks With U.S. to end generics probes https://t.co/Gq01nHEEaP via @business https://t.co/M0ICENAbiX",2,Neutral
TFF Pharmaceuticals : Corporate Presentation #TFFPharmaceuticals #Stock #MarketScreener https://t.co/NfQGrwKVpt https://t.co/J3JGDaVmjG,2,Neutral
That Odd Kroger Partnership With Walgreens Just Got Weirder,2,Neutral
The David Rubenstein Show: Bank of America CEO Brian Moynihan,2,Neutral
"The Executive VP & Chief Commercial Officer of Corteva, Inc. (NYSE:CTVA), Timothy  Glenn, Just Bought 6.7% More Shares",2,Neutral
"'The Irishman' drew a solid audience for Netflix with a budget of just over $150 million, despite people complainin… https://t.co/ahD62e7PwZ",2,Neutral
The Medicines Company's inclisiran shows positive effect in HeFH study,2,Neutral
The salary information released by Intel today isn’t flattering — and is information the company didn't have to sha… https://t.co/FogrP4UOV5,2,Neutral
The Silver Lining in Ford's Struggling Chinese Market,2,Neutral
The Splunk Data-to-Everything Platform Brings Speed and Scale to McLaren,2,Neutral
The three major Democratic committees blasted Google for an ad policy that will allow politicians to run false ads… https://t.co/TMPBUdH9FB,2,Neutral
These 4 Measures Indicate That Odfjell (OB:ODF) Is Using Debt Extensively,2,Neutral
This company in Dubai is taking the oil used to cook McDonald's fries and chicken nuggets and turning it into biodi... https://t.co/IqyONQVAFx,2,Neutral
This startup makes a meat alternative out of thin air https://t.co/BSTzaP5OdB by @bridgetteAwebb https://t.co/s9zI30ZJB5,2,Neutral
Thomson Resources : AGM - Chairman's Address #ThomsonResources #Stock #MarketScreener https://t.co/iWZBpJ0Eza https://t.co/DojMz764jO,2,Neutral
Tightrope Thiam: comeback CEO stung by a spying scandal,2,Neutral
"Tilray Launches Canadian Cannabis 2.0 Products, Completes First Export Of Medical Cannabis Extract To Switzerland",2,Neutral
Tinyclues accélère sa croissance en 2019,2,Neutral
T-Mobile CEO: 'Was never having discussions' to run WeWork,2,Neutral
Tough road seen for LaCroix,2,Neutral
TPG-backed NewQuest hits $1bn final close for Asia Fund IV,2,Neutral
Transnet Outlines Plans for Cheaper Coal to Eskom,2,Neutral
Trayport to provide trading platform for Bulgaria's gas bourse,2,Neutral
Trevena reports results from special population studies for oliceridine,2,Neutral
"Troy Income & Growth Trust : U.S. Dairy Industry Commends Breakthrough on USMCA, Urges Swift Passage of Deal… https://t.co/78LUyoVp0S",2,Neutral
TUI and Royal Caribbean Expand Cruise Partnership With $1.3 Billion Deal,2,Neutral
Tupperware opens first-ever store in NYC's Soho neighborhood,2,Neutral
Twitter : Statement of Changes in Beneficial Ownership #Twitter #Stock #MarketScreener https://t.co/SO1GpndMW4 https://t.co/Y1SH7aSxz9,2,Neutral
Twitter CEO Jack Dorsey is funding a small team to chase his idealistic vision for social media https://t.co/TeectcBqHT,2,Neutral
Twitter is now letting people hide unwanted replies to their tweets as part of a broader effort to make the platfor… https://t.co/rYtx0jem05,2,Neutral
Two Amazon Locations in Germany Face Strikes Ahead of Christmas,2,Neutral
Two of the leaders of the online brokerage industry are merging. Charles Schwab agreed to buy TD Ameritrade for $26… https://t.co/OFZtW5YR5n,2,Neutral
Two-Year-Old Cloud-Security Startup Clumio Raises $135 Million,2,Neutral
Tyson Foods : Nudges Dog Treats Turns Unwanted Holiday Gifts into Fido's Favorite Toy #TysonFoods #Stock… https://t.co/Qu0xG2MBff,2,Neutral
U.K.’s Largest Pension Fund Plans to Halve Hedge-Fund Holdings,2,Neutral
U.S.-based chip-tech group moving to Switzerland over trade curb fears #economy #MarketScreener… https://t.co/DJJTQB9Hhe,2,Neutral
Uber helicopter rides to from Manhattan to JFK International Airport were briefly cheaper than by car https://t.co/DBtx9lfjWz,2,Neutral
Uber Plans to Appeal London License Ban,2,Neutral
Uber ready to join FANG after earnings - RBC,2,Neutral
Uber submits appeal to regain London taxi license,2,Neutral
Uber Technologies : Correction to story on Uber's reports of sexual assault #UberTechnologies #Stock… https://t.co/i4FjeC7F2x,2,Neutral
Uber Technologies : Driving Change- Working Together to End Gender-Based Violence #UberTechnologies #Stock… https://t.co/lTGeVzV524,2,Neutral
Uber Technologies : Safety Report Details Sexual Assaults in U.S. Over Two Years -- Update... #UberTechnologies… https://t.co/ysgIsoXwoK,2,Neutral
United Shore gives away Cadillacs to 13 employees after record-breaking year,2,Neutral
UnitedHealthcare to Open Member Medicare Services Centers in Select Walgreens Stores,2,Neutral
"Unlike its competitors, @MakerDAO isn't backed by government-issued currencies, but by other cryptocurrencies.  https://t.co/3GCSvHl8ry",2,Neutral
Unusual Ventures races to $400m final close for Fund II,2,Neutral
UPDATE – AffaMed Therapeutics Receives NMPA Approval to Initiate Phase III Clinical Trial in China with Herceptin®… https://t.co/e6GqTwFBn0,2,Neutral
UPDATE 1-Alibaba to close books early in $13.4 bln Hong Kong listing after strong demand -sources,2,Neutral
UPDATE 1-Alibaba will raise up to $12.9 bln in Hong Kong listing -sources,2,Neutral
UPDATE 1-Apple starts construction of new $1 billion campus in Texas,2,Neutral
UPDATE 1-Emirates announces $16 bln order for 50 Airbus A350 planes,2,Neutral
UPDATE 1-Emirates wants new Boeing jet put through 'hell on Earth' in testing,2,Neutral
UPDATE 1-Flydubai chairman says could still buy Airbus A320s to replace MAX jets,2,Neutral
"UPDATE 1-HollyFrontier to build biodiesel plant, buy back $1 bln in shares",2,Neutral
